seed	assay	model	fp	log_path	out_path
0	BSK_hDFCGF_VCAM1	dt	Layered	/home1/won0316/_RESEARCH/0817_Genotoxicity/1_Git_upload/ChemBAI/ToxCast_model/experiments/training/DART_MTL/logs/seed_multi/multi_BSK_hDFCGF_VCAM1_dt_Layered.log	/home1/won0316/_RESEARCH/0817_Genotoxicity/1_Git_upload/ChemBAI/ToxCast_model/experiments/training/DART_MTL/results/backup/seed_0/BSK_hDFCGF_VCAM1_dt_Layered/model.joblib
1	BSK_hDFCGF_VCAM1	dt	Layered	/home1/won0316/_RESEARCH/0817_Genotoxicity/1_Git_upload/ChemBAI/ToxCast_model/experiments/training/DART_MTL/logs/seed_multi/multi_BSK_hDFCGF_VCAM1_dt_Layered.log	/home1/won0316/_RESEARCH/0817_Genotoxicity/1_Git_upload/ChemBAI/ToxCast_model/experiments/training/DART_MTL/results/backup/seed_1/BSK_hDFCGF_VCAM1_dt_Layered/model.joblib
2	BSK_hDFCGF_VCAM1	dt	Layered	/home1/won0316/_RESEARCH/0817_Genotoxicity/1_Git_upload/ChemBAI/ToxCast_model/experiments/training/DART_MTL/logs/seed_multi/multi_BSK_hDFCGF_VCAM1_dt_Layered.log	/home1/won0316/_RESEARCH/0817_Genotoxicity/1_Git_upload/ChemBAI/ToxCast_model/experiments/training/DART_MTL/results/backup/seed_2/BSK_hDFCGF_VCAM1_dt_Layered/model.joblib
0	BSK_hDFCGF_VCAM1	dt	Pattern	/home1/won0316/_RESEARCH/0817_Genotoxicity/1_Git_upload/ChemBAI/ToxCast_model/experiments/training/DART_MTL/logs/seed_multi/multi_BSK_hDFCGF_VCAM1_dt_Pattern.log	/home1/won0316/_RESEARCH/0817_Genotoxicity/1_Git_upload/ChemBAI/ToxCast_model/experiments/training/DART_MTL/results/backup/seed_0/BSK_hDFCGF_VCAM1_dt_Pattern/model.joblib
1	BSK_hDFCGF_VCAM1	dt	Pattern	/home1/won0316/_RESEARCH/0817_Genotoxicity/1_Git_upload/ChemBAI/ToxCast_model/experiments/training/DART_MTL/logs/seed_multi/multi_BSK_hDFCGF_VCAM1_dt_Pattern.log	/home1/won0316/_RESEARCH/0817_Genotoxicity/1_Git_upload/ChemBAI/ToxCast_model/experiments/training/DART_MTL/results/backup/seed_1/BSK_hDFCGF_VCAM1_dt_Pattern/model.joblib
2	BSK_hDFCGF_VCAM1	dt	Pattern	/home1/won0316/_RESEARCH/0817_Genotoxicity/1_Git_upload/ChemBAI/ToxCast_model/experiments/training/DART_MTL/logs/seed_multi/multi_BSK_hDFCGF_VCAM1_dt_Pattern.log	/home1/won0316/_RESEARCH/0817_Genotoxicity/1_Git_upload/ChemBAI/ToxCast_model/experiments/training/DART_MTL/results/backup/seed_2/BSK_hDFCGF_VCAM1_dt_Pattern/model.joblib
1	BSK_hDFCGF_VCAM1	dt	RDKit	/home1/won0316/_RESEARCH/0817_Genotoxicity/1_Git_upload/ChemBAI/ToxCast_model/experiments/training/DART_MTL/logs/seed_multi/multi_BSK_hDFCGF_VCAM1_dt_RDKit.log	/home1/won0316/_RESEARCH/0817_Genotoxicity/1_Git_upload/ChemBAI/ToxCast_model/experiments/training/DART_MTL/results/backup/seed_1/BSK_hDFCGF_VCAM1_dt_RDKit/model.joblib
2	BSK_hDFCGF_VCAM1	dt	RDKit	/home1/won0316/_RESEARCH/0817_Genotoxicity/1_Git_upload/ChemBAI/ToxCast_model/experiments/training/DART_MTL/logs/seed_multi/multi_BSK_hDFCGF_VCAM1_dt_RDKit.log	/home1/won0316/_RESEARCH/0817_Genotoxicity/1_Git_upload/ChemBAI/ToxCast_model/experiments/training/DART_MTL/results/backup/seed_2/BSK_hDFCGF_VCAM1_dt_RDKit/model.joblib
0	BSK_hDFCGF_VCAM1	gbt	Layered	/home1/won0316/_RESEARCH/0817_Genotoxicity/1_Git_upload/ChemBAI/ToxCast_model/experiments/training/DART_MTL/logs/seed_multi/multi_BSK_hDFCGF_VCAM1_gbt_Layered.log	/home1/won0316/_RESEARCH/0817_Genotoxicity/1_Git_upload/ChemBAI/ToxCast_model/experiments/training/DART_MTL/results/backup/seed_0/BSK_hDFCGF_VCAM1_gbt_Layered/model.joblib
1	BSK_hDFCGF_VCAM1	gbt	Layered	/home1/won0316/_RESEARCH/0817_Genotoxicity/1_Git_upload/ChemBAI/ToxCast_model/experiments/training/DART_MTL/logs/seed_multi/multi_BSK_hDFCGF_VCAM1_gbt_Layered.log	/home1/won0316/_RESEARCH/0817_Genotoxicity/1_Git_upload/ChemBAI/ToxCast_model/experiments/training/DART_MTL/results/backup/seed_1/BSK_hDFCGF_VCAM1_gbt_Layered/model.joblib
2	BSK_hDFCGF_VCAM1	gbt	Layered	/home1/won0316/_RESEARCH/0817_Genotoxicity/1_Git_upload/ChemBAI/ToxCast_model/experiments/training/DART_MTL/logs/seed_multi/multi_BSK_hDFCGF_VCAM1_gbt_Layered.log	/home1/won0316/_RESEARCH/0817_Genotoxicity/1_Git_upload/ChemBAI/ToxCast_model/experiments/training/DART_MTL/results/backup/seed_2/BSK_hDFCGF_VCAM1_gbt_Layered/model.joblib
0	BSK_hDFCGF_VCAM1	gbt	MACCS	/home1/won0316/_RESEARCH/0817_Genotoxicity/1_Git_upload/ChemBAI/ToxCast_model/experiments/training/DART_MTL/logs/seed_multi/multi_BSK_hDFCGF_VCAM1_gbt_MACCS.log	/home1/won0316/_RESEARCH/0817_Genotoxicity/1_Git_upload/ChemBAI/ToxCast_model/experiments/training/DART_MTL/results/backup/seed_0/BSK_hDFCGF_VCAM1_gbt_MACCS/model.joblib
1	BSK_hDFCGF_VCAM1	gbt	MACCS	/home1/won0316/_RESEARCH/0817_Genotoxicity/1_Git_upload/ChemBAI/ToxCast_model/experiments/training/DART_MTL/logs/seed_multi/multi_BSK_hDFCGF_VCAM1_gbt_MACCS.log	/home1/won0316/_RESEARCH/0817_Genotoxicity/1_Git_upload/ChemBAI/ToxCast_model/experiments/training/DART_MTL/results/backup/seed_1/BSK_hDFCGF_VCAM1_gbt_MACCS/model.joblib
2	BSK_hDFCGF_VCAM1	gbt	MACCS	/home1/won0316/_RESEARCH/0817_Genotoxicity/1_Git_upload/ChemBAI/ToxCast_model/experiments/training/DART_MTL/logs/seed_multi/multi_BSK_hDFCGF_VCAM1_gbt_MACCS.log	/home1/won0316/_RESEARCH/0817_Genotoxicity/1_Git_upload/ChemBAI/ToxCast_model/experiments/training/DART_MTL/results/backup/seed_2/BSK_hDFCGF_VCAM1_gbt_MACCS/model.joblib
0	BSK_hDFCGF_VCAM1	gbt	Morgan	/home1/won0316/_RESEARCH/0817_Genotoxicity/1_Git_upload/ChemBAI/ToxCast_model/experiments/training/DART_MTL/logs/seed_multi/multi_BSK_hDFCGF_VCAM1_gbt_Morgan.log	/home1/won0316/_RESEARCH/0817_Genotoxicity/1_Git_upload/ChemBAI/ToxCast_model/experiments/training/DART_MTL/results/backup/seed_0/BSK_hDFCGF_VCAM1_gbt_Morgan/model.joblib
1	BSK_hDFCGF_VCAM1	gbt	Morgan	/home1/won0316/_RESEARCH/0817_Genotoxicity/1_Git_upload/ChemBAI/ToxCast_model/experiments/training/DART_MTL/logs/seed_multi/multi_BSK_hDFCGF_VCAM1_gbt_Morgan.log	/home1/won0316/_RESEARCH/0817_Genotoxicity/1_Git_upload/ChemBAI/ToxCast_model/experiments/training/DART_MTL/results/backup/seed_1/BSK_hDFCGF_VCAM1_gbt_Morgan/model.joblib
2	BSK_hDFCGF_VCAM1	gbt	Morgan	/home1/won0316/_RESEARCH/0817_Genotoxicity/1_Git_upload/ChemBAI/ToxCast_model/experiments/training/DART_MTL/logs/seed_multi/multi_BSK_hDFCGF_VCAM1_gbt_Morgan.log	/home1/won0316/_RESEARCH/0817_Genotoxicity/1_Git_upload/ChemBAI/ToxCast_model/experiments/training/DART_MTL/results/backup/seed_2/BSK_hDFCGF_VCAM1_gbt_Morgan/model.joblib
0	BSK_hDFCGF_VCAM1	gbt	Pattern	/home1/won0316/_RESEARCH/0817_Genotoxicity/1_Git_upload/ChemBAI/ToxCast_model/experiments/training/DART_MTL/logs/seed_multi/multi_BSK_hDFCGF_VCAM1_gbt_Pattern.log	/home1/won0316/_RESEARCH/0817_Genotoxicity/1_Git_upload/ChemBAI/ToxCast_model/experiments/training/DART_MTL/results/backup/seed_0/BSK_hDFCGF_VCAM1_gbt_Pattern/model.joblib
1	BSK_hDFCGF_VCAM1	gbt	Pattern	/home1/won0316/_RESEARCH/0817_Genotoxicity/1_Git_upload/ChemBAI/ToxCast_model/experiments/training/DART_MTL/logs/seed_multi/multi_BSK_hDFCGF_VCAM1_gbt_Pattern.log	/home1/won0316/_RESEARCH/0817_Genotoxicity/1_Git_upload/ChemBAI/ToxCast_model/experiments/training/DART_MTL/results/backup/seed_1/BSK_hDFCGF_VCAM1_gbt_Pattern/model.joblib
2	BSK_hDFCGF_VCAM1	gbt	Pattern	/home1/won0316/_RESEARCH/0817_Genotoxicity/1_Git_upload/ChemBAI/ToxCast_model/experiments/training/DART_MTL/logs/seed_multi/multi_BSK_hDFCGF_VCAM1_gbt_Pattern.log	/home1/won0316/_RESEARCH/0817_Genotoxicity/1_Git_upload/ChemBAI/ToxCast_model/experiments/training/DART_MTL/results/backup/seed_2/BSK_hDFCGF_VCAM1_gbt_Pattern/model.joblib
0	BSK_hDFCGF_VCAM1	gbt	RDKit	/home1/won0316/_RESEARCH/0817_Genotoxicity/1_Git_upload/ChemBAI/ToxCast_model/experiments/training/DART_MTL/logs/seed_multi/multi_BSK_hDFCGF_VCAM1_gbt_RDKit.log	/home1/won0316/_RESEARCH/0817_Genotoxicity/1_Git_upload/ChemBAI/ToxCast_model/experiments/training/DART_MTL/results/backup/seed_0/BSK_hDFCGF_VCAM1_gbt_RDKit/model.joblib
1	BSK_hDFCGF_VCAM1	gbt	RDKit	/home1/won0316/_RESEARCH/0817_Genotoxicity/1_Git_upload/ChemBAI/ToxCast_model/experiments/training/DART_MTL/logs/seed_multi/multi_BSK_hDFCGF_VCAM1_gbt_RDKit.log	/home1/won0316/_RESEARCH/0817_Genotoxicity/1_Git_upload/ChemBAI/ToxCast_model/experiments/training/DART_MTL/results/backup/seed_1/BSK_hDFCGF_VCAM1_gbt_RDKit/model.joblib
2	BSK_hDFCGF_VCAM1	gbt	RDKit	/home1/won0316/_RESEARCH/0817_Genotoxicity/1_Git_upload/ChemBAI/ToxCast_model/experiments/training/DART_MTL/logs/seed_multi/multi_BSK_hDFCGF_VCAM1_gbt_RDKit.log	/home1/won0316/_RESEARCH/0817_Genotoxicity/1_Git_upload/ChemBAI/ToxCast_model/experiments/training/DART_MTL/results/backup/seed_2/BSK_hDFCGF_VCAM1_gbt_RDKit/model.joblib
0	BSK_hDFCGF_VCAM1	logistic	Layered	/home1/won0316/_RESEARCH/0817_Genotoxicity/1_Git_upload/ChemBAI/ToxCast_model/experiments/training/DART_MTL/logs/seed_multi/multi_BSK_hDFCGF_VCAM1_logistic_Layered.log	/home1/won0316/_RESEARCH/0817_Genotoxicity/1_Git_upload/ChemBAI/ToxCast_model/experiments/training/DART_MTL/results/backup/seed_0/BSK_hDFCGF_VCAM1_logistic_Layered/model.joblib
1	BSK_hDFCGF_VCAM1	logistic	Layered	/home1/won0316/_RESEARCH/0817_Genotoxicity/1_Git_upload/ChemBAI/ToxCast_model/experiments/training/DART_MTL/logs/seed_multi/multi_BSK_hDFCGF_VCAM1_logistic_Layered.log	/home1/won0316/_RESEARCH/0817_Genotoxicity/1_Git_upload/ChemBAI/ToxCast_model/experiments/training/DART_MTL/results/backup/seed_1/BSK_hDFCGF_VCAM1_logistic_Layered/model.joblib
2	BSK_hDFCGF_VCAM1	logistic	Layered	/home1/won0316/_RESEARCH/0817_Genotoxicity/1_Git_upload/ChemBAI/ToxCast_model/experiments/training/DART_MTL/logs/seed_multi/multi_BSK_hDFCGF_VCAM1_logistic_Layered.log	/home1/won0316/_RESEARCH/0817_Genotoxicity/1_Git_upload/ChemBAI/ToxCast_model/experiments/training/DART_MTL/results/backup/seed_2/BSK_hDFCGF_VCAM1_logistic_Layered/model.joblib
0	BSK_hDFCGF_VCAM1	logistic	MACCS	/home1/won0316/_RESEARCH/0817_Genotoxicity/1_Git_upload/ChemBAI/ToxCast_model/experiments/training/DART_MTL/logs/seed_multi/multi_BSK_hDFCGF_VCAM1_logistic_MACCS.log	/home1/won0316/_RESEARCH/0817_Genotoxicity/1_Git_upload/ChemBAI/ToxCast_model/experiments/training/DART_MTL/results/backup/seed_0/BSK_hDFCGF_VCAM1_logistic_MACCS/model.joblib
1	BSK_hDFCGF_VCAM1	logistic	MACCS	/home1/won0316/_RESEARCH/0817_Genotoxicity/1_Git_upload/ChemBAI/ToxCast_model/experiments/training/DART_MTL/logs/seed_multi/multi_BSK_hDFCGF_VCAM1_logistic_MACCS.log	/home1/won0316/_RESEARCH/0817_Genotoxicity/1_Git_upload/ChemBAI/ToxCast_model/experiments/training/DART_MTL/results/backup/seed_1/BSK_hDFCGF_VCAM1_logistic_MACCS/model.joblib
2	BSK_hDFCGF_VCAM1	logistic	MACCS	/home1/won0316/_RESEARCH/0817_Genotoxicity/1_Git_upload/ChemBAI/ToxCast_model/experiments/training/DART_MTL/logs/seed_multi/multi_BSK_hDFCGF_VCAM1_logistic_MACCS.log	/home1/won0316/_RESEARCH/0817_Genotoxicity/1_Git_upload/ChemBAI/ToxCast_model/experiments/training/DART_MTL/results/backup/seed_2/BSK_hDFCGF_VCAM1_logistic_MACCS/model.joblib
0	BSK_hDFCGF_VCAM1	logistic	Morgan	/home1/won0316/_RESEARCH/0817_Genotoxicity/1_Git_upload/ChemBAI/ToxCast_model/experiments/training/DART_MTL/logs/seed_multi/multi_BSK_hDFCGF_VCAM1_logistic_Morgan.log	/home1/won0316/_RESEARCH/0817_Genotoxicity/1_Git_upload/ChemBAI/ToxCast_model/experiments/training/DART_MTL/results/backup/seed_0/BSK_hDFCGF_VCAM1_logistic_Morgan/model.joblib
1	BSK_hDFCGF_VCAM1	logistic	Morgan	/home1/won0316/_RESEARCH/0817_Genotoxicity/1_Git_upload/ChemBAI/ToxCast_model/experiments/training/DART_MTL/logs/seed_multi/multi_BSK_hDFCGF_VCAM1_logistic_Morgan.log	/home1/won0316/_RESEARCH/0817_Genotoxicity/1_Git_upload/ChemBAI/ToxCast_model/experiments/training/DART_MTL/results/backup/seed_1/BSK_hDFCGF_VCAM1_logistic_Morgan/model.joblib
2	BSK_hDFCGF_VCAM1	logistic	Morgan	/home1/won0316/_RESEARCH/0817_Genotoxicity/1_Git_upload/ChemBAI/ToxCast_model/experiments/training/DART_MTL/logs/seed_multi/multi_BSK_hDFCGF_VCAM1_logistic_Morgan.log	/home1/won0316/_RESEARCH/0817_Genotoxicity/1_Git_upload/ChemBAI/ToxCast_model/experiments/training/DART_MTL/results/backup/seed_2/BSK_hDFCGF_VCAM1_logistic_Morgan/model.joblib
0	BSK_hDFCGF_VCAM1	logistic	Pattern	/home1/won0316/_RESEARCH/0817_Genotoxicity/1_Git_upload/ChemBAI/ToxCast_model/experiments/training/DART_MTL/logs/seed_multi/multi_BSK_hDFCGF_VCAM1_logistic_Pattern.log	/home1/won0316/_RESEARCH/0817_Genotoxicity/1_Git_upload/ChemBAI/ToxCast_model/experiments/training/DART_MTL/results/backup/seed_0/BSK_hDFCGF_VCAM1_logistic_Pattern/model.joblib
1	BSK_hDFCGF_VCAM1	logistic	Pattern	/home1/won0316/_RESEARCH/0817_Genotoxicity/1_Git_upload/ChemBAI/ToxCast_model/experiments/training/DART_MTL/logs/seed_multi/multi_BSK_hDFCGF_VCAM1_logistic_Pattern.log	/home1/won0316/_RESEARCH/0817_Genotoxicity/1_Git_upload/ChemBAI/ToxCast_model/experiments/training/DART_MTL/results/backup/seed_1/BSK_hDFCGF_VCAM1_logistic_Pattern/model.joblib
2	BSK_hDFCGF_VCAM1	logistic	Pattern	/home1/won0316/_RESEARCH/0817_Genotoxicity/1_Git_upload/ChemBAI/ToxCast_model/experiments/training/DART_MTL/logs/seed_multi/multi_BSK_hDFCGF_VCAM1_logistic_Pattern.log	/home1/won0316/_RESEARCH/0817_Genotoxicity/1_Git_upload/ChemBAI/ToxCast_model/experiments/training/DART_MTL/results/backup/seed_2/BSK_hDFCGF_VCAM1_logistic_Pattern/model.joblib
0	BSK_hDFCGF_VCAM1	logistic	RDKit	/home1/won0316/_RESEARCH/0817_Genotoxicity/1_Git_upload/ChemBAI/ToxCast_model/experiments/training/DART_MTL/logs/seed_multi/multi_BSK_hDFCGF_VCAM1_logistic_RDKit.log	/home1/won0316/_RESEARCH/0817_Genotoxicity/1_Git_upload/ChemBAI/ToxCast_model/experiments/training/DART_MTL/results/backup/seed_0/BSK_hDFCGF_VCAM1_logistic_RDKit/model.joblib
1	BSK_hDFCGF_VCAM1	logistic	RDKit	/home1/won0316/_RESEARCH/0817_Genotoxicity/1_Git_upload/ChemBAI/ToxCast_model/experiments/training/DART_MTL/logs/seed_multi/multi_BSK_hDFCGF_VCAM1_logistic_RDKit.log	/home1/won0316/_RESEARCH/0817_Genotoxicity/1_Git_upload/ChemBAI/ToxCast_model/experiments/training/DART_MTL/results/backup/seed_1/BSK_hDFCGF_VCAM1_logistic_RDKit/model.joblib
2	BSK_hDFCGF_VCAM1	logistic	RDKit	/home1/won0316/_RESEARCH/0817_Genotoxicity/1_Git_upload/ChemBAI/ToxCast_model/experiments/training/DART_MTL/logs/seed_multi/multi_BSK_hDFCGF_VCAM1_logistic_RDKit.log	/home1/won0316/_RESEARCH/0817_Genotoxicity/1_Git_upload/ChemBAI/ToxCast_model/experiments/training/DART_MTL/results/backup/seed_2/BSK_hDFCGF_VCAM1_logistic_RDKit/model.joblib
0	BSK_hDFCGF_VCAM1	rf	Layered	/home1/won0316/_RESEARCH/0817_Genotoxicity/1_Git_upload/ChemBAI/ToxCast_model/experiments/training/DART_MTL/logs/seed_multi/multi_BSK_hDFCGF_VCAM1_rf_Layered.log	/home1/won0316/_RESEARCH/0817_Genotoxicity/1_Git_upload/ChemBAI/ToxCast_model/experiments/training/DART_MTL/results/backup/seed_0/BSK_hDFCGF_VCAM1_rf_Layered/model.joblib
1	BSK_hDFCGF_VCAM1	rf	Layered	/home1/won0316/_RESEARCH/0817_Genotoxicity/1_Git_upload/ChemBAI/ToxCast_model/experiments/training/DART_MTL/logs/seed_multi/multi_BSK_hDFCGF_VCAM1_rf_Layered.log	/home1/won0316/_RESEARCH/0817_Genotoxicity/1_Git_upload/ChemBAI/ToxCast_model/experiments/training/DART_MTL/results/backup/seed_1/BSK_hDFCGF_VCAM1_rf_Layered/model.joblib
2	BSK_hDFCGF_VCAM1	rf	Layered	/home1/won0316/_RESEARCH/0817_Genotoxicity/1_Git_upload/ChemBAI/ToxCast_model/experiments/training/DART_MTL/logs/seed_multi/multi_BSK_hDFCGF_VCAM1_rf_Layered.log	/home1/won0316/_RESEARCH/0817_Genotoxicity/1_Git_upload/ChemBAI/ToxCast_model/experiments/training/DART_MTL/results/backup/seed_2/BSK_hDFCGF_VCAM1_rf_Layered/model.joblib
0	BSK_hDFCGF_VCAM1	rf	MACCS	/home1/won0316/_RESEARCH/0817_Genotoxicity/1_Git_upload/ChemBAI/ToxCast_model/experiments/training/DART_MTL/logs/seed_multi/multi_BSK_hDFCGF_VCAM1_rf_MACCS.log	/home1/won0316/_RESEARCH/0817_Genotoxicity/1_Git_upload/ChemBAI/ToxCast_model/experiments/training/DART_MTL/results/backup/seed_0/BSK_hDFCGF_VCAM1_rf_MACCS/model.joblib
1	BSK_hDFCGF_VCAM1	rf	MACCS	/home1/won0316/_RESEARCH/0817_Genotoxicity/1_Git_upload/ChemBAI/ToxCast_model/experiments/training/DART_MTL/logs/seed_multi/multi_BSK_hDFCGF_VCAM1_rf_MACCS.log	/home1/won0316/_RESEARCH/0817_Genotoxicity/1_Git_upload/ChemBAI/ToxCast_model/experiments/training/DART_MTL/results/backup/seed_1/BSK_hDFCGF_VCAM1_rf_MACCS/model.joblib
2	BSK_hDFCGF_VCAM1	rf	MACCS	/home1/won0316/_RESEARCH/0817_Genotoxicity/1_Git_upload/ChemBAI/ToxCast_model/experiments/training/DART_MTL/logs/seed_multi/multi_BSK_hDFCGF_VCAM1_rf_MACCS.log	/home1/won0316/_RESEARCH/0817_Genotoxicity/1_Git_upload/ChemBAI/ToxCast_model/experiments/training/DART_MTL/results/backup/seed_2/BSK_hDFCGF_VCAM1_rf_MACCS/model.joblib
0	BSK_hDFCGF_VCAM1	rf	Morgan	/home1/won0316/_RESEARCH/0817_Genotoxicity/1_Git_upload/ChemBAI/ToxCast_model/experiments/training/DART_MTL/logs/seed_multi/multi_BSK_hDFCGF_VCAM1_rf_Morgan.log	/home1/won0316/_RESEARCH/0817_Genotoxicity/1_Git_upload/ChemBAI/ToxCast_model/experiments/training/DART_MTL/results/backup/seed_0/BSK_hDFCGF_VCAM1_rf_Morgan/model.joblib
1	BSK_hDFCGF_VCAM1	rf	Morgan	/home1/won0316/_RESEARCH/0817_Genotoxicity/1_Git_upload/ChemBAI/ToxCast_model/experiments/training/DART_MTL/logs/seed_multi/multi_BSK_hDFCGF_VCAM1_rf_Morgan.log	/home1/won0316/_RESEARCH/0817_Genotoxicity/1_Git_upload/ChemBAI/ToxCast_model/experiments/training/DART_MTL/results/backup/seed_1/BSK_hDFCGF_VCAM1_rf_Morgan/model.joblib
2	BSK_hDFCGF_VCAM1	rf	Morgan	/home1/won0316/_RESEARCH/0817_Genotoxicity/1_Git_upload/ChemBAI/ToxCast_model/experiments/training/DART_MTL/logs/seed_multi/multi_BSK_hDFCGF_VCAM1_rf_Morgan.log	/home1/won0316/_RESEARCH/0817_Genotoxicity/1_Git_upload/ChemBAI/ToxCast_model/experiments/training/DART_MTL/results/backup/seed_2/BSK_hDFCGF_VCAM1_rf_Morgan/model.joblib
0	BSK_hDFCGF_VCAM1	rf	Pattern	/home1/won0316/_RESEARCH/0817_Genotoxicity/1_Git_upload/ChemBAI/ToxCast_model/experiments/training/DART_MTL/logs/seed_multi/multi_BSK_hDFCGF_VCAM1_rf_Pattern.log	/home1/won0316/_RESEARCH/0817_Genotoxicity/1_Git_upload/ChemBAI/ToxCast_model/experiments/training/DART_MTL/results/backup/seed_0/BSK_hDFCGF_VCAM1_rf_Pattern/model.joblib
1	BSK_hDFCGF_VCAM1	rf	Pattern	/home1/won0316/_RESEARCH/0817_Genotoxicity/1_Git_upload/ChemBAI/ToxCast_model/experiments/training/DART_MTL/logs/seed_multi/multi_BSK_hDFCGF_VCAM1_rf_Pattern.log	/home1/won0316/_RESEARCH/0817_Genotoxicity/1_Git_upload/ChemBAI/ToxCast_model/experiments/training/DART_MTL/results/backup/seed_1/BSK_hDFCGF_VCAM1_rf_Pattern/model.joblib
2	BSK_hDFCGF_VCAM1	rf	Pattern	/home1/won0316/_RESEARCH/0817_Genotoxicity/1_Git_upload/ChemBAI/ToxCast_model/experiments/training/DART_MTL/logs/seed_multi/multi_BSK_hDFCGF_VCAM1_rf_Pattern.log	/home1/won0316/_RESEARCH/0817_Genotoxicity/1_Git_upload/ChemBAI/ToxCast_model/experiments/training/DART_MTL/results/backup/seed_2/BSK_hDFCGF_VCAM1_rf_Pattern/model.joblib
0	BSK_hDFCGF_VCAM1	rf	RDKit	/home1/won0316/_RESEARCH/0817_Genotoxicity/1_Git_upload/ChemBAI/ToxCast_model/experiments/training/DART_MTL/logs/seed_multi/multi_BSK_hDFCGF_VCAM1_rf_RDKit.log	/home1/won0316/_RESEARCH/0817_Genotoxicity/1_Git_upload/ChemBAI/ToxCast_model/experiments/training/DART_MTL/results/backup/seed_0/BSK_hDFCGF_VCAM1_rf_RDKit/model.joblib
1	BSK_hDFCGF_VCAM1	rf	RDKit	/home1/won0316/_RESEARCH/0817_Genotoxicity/1_Git_upload/ChemBAI/ToxCast_model/experiments/training/DART_MTL/logs/seed_multi/multi_BSK_hDFCGF_VCAM1_rf_RDKit.log	/home1/won0316/_RESEARCH/0817_Genotoxicity/1_Git_upload/ChemBAI/ToxCast_model/experiments/training/DART_MTL/results/backup/seed_1/BSK_hDFCGF_VCAM1_rf_RDKit/model.joblib
2	BSK_hDFCGF_VCAM1	rf	RDKit	/home1/won0316/_RESEARCH/0817_Genotoxicity/1_Git_upload/ChemBAI/ToxCast_model/experiments/training/DART_MTL/logs/seed_multi/multi_BSK_hDFCGF_VCAM1_rf_RDKit.log	/home1/won0316/_RESEARCH/0817_Genotoxicity/1_Git_upload/ChemBAI/ToxCast_model/experiments/training/DART_MTL/results/backup/seed_2/BSK_hDFCGF_VCAM1_rf_RDKit/model.joblib
0	BSK_hDFCGF_VCAM1	xgb	Layered	/home1/won0316/_RESEARCH/0817_Genotoxicity/1_Git_upload/ChemBAI/ToxCast_model/experiments/training/DART_MTL/logs/seed_multi/multi_BSK_hDFCGF_VCAM1_xgb_Layered.log	/home1/won0316/_RESEARCH/0817_Genotoxicity/1_Git_upload/ChemBAI/ToxCast_model/experiments/training/DART_MTL/results/backup/seed_0/BSK_hDFCGF_VCAM1_xgb_Layered/model.joblib
1	BSK_hDFCGF_VCAM1	xgb	Layered	/home1/won0316/_RESEARCH/0817_Genotoxicity/1_Git_upload/ChemBAI/ToxCast_model/experiments/training/DART_MTL/logs/seed_multi/multi_BSK_hDFCGF_VCAM1_xgb_Layered.log	/home1/won0316/_RESEARCH/0817_Genotoxicity/1_Git_upload/ChemBAI/ToxCast_model/experiments/training/DART_MTL/results/backup/seed_1/BSK_hDFCGF_VCAM1_xgb_Layered/model.joblib
2	BSK_hDFCGF_VCAM1	xgb	Layered	/home1/won0316/_RESEARCH/0817_Genotoxicity/1_Git_upload/ChemBAI/ToxCast_model/experiments/training/DART_MTL/logs/seed_multi/multi_BSK_hDFCGF_VCAM1_xgb_Layered.log	/home1/won0316/_RESEARCH/0817_Genotoxicity/1_Git_upload/ChemBAI/ToxCast_model/experiments/training/DART_MTL/results/backup/seed_2/BSK_hDFCGF_VCAM1_xgb_Layered/model.joblib
0	BSK_hDFCGF_VCAM1	xgb	MACCS	/home1/won0316/_RESEARCH/0817_Genotoxicity/1_Git_upload/ChemBAI/ToxCast_model/experiments/training/DART_MTL/logs/seed_multi/multi_BSK_hDFCGF_VCAM1_xgb_MACCS.log	/home1/won0316/_RESEARCH/0817_Genotoxicity/1_Git_upload/ChemBAI/ToxCast_model/experiments/training/DART_MTL/results/backup/seed_0/BSK_hDFCGF_VCAM1_xgb_MACCS/model.joblib
1	BSK_hDFCGF_VCAM1	xgb	MACCS	/home1/won0316/_RESEARCH/0817_Genotoxicity/1_Git_upload/ChemBAI/ToxCast_model/experiments/training/DART_MTL/logs/seed_multi/multi_BSK_hDFCGF_VCAM1_xgb_MACCS.log	/home1/won0316/_RESEARCH/0817_Genotoxicity/1_Git_upload/ChemBAI/ToxCast_model/experiments/training/DART_MTL/results/backup/seed_1/BSK_hDFCGF_VCAM1_xgb_MACCS/model.joblib
2	BSK_hDFCGF_VCAM1	xgb	MACCS	/home1/won0316/_RESEARCH/0817_Genotoxicity/1_Git_upload/ChemBAI/ToxCast_model/experiments/training/DART_MTL/logs/seed_multi/multi_BSK_hDFCGF_VCAM1_xgb_MACCS.log	/home1/won0316/_RESEARCH/0817_Genotoxicity/1_Git_upload/ChemBAI/ToxCast_model/experiments/training/DART_MTL/results/backup/seed_2/BSK_hDFCGF_VCAM1_xgb_MACCS/model.joblib
0	BSK_hDFCGF_VCAM1	xgb	Morgan	/home1/won0316/_RESEARCH/0817_Genotoxicity/1_Git_upload/ChemBAI/ToxCast_model/experiments/training/DART_MTL/logs/seed_multi/multi_BSK_hDFCGF_VCAM1_xgb_Morgan.log	/home1/won0316/_RESEARCH/0817_Genotoxicity/1_Git_upload/ChemBAI/ToxCast_model/experiments/training/DART_MTL/results/backup/seed_0/BSK_hDFCGF_VCAM1_xgb_Morgan/model.joblib
1	BSK_hDFCGF_VCAM1	xgb	Morgan	/home1/won0316/_RESEARCH/0817_Genotoxicity/1_Git_upload/ChemBAI/ToxCast_model/experiments/training/DART_MTL/logs/seed_multi/multi_BSK_hDFCGF_VCAM1_xgb_Morgan.log	/home1/won0316/_RESEARCH/0817_Genotoxicity/1_Git_upload/ChemBAI/ToxCast_model/experiments/training/DART_MTL/results/backup/seed_1/BSK_hDFCGF_VCAM1_xgb_Morgan/model.joblib
2	BSK_hDFCGF_VCAM1	xgb	Morgan	/home1/won0316/_RESEARCH/0817_Genotoxicity/1_Git_upload/ChemBAI/ToxCast_model/experiments/training/DART_MTL/logs/seed_multi/multi_BSK_hDFCGF_VCAM1_xgb_Morgan.log	/home1/won0316/_RESEARCH/0817_Genotoxicity/1_Git_upload/ChemBAI/ToxCast_model/experiments/training/DART_MTL/results/backup/seed_2/BSK_hDFCGF_VCAM1_xgb_Morgan/model.joblib
0	BSK_hDFCGF_VCAM1	xgb	Pattern	/home1/won0316/_RESEARCH/0817_Genotoxicity/1_Git_upload/ChemBAI/ToxCast_model/experiments/training/DART_MTL/logs/seed_multi/multi_BSK_hDFCGF_VCAM1_xgb_Pattern.log	/home1/won0316/_RESEARCH/0817_Genotoxicity/1_Git_upload/ChemBAI/ToxCast_model/experiments/training/DART_MTL/results/backup/seed_0/BSK_hDFCGF_VCAM1_xgb_Pattern/model.joblib
1	BSK_hDFCGF_VCAM1	xgb	Pattern	/home1/won0316/_RESEARCH/0817_Genotoxicity/1_Git_upload/ChemBAI/ToxCast_model/experiments/training/DART_MTL/logs/seed_multi/multi_BSK_hDFCGF_VCAM1_xgb_Pattern.log	/home1/won0316/_RESEARCH/0817_Genotoxicity/1_Git_upload/ChemBAI/ToxCast_model/experiments/training/DART_MTL/results/backup/seed_1/BSK_hDFCGF_VCAM1_xgb_Pattern/model.joblib
2	BSK_hDFCGF_VCAM1	xgb	Pattern	/home1/won0316/_RESEARCH/0817_Genotoxicity/1_Git_upload/ChemBAI/ToxCast_model/experiments/training/DART_MTL/logs/seed_multi/multi_BSK_hDFCGF_VCAM1_xgb_Pattern.log	/home1/won0316/_RESEARCH/0817_Genotoxicity/1_Git_upload/ChemBAI/ToxCast_model/experiments/training/DART_MTL/results/backup/seed_2/BSK_hDFCGF_VCAM1_xgb_Pattern/model.joblib
0	BSK_hDFCGF_VCAM1	xgb	RDKit	/home1/won0316/_RESEARCH/0817_Genotoxicity/1_Git_upload/ChemBAI/ToxCast_model/experiments/training/DART_MTL/logs/seed_multi/multi_BSK_hDFCGF_VCAM1_xgb_RDKit.log	/home1/won0316/_RESEARCH/0817_Genotoxicity/1_Git_upload/ChemBAI/ToxCast_model/experiments/training/DART_MTL/results/backup/seed_0/BSK_hDFCGF_VCAM1_xgb_RDKit/model.joblib
1	BSK_hDFCGF_VCAM1	xgb	RDKit	/home1/won0316/_RESEARCH/0817_Genotoxicity/1_Git_upload/ChemBAI/ToxCast_model/experiments/training/DART_MTL/logs/seed_multi/multi_BSK_hDFCGF_VCAM1_xgb_RDKit.log	/home1/won0316/_RESEARCH/0817_Genotoxicity/1_Git_upload/ChemBAI/ToxCast_model/experiments/training/DART_MTL/results/backup/seed_1/BSK_hDFCGF_VCAM1_xgb_RDKit/model.joblib
2	BSK_hDFCGF_VCAM1	xgb	RDKit	/home1/won0316/_RESEARCH/0817_Genotoxicity/1_Git_upload/ChemBAI/ToxCast_model/experiments/training/DART_MTL/logs/seed_multi/multi_BSK_hDFCGF_VCAM1_xgb_RDKit.log	/home1/won0316/_RESEARCH/0817_Genotoxicity/1_Git_upload/ChemBAI/ToxCast_model/experiments/training/DART_MTL/results/backup/seed_2/BSK_hDFCGF_VCAM1_xgb_RDKit/model.joblib
0	BSK_KF3CT_TIMP2	dt	Layered	/home1/won0316/_RESEARCH/0817_Genotoxicity/1_Git_upload/ChemBAI/ToxCast_model/experiments/training/DART_MTL/logs/seed_multi/multi_BSK_KF3CT_TIMP2_dt_Layered.log	/home1/won0316/_RESEARCH/0817_Genotoxicity/1_Git_upload/ChemBAI/ToxCast_model/experiments/training/DART_MTL/results/backup/seed_0/BSK_KF3CT_TIMP2_dt_Layered/model.joblib
1	BSK_KF3CT_TIMP2	dt	Layered	/home1/won0316/_RESEARCH/0817_Genotoxicity/1_Git_upload/ChemBAI/ToxCast_model/experiments/training/DART_MTL/logs/seed_multi/multi_BSK_KF3CT_TIMP2_dt_Layered.log	/home1/won0316/_RESEARCH/0817_Genotoxicity/1_Git_upload/ChemBAI/ToxCast_model/experiments/training/DART_MTL/results/backup/seed_1/BSK_KF3CT_TIMP2_dt_Layered/model.joblib
2	BSK_KF3CT_TIMP2	dt	Layered	/home1/won0316/_RESEARCH/0817_Genotoxicity/1_Git_upload/ChemBAI/ToxCast_model/experiments/training/DART_MTL/logs/seed_multi/multi_BSK_KF3CT_TIMP2_dt_Layered.log	/home1/won0316/_RESEARCH/0817_Genotoxicity/1_Git_upload/ChemBAI/ToxCast_model/experiments/training/DART_MTL/results/backup/seed_2/BSK_KF3CT_TIMP2_dt_Layered/model.joblib
0	BSK_KF3CT_TIMP2	dt	MACCS	/home1/won0316/_RESEARCH/0817_Genotoxicity/1_Git_upload/ChemBAI/ToxCast_model/experiments/training/DART_MTL/logs/seed_multi/multi_BSK_KF3CT_TIMP2_dt_MACCS.log	/home1/won0316/_RESEARCH/0817_Genotoxicity/1_Git_upload/ChemBAI/ToxCast_model/experiments/training/DART_MTL/results/backup/seed_0/BSK_KF3CT_TIMP2_dt_MACCS/model.joblib
1	BSK_KF3CT_TIMP2	dt	MACCS	/home1/won0316/_RESEARCH/0817_Genotoxicity/1_Git_upload/ChemBAI/ToxCast_model/experiments/training/DART_MTL/logs/seed_multi/multi_BSK_KF3CT_TIMP2_dt_MACCS.log	/home1/won0316/_RESEARCH/0817_Genotoxicity/1_Git_upload/ChemBAI/ToxCast_model/experiments/training/DART_MTL/results/backup/seed_1/BSK_KF3CT_TIMP2_dt_MACCS/model.joblib
2	BSK_KF3CT_TIMP2	dt	MACCS	/home1/won0316/_RESEARCH/0817_Genotoxicity/1_Git_upload/ChemBAI/ToxCast_model/experiments/training/DART_MTL/logs/seed_multi/multi_BSK_KF3CT_TIMP2_dt_MACCS.log	/home1/won0316/_RESEARCH/0817_Genotoxicity/1_Git_upload/ChemBAI/ToxCast_model/experiments/training/DART_MTL/results/backup/seed_2/BSK_KF3CT_TIMP2_dt_MACCS/model.joblib
0	BSK_KF3CT_TIMP2	dt	Morgan	/home1/won0316/_RESEARCH/0817_Genotoxicity/1_Git_upload/ChemBAI/ToxCast_model/experiments/training/DART_MTL/logs/seed_multi/multi_BSK_KF3CT_TIMP2_dt_Morgan.log	/home1/won0316/_RESEARCH/0817_Genotoxicity/1_Git_upload/ChemBAI/ToxCast_model/experiments/training/DART_MTL/results/backup/seed_0/BSK_KF3CT_TIMP2_dt_Morgan/model.joblib
1	BSK_KF3CT_TIMP2	dt	Morgan	/home1/won0316/_RESEARCH/0817_Genotoxicity/1_Git_upload/ChemBAI/ToxCast_model/experiments/training/DART_MTL/logs/seed_multi/multi_BSK_KF3CT_TIMP2_dt_Morgan.log	/home1/won0316/_RESEARCH/0817_Genotoxicity/1_Git_upload/ChemBAI/ToxCast_model/experiments/training/DART_MTL/results/backup/seed_1/BSK_KF3CT_TIMP2_dt_Morgan/model.joblib
2	BSK_KF3CT_TIMP2	dt	Morgan	/home1/won0316/_RESEARCH/0817_Genotoxicity/1_Git_upload/ChemBAI/ToxCast_model/experiments/training/DART_MTL/logs/seed_multi/multi_BSK_KF3CT_TIMP2_dt_Morgan.log	/home1/won0316/_RESEARCH/0817_Genotoxicity/1_Git_upload/ChemBAI/ToxCast_model/experiments/training/DART_MTL/results/backup/seed_2/BSK_KF3CT_TIMP2_dt_Morgan/model.joblib
0	BSK_KF3CT_TIMP2	dt	Pattern	/home1/won0316/_RESEARCH/0817_Genotoxicity/1_Git_upload/ChemBAI/ToxCast_model/experiments/training/DART_MTL/logs/seed_multi/multi_BSK_KF3CT_TIMP2_dt_Pattern.log	/home1/won0316/_RESEARCH/0817_Genotoxicity/1_Git_upload/ChemBAI/ToxCast_model/experiments/training/DART_MTL/results/backup/seed_0/BSK_KF3CT_TIMP2_dt_Pattern/model.joblib
1	BSK_KF3CT_TIMP2	dt	Pattern	/home1/won0316/_RESEARCH/0817_Genotoxicity/1_Git_upload/ChemBAI/ToxCast_model/experiments/training/DART_MTL/logs/seed_multi/multi_BSK_KF3CT_TIMP2_dt_Pattern.log	/home1/won0316/_RESEARCH/0817_Genotoxicity/1_Git_upload/ChemBAI/ToxCast_model/experiments/training/DART_MTL/results/backup/seed_1/BSK_KF3CT_TIMP2_dt_Pattern/model.joblib
2	BSK_KF3CT_TIMP2	dt	Pattern	/home1/won0316/_RESEARCH/0817_Genotoxicity/1_Git_upload/ChemBAI/ToxCast_model/experiments/training/DART_MTL/logs/seed_multi/multi_BSK_KF3CT_TIMP2_dt_Pattern.log	/home1/won0316/_RESEARCH/0817_Genotoxicity/1_Git_upload/ChemBAI/ToxCast_model/experiments/training/DART_MTL/results/backup/seed_2/BSK_KF3CT_TIMP2_dt_Pattern/model.joblib
0	BSK_KF3CT_TIMP2	dt	RDKit	/home1/won0316/_RESEARCH/0817_Genotoxicity/1_Git_upload/ChemBAI/ToxCast_model/experiments/training/DART_MTL/logs/seed_multi/multi_BSK_KF3CT_TIMP2_dt_RDKit.log	/home1/won0316/_RESEARCH/0817_Genotoxicity/1_Git_upload/ChemBAI/ToxCast_model/experiments/training/DART_MTL/results/backup/seed_0/BSK_KF3CT_TIMP2_dt_RDKit/model.joblib
1	BSK_KF3CT_TIMP2	dt	RDKit	/home1/won0316/_RESEARCH/0817_Genotoxicity/1_Git_upload/ChemBAI/ToxCast_model/experiments/training/DART_MTL/logs/seed_multi/multi_BSK_KF3CT_TIMP2_dt_RDKit.log	/home1/won0316/_RESEARCH/0817_Genotoxicity/1_Git_upload/ChemBAI/ToxCast_model/experiments/training/DART_MTL/results/backup/seed_1/BSK_KF3CT_TIMP2_dt_RDKit/model.joblib
2	BSK_KF3CT_TIMP2	dt	RDKit	/home1/won0316/_RESEARCH/0817_Genotoxicity/1_Git_upload/ChemBAI/ToxCast_model/experiments/training/DART_MTL/logs/seed_multi/multi_BSK_KF3CT_TIMP2_dt_RDKit.log	/home1/won0316/_RESEARCH/0817_Genotoxicity/1_Git_upload/ChemBAI/ToxCast_model/experiments/training/DART_MTL/results/backup/seed_2/BSK_KF3CT_TIMP2_dt_RDKit/model.joblib
0	BSK_KF3CT_TIMP2	gbt	Layered	/home1/won0316/_RESEARCH/0817_Genotoxicity/1_Git_upload/ChemBAI/ToxCast_model/experiments/training/DART_MTL/logs/seed_multi/multi_BSK_KF3CT_TIMP2_gbt_Layered.log	/home1/won0316/_RESEARCH/0817_Genotoxicity/1_Git_upload/ChemBAI/ToxCast_model/experiments/training/DART_MTL/results/backup/seed_0/BSK_KF3CT_TIMP2_gbt_Layered/model.joblib
1	BSK_KF3CT_TIMP2	gbt	Layered	/home1/won0316/_RESEARCH/0817_Genotoxicity/1_Git_upload/ChemBAI/ToxCast_model/experiments/training/DART_MTL/logs/seed_multi/multi_BSK_KF3CT_TIMP2_gbt_Layered.log	/home1/won0316/_RESEARCH/0817_Genotoxicity/1_Git_upload/ChemBAI/ToxCast_model/experiments/training/DART_MTL/results/backup/seed_1/BSK_KF3CT_TIMP2_gbt_Layered/model.joblib
2	BSK_KF3CT_TIMP2	gbt	Layered	/home1/won0316/_RESEARCH/0817_Genotoxicity/1_Git_upload/ChemBAI/ToxCast_model/experiments/training/DART_MTL/logs/seed_multi/multi_BSK_KF3CT_TIMP2_gbt_Layered.log	/home1/won0316/_RESEARCH/0817_Genotoxicity/1_Git_upload/ChemBAI/ToxCast_model/experiments/training/DART_MTL/results/backup/seed_2/BSK_KF3CT_TIMP2_gbt_Layered/model.joblib
0	BSK_KF3CT_TIMP2	gbt	MACCS	/home1/won0316/_RESEARCH/0817_Genotoxicity/1_Git_upload/ChemBAI/ToxCast_model/experiments/training/DART_MTL/logs/seed_multi/multi_BSK_KF3CT_TIMP2_gbt_MACCS.log	/home1/won0316/_RESEARCH/0817_Genotoxicity/1_Git_upload/ChemBAI/ToxCast_model/experiments/training/DART_MTL/results/backup/seed_0/BSK_KF3CT_TIMP2_gbt_MACCS/model.joblib
1	BSK_KF3CT_TIMP2	gbt	MACCS	/home1/won0316/_RESEARCH/0817_Genotoxicity/1_Git_upload/ChemBAI/ToxCast_model/experiments/training/DART_MTL/logs/seed_multi/multi_BSK_KF3CT_TIMP2_gbt_MACCS.log	/home1/won0316/_RESEARCH/0817_Genotoxicity/1_Git_upload/ChemBAI/ToxCast_model/experiments/training/DART_MTL/results/backup/seed_1/BSK_KF3CT_TIMP2_gbt_MACCS/model.joblib
2	BSK_KF3CT_TIMP2	gbt	MACCS	/home1/won0316/_RESEARCH/0817_Genotoxicity/1_Git_upload/ChemBAI/ToxCast_model/experiments/training/DART_MTL/logs/seed_multi/multi_BSK_KF3CT_TIMP2_gbt_MACCS.log	/home1/won0316/_RESEARCH/0817_Genotoxicity/1_Git_upload/ChemBAI/ToxCast_model/experiments/training/DART_MTL/results/backup/seed_2/BSK_KF3CT_TIMP2_gbt_MACCS/model.joblib
0	BSK_KF3CT_TIMP2	gbt	Morgan	/home1/won0316/_RESEARCH/0817_Genotoxicity/1_Git_upload/ChemBAI/ToxCast_model/experiments/training/DART_MTL/logs/seed_multi/multi_BSK_KF3CT_TIMP2_gbt_Morgan.log	/home1/won0316/_RESEARCH/0817_Genotoxicity/1_Git_upload/ChemBAI/ToxCast_model/experiments/training/DART_MTL/results/backup/seed_0/BSK_KF3CT_TIMP2_gbt_Morgan/model.joblib
1	BSK_KF3CT_TIMP2	gbt	Morgan	/home1/won0316/_RESEARCH/0817_Genotoxicity/1_Git_upload/ChemBAI/ToxCast_model/experiments/training/DART_MTL/logs/seed_multi/multi_BSK_KF3CT_TIMP2_gbt_Morgan.log	/home1/won0316/_RESEARCH/0817_Genotoxicity/1_Git_upload/ChemBAI/ToxCast_model/experiments/training/DART_MTL/results/backup/seed_1/BSK_KF3CT_TIMP2_gbt_Morgan/model.joblib
2	BSK_KF3CT_TIMP2	gbt	Morgan	/home1/won0316/_RESEARCH/0817_Genotoxicity/1_Git_upload/ChemBAI/ToxCast_model/experiments/training/DART_MTL/logs/seed_multi/multi_BSK_KF3CT_TIMP2_gbt_Morgan.log	/home1/won0316/_RESEARCH/0817_Genotoxicity/1_Git_upload/ChemBAI/ToxCast_model/experiments/training/DART_MTL/results/backup/seed_2/BSK_KF3CT_TIMP2_gbt_Morgan/model.joblib
0	BSK_KF3CT_TIMP2	gbt	Pattern	/home1/won0316/_RESEARCH/0817_Genotoxicity/1_Git_upload/ChemBAI/ToxCast_model/experiments/training/DART_MTL/logs/seed_multi/multi_BSK_KF3CT_TIMP2_gbt_Pattern.log	/home1/won0316/_RESEARCH/0817_Genotoxicity/1_Git_upload/ChemBAI/ToxCast_model/experiments/training/DART_MTL/results/backup/seed_0/BSK_KF3CT_TIMP2_gbt_Pattern/model.joblib
1	BSK_KF3CT_TIMP2	gbt	Pattern	/home1/won0316/_RESEARCH/0817_Genotoxicity/1_Git_upload/ChemBAI/ToxCast_model/experiments/training/DART_MTL/logs/seed_multi/multi_BSK_KF3CT_TIMP2_gbt_Pattern.log	/home1/won0316/_RESEARCH/0817_Genotoxicity/1_Git_upload/ChemBAI/ToxCast_model/experiments/training/DART_MTL/results/backup/seed_1/BSK_KF3CT_TIMP2_gbt_Pattern/model.joblib
2	BSK_KF3CT_TIMP2	gbt	Pattern	/home1/won0316/_RESEARCH/0817_Genotoxicity/1_Git_upload/ChemBAI/ToxCast_model/experiments/training/DART_MTL/logs/seed_multi/multi_BSK_KF3CT_TIMP2_gbt_Pattern.log	/home1/won0316/_RESEARCH/0817_Genotoxicity/1_Git_upload/ChemBAI/ToxCast_model/experiments/training/DART_MTL/results/backup/seed_2/BSK_KF3CT_TIMP2_gbt_Pattern/model.joblib
0	BSK_KF3CT_TIMP2	gbt	RDKit	/home1/won0316/_RESEARCH/0817_Genotoxicity/1_Git_upload/ChemBAI/ToxCast_model/experiments/training/DART_MTL/logs/seed_multi/multi_BSK_KF3CT_TIMP2_gbt_RDKit.log	/home1/won0316/_RESEARCH/0817_Genotoxicity/1_Git_upload/ChemBAI/ToxCast_model/experiments/training/DART_MTL/results/backup/seed_0/BSK_KF3CT_TIMP2_gbt_RDKit/model.joblib
1	BSK_KF3CT_TIMP2	gbt	RDKit	/home1/won0316/_RESEARCH/0817_Genotoxicity/1_Git_upload/ChemBAI/ToxCast_model/experiments/training/DART_MTL/logs/seed_multi/multi_BSK_KF3CT_TIMP2_gbt_RDKit.log	/home1/won0316/_RESEARCH/0817_Genotoxicity/1_Git_upload/ChemBAI/ToxCast_model/experiments/training/DART_MTL/results/backup/seed_1/BSK_KF3CT_TIMP2_gbt_RDKit/model.joblib
2	BSK_KF3CT_TIMP2	gbt	RDKit	/home1/won0316/_RESEARCH/0817_Genotoxicity/1_Git_upload/ChemBAI/ToxCast_model/experiments/training/DART_MTL/logs/seed_multi/multi_BSK_KF3CT_TIMP2_gbt_RDKit.log	/home1/won0316/_RESEARCH/0817_Genotoxicity/1_Git_upload/ChemBAI/ToxCast_model/experiments/training/DART_MTL/results/backup/seed_2/BSK_KF3CT_TIMP2_gbt_RDKit/model.joblib
0	BSK_KF3CT_TIMP2	logistic	Layered	/home1/won0316/_RESEARCH/0817_Genotoxicity/1_Git_upload/ChemBAI/ToxCast_model/experiments/training/DART_MTL/logs/seed_multi/multi_BSK_KF3CT_TIMP2_logistic_Layered.log	/home1/won0316/_RESEARCH/0817_Genotoxicity/1_Git_upload/ChemBAI/ToxCast_model/experiments/training/DART_MTL/results/backup/seed_0/BSK_KF3CT_TIMP2_logistic_Layered/model.joblib
1	BSK_KF3CT_TIMP2	logistic	Layered	/home1/won0316/_RESEARCH/0817_Genotoxicity/1_Git_upload/ChemBAI/ToxCast_model/experiments/training/DART_MTL/logs/seed_multi/multi_BSK_KF3CT_TIMP2_logistic_Layered.log	/home1/won0316/_RESEARCH/0817_Genotoxicity/1_Git_upload/ChemBAI/ToxCast_model/experiments/training/DART_MTL/results/backup/seed_1/BSK_KF3CT_TIMP2_logistic_Layered/model.joblib
2	BSK_KF3CT_TIMP2	logistic	Layered	/home1/won0316/_RESEARCH/0817_Genotoxicity/1_Git_upload/ChemBAI/ToxCast_model/experiments/training/DART_MTL/logs/seed_multi/multi_BSK_KF3CT_TIMP2_logistic_Layered.log	/home1/won0316/_RESEARCH/0817_Genotoxicity/1_Git_upload/ChemBAI/ToxCast_model/experiments/training/DART_MTL/results/backup/seed_2/BSK_KF3CT_TIMP2_logistic_Layered/model.joblib
0	BSK_KF3CT_TIMP2	logistic	MACCS	/home1/won0316/_RESEARCH/0817_Genotoxicity/1_Git_upload/ChemBAI/ToxCast_model/experiments/training/DART_MTL/logs/seed_multi/multi_BSK_KF3CT_TIMP2_logistic_MACCS.log	/home1/won0316/_RESEARCH/0817_Genotoxicity/1_Git_upload/ChemBAI/ToxCast_model/experiments/training/DART_MTL/results/backup/seed_0/BSK_KF3CT_TIMP2_logistic_MACCS/model.joblib
1	BSK_KF3CT_TIMP2	logistic	MACCS	/home1/won0316/_RESEARCH/0817_Genotoxicity/1_Git_upload/ChemBAI/ToxCast_model/experiments/training/DART_MTL/logs/seed_multi/multi_BSK_KF3CT_TIMP2_logistic_MACCS.log	/home1/won0316/_RESEARCH/0817_Genotoxicity/1_Git_upload/ChemBAI/ToxCast_model/experiments/training/DART_MTL/results/backup/seed_1/BSK_KF3CT_TIMP2_logistic_MACCS/model.joblib
2	BSK_KF3CT_TIMP2	logistic	MACCS	/home1/won0316/_RESEARCH/0817_Genotoxicity/1_Git_upload/ChemBAI/ToxCast_model/experiments/training/DART_MTL/logs/seed_multi/multi_BSK_KF3CT_TIMP2_logistic_MACCS.log	/home1/won0316/_RESEARCH/0817_Genotoxicity/1_Git_upload/ChemBAI/ToxCast_model/experiments/training/DART_MTL/results/backup/seed_2/BSK_KF3CT_TIMP2_logistic_MACCS/model.joblib
0	BSK_KF3CT_TIMP2	logistic	Morgan	/home1/won0316/_RESEARCH/0817_Genotoxicity/1_Git_upload/ChemBAI/ToxCast_model/experiments/training/DART_MTL/logs/seed_multi/multi_BSK_KF3CT_TIMP2_logistic_Morgan.log	/home1/won0316/_RESEARCH/0817_Genotoxicity/1_Git_upload/ChemBAI/ToxCast_model/experiments/training/DART_MTL/results/backup/seed_0/BSK_KF3CT_TIMP2_logistic_Morgan/model.joblib
1	BSK_KF3CT_TIMP2	logistic	Morgan	/home1/won0316/_RESEARCH/0817_Genotoxicity/1_Git_upload/ChemBAI/ToxCast_model/experiments/training/DART_MTL/logs/seed_multi/multi_BSK_KF3CT_TIMP2_logistic_Morgan.log	/home1/won0316/_RESEARCH/0817_Genotoxicity/1_Git_upload/ChemBAI/ToxCast_model/experiments/training/DART_MTL/results/backup/seed_1/BSK_KF3CT_TIMP2_logistic_Morgan/model.joblib
2	BSK_KF3CT_TIMP2	logistic	Morgan	/home1/won0316/_RESEARCH/0817_Genotoxicity/1_Git_upload/ChemBAI/ToxCast_model/experiments/training/DART_MTL/logs/seed_multi/multi_BSK_KF3CT_TIMP2_logistic_Morgan.log	/home1/won0316/_RESEARCH/0817_Genotoxicity/1_Git_upload/ChemBAI/ToxCast_model/experiments/training/DART_MTL/results/backup/seed_2/BSK_KF3CT_TIMP2_logistic_Morgan/model.joblib
0	BSK_KF3CT_TIMP2	logistic	Pattern	/home1/won0316/_RESEARCH/0817_Genotoxicity/1_Git_upload/ChemBAI/ToxCast_model/experiments/training/DART_MTL/logs/seed_multi/multi_BSK_KF3CT_TIMP2_logistic_Pattern.log	/home1/won0316/_RESEARCH/0817_Genotoxicity/1_Git_upload/ChemBAI/ToxCast_model/experiments/training/DART_MTL/results/backup/seed_0/BSK_KF3CT_TIMP2_logistic_Pattern/model.joblib
1	BSK_KF3CT_TIMP2	logistic	Pattern	/home1/won0316/_RESEARCH/0817_Genotoxicity/1_Git_upload/ChemBAI/ToxCast_model/experiments/training/DART_MTL/logs/seed_multi/multi_BSK_KF3CT_TIMP2_logistic_Pattern.log	/home1/won0316/_RESEARCH/0817_Genotoxicity/1_Git_upload/ChemBAI/ToxCast_model/experiments/training/DART_MTL/results/backup/seed_1/BSK_KF3CT_TIMP2_logistic_Pattern/model.joblib
2	BSK_KF3CT_TIMP2	logistic	Pattern	/home1/won0316/_RESEARCH/0817_Genotoxicity/1_Git_upload/ChemBAI/ToxCast_model/experiments/training/DART_MTL/logs/seed_multi/multi_BSK_KF3CT_TIMP2_logistic_Pattern.log	/home1/won0316/_RESEARCH/0817_Genotoxicity/1_Git_upload/ChemBAI/ToxCast_model/experiments/training/DART_MTL/results/backup/seed_2/BSK_KF3CT_TIMP2_logistic_Pattern/model.joblib
0	BSK_KF3CT_TIMP2	logistic	RDKit	/home1/won0316/_RESEARCH/0817_Genotoxicity/1_Git_upload/ChemBAI/ToxCast_model/experiments/training/DART_MTL/logs/seed_multi/multi_BSK_KF3CT_TIMP2_logistic_RDKit.log	/home1/won0316/_RESEARCH/0817_Genotoxicity/1_Git_upload/ChemBAI/ToxCast_model/experiments/training/DART_MTL/results/backup/seed_0/BSK_KF3CT_TIMP2_logistic_RDKit/model.joblib
1	BSK_KF3CT_TIMP2	logistic	RDKit	/home1/won0316/_RESEARCH/0817_Genotoxicity/1_Git_upload/ChemBAI/ToxCast_model/experiments/training/DART_MTL/logs/seed_multi/multi_BSK_KF3CT_TIMP2_logistic_RDKit.log	/home1/won0316/_RESEARCH/0817_Genotoxicity/1_Git_upload/ChemBAI/ToxCast_model/experiments/training/DART_MTL/results/backup/seed_1/BSK_KF3CT_TIMP2_logistic_RDKit/model.joblib
2	BSK_KF3CT_TIMP2	logistic	RDKit	/home1/won0316/_RESEARCH/0817_Genotoxicity/1_Git_upload/ChemBAI/ToxCast_model/experiments/training/DART_MTL/logs/seed_multi/multi_BSK_KF3CT_TIMP2_logistic_RDKit.log	/home1/won0316/_RESEARCH/0817_Genotoxicity/1_Git_upload/ChemBAI/ToxCast_model/experiments/training/DART_MTL/results/backup/seed_2/BSK_KF3CT_TIMP2_logistic_RDKit/model.joblib
0	BSK_KF3CT_TIMP2	rf	Layered	/home1/won0316/_RESEARCH/0817_Genotoxicity/1_Git_upload/ChemBAI/ToxCast_model/experiments/training/DART_MTL/logs/seed_multi/multi_BSK_KF3CT_TIMP2_rf_Layered.log	/home1/won0316/_RESEARCH/0817_Genotoxicity/1_Git_upload/ChemBAI/ToxCast_model/experiments/training/DART_MTL/results/backup/seed_0/BSK_KF3CT_TIMP2_rf_Layered/model.joblib
1	BSK_KF3CT_TIMP2	rf	Layered	/home1/won0316/_RESEARCH/0817_Genotoxicity/1_Git_upload/ChemBAI/ToxCast_model/experiments/training/DART_MTL/logs/seed_multi/multi_BSK_KF3CT_TIMP2_rf_Layered.log	/home1/won0316/_RESEARCH/0817_Genotoxicity/1_Git_upload/ChemBAI/ToxCast_model/experiments/training/DART_MTL/results/backup/seed_1/BSK_KF3CT_TIMP2_rf_Layered/model.joblib
2	BSK_KF3CT_TIMP2	rf	Layered	/home1/won0316/_RESEARCH/0817_Genotoxicity/1_Git_upload/ChemBAI/ToxCast_model/experiments/training/DART_MTL/logs/seed_multi/multi_BSK_KF3CT_TIMP2_rf_Layered.log	/home1/won0316/_RESEARCH/0817_Genotoxicity/1_Git_upload/ChemBAI/ToxCast_model/experiments/training/DART_MTL/results/backup/seed_2/BSK_KF3CT_TIMP2_rf_Layered/model.joblib
0	BSK_KF3CT_TIMP2	rf	MACCS	/home1/won0316/_RESEARCH/0817_Genotoxicity/1_Git_upload/ChemBAI/ToxCast_model/experiments/training/DART_MTL/logs/seed_multi/multi_BSK_KF3CT_TIMP2_rf_MACCS.log	/home1/won0316/_RESEARCH/0817_Genotoxicity/1_Git_upload/ChemBAI/ToxCast_model/experiments/training/DART_MTL/results/backup/seed_0/BSK_KF3CT_TIMP2_rf_MACCS/model.joblib
1	BSK_KF3CT_TIMP2	rf	MACCS	/home1/won0316/_RESEARCH/0817_Genotoxicity/1_Git_upload/ChemBAI/ToxCast_model/experiments/training/DART_MTL/logs/seed_multi/multi_BSK_KF3CT_TIMP2_rf_MACCS.log	/home1/won0316/_RESEARCH/0817_Genotoxicity/1_Git_upload/ChemBAI/ToxCast_model/experiments/training/DART_MTL/results/backup/seed_1/BSK_KF3CT_TIMP2_rf_MACCS/model.joblib
2	BSK_KF3CT_TIMP2	rf	MACCS	/home1/won0316/_RESEARCH/0817_Genotoxicity/1_Git_upload/ChemBAI/ToxCast_model/experiments/training/DART_MTL/logs/seed_multi/multi_BSK_KF3CT_TIMP2_rf_MACCS.log	/home1/won0316/_RESEARCH/0817_Genotoxicity/1_Git_upload/ChemBAI/ToxCast_model/experiments/training/DART_MTL/results/backup/seed_2/BSK_KF3CT_TIMP2_rf_MACCS/model.joblib
0	BSK_KF3CT_TIMP2	rf	Morgan	/home1/won0316/_RESEARCH/0817_Genotoxicity/1_Git_upload/ChemBAI/ToxCast_model/experiments/training/DART_MTL/logs/seed_multi/multi_BSK_KF3CT_TIMP2_rf_Morgan.log	/home1/won0316/_RESEARCH/0817_Genotoxicity/1_Git_upload/ChemBAI/ToxCast_model/experiments/training/DART_MTL/results/backup/seed_0/BSK_KF3CT_TIMP2_rf_Morgan/model.joblib
1	BSK_KF3CT_TIMP2	rf	Morgan	/home1/won0316/_RESEARCH/0817_Genotoxicity/1_Git_upload/ChemBAI/ToxCast_model/experiments/training/DART_MTL/logs/seed_multi/multi_BSK_KF3CT_TIMP2_rf_Morgan.log	/home1/won0316/_RESEARCH/0817_Genotoxicity/1_Git_upload/ChemBAI/ToxCast_model/experiments/training/DART_MTL/results/backup/seed_1/BSK_KF3CT_TIMP2_rf_Morgan/model.joblib
2	BSK_KF3CT_TIMP2	rf	Morgan	/home1/won0316/_RESEARCH/0817_Genotoxicity/1_Git_upload/ChemBAI/ToxCast_model/experiments/training/DART_MTL/logs/seed_multi/multi_BSK_KF3CT_TIMP2_rf_Morgan.log	/home1/won0316/_RESEARCH/0817_Genotoxicity/1_Git_upload/ChemBAI/ToxCast_model/experiments/training/DART_MTL/results/backup/seed_2/BSK_KF3CT_TIMP2_rf_Morgan/model.joblib
0	BSK_KF3CT_TIMP2	rf	Pattern	/home1/won0316/_RESEARCH/0817_Genotoxicity/1_Git_upload/ChemBAI/ToxCast_model/experiments/training/DART_MTL/logs/seed_multi/multi_BSK_KF3CT_TIMP2_rf_Pattern.log	/home1/won0316/_RESEARCH/0817_Genotoxicity/1_Git_upload/ChemBAI/ToxCast_model/experiments/training/DART_MTL/results/backup/seed_0/BSK_KF3CT_TIMP2_rf_Pattern/model.joblib
1	BSK_KF3CT_TIMP2	rf	Pattern	/home1/won0316/_RESEARCH/0817_Genotoxicity/1_Git_upload/ChemBAI/ToxCast_model/experiments/training/DART_MTL/logs/seed_multi/multi_BSK_KF3CT_TIMP2_rf_Pattern.log	/home1/won0316/_RESEARCH/0817_Genotoxicity/1_Git_upload/ChemBAI/ToxCast_model/experiments/training/DART_MTL/results/backup/seed_1/BSK_KF3CT_TIMP2_rf_Pattern/model.joblib
2	BSK_KF3CT_TIMP2	rf	Pattern	/home1/won0316/_RESEARCH/0817_Genotoxicity/1_Git_upload/ChemBAI/ToxCast_model/experiments/training/DART_MTL/logs/seed_multi/multi_BSK_KF3CT_TIMP2_rf_Pattern.log	/home1/won0316/_RESEARCH/0817_Genotoxicity/1_Git_upload/ChemBAI/ToxCast_model/experiments/training/DART_MTL/results/backup/seed_2/BSK_KF3CT_TIMP2_rf_Pattern/model.joblib
0	BSK_KF3CT_TIMP2	rf	RDKit	/home1/won0316/_RESEARCH/0817_Genotoxicity/1_Git_upload/ChemBAI/ToxCast_model/experiments/training/DART_MTL/logs/seed_multi/multi_BSK_KF3CT_TIMP2_rf_RDKit.log	/home1/won0316/_RESEARCH/0817_Genotoxicity/1_Git_upload/ChemBAI/ToxCast_model/experiments/training/DART_MTL/results/backup/seed_0/BSK_KF3CT_TIMP2_rf_RDKit/model.joblib
1	BSK_KF3CT_TIMP2	rf	RDKit	/home1/won0316/_RESEARCH/0817_Genotoxicity/1_Git_upload/ChemBAI/ToxCast_model/experiments/training/DART_MTL/logs/seed_multi/multi_BSK_KF3CT_TIMP2_rf_RDKit.log	/home1/won0316/_RESEARCH/0817_Genotoxicity/1_Git_upload/ChemBAI/ToxCast_model/experiments/training/DART_MTL/results/backup/seed_1/BSK_KF3CT_TIMP2_rf_RDKit/model.joblib
2	BSK_KF3CT_TIMP2	rf	RDKit	/home1/won0316/_RESEARCH/0817_Genotoxicity/1_Git_upload/ChemBAI/ToxCast_model/experiments/training/DART_MTL/logs/seed_multi/multi_BSK_KF3CT_TIMP2_rf_RDKit.log	/home1/won0316/_RESEARCH/0817_Genotoxicity/1_Git_upload/ChemBAI/ToxCast_model/experiments/training/DART_MTL/results/backup/seed_2/BSK_KF3CT_TIMP2_rf_RDKit/model.joblib
0	BSK_KF3CT_TIMP2	xgb	Layered	/home1/won0316/_RESEARCH/0817_Genotoxicity/1_Git_upload/ChemBAI/ToxCast_model/experiments/training/DART_MTL/logs/seed_multi/multi_BSK_KF3CT_TIMP2_xgb_Layered.log	/home1/won0316/_RESEARCH/0817_Genotoxicity/1_Git_upload/ChemBAI/ToxCast_model/experiments/training/DART_MTL/results/backup/seed_0/BSK_KF3CT_TIMP2_xgb_Layered/model.joblib
1	BSK_KF3CT_TIMP2	xgb	Layered	/home1/won0316/_RESEARCH/0817_Genotoxicity/1_Git_upload/ChemBAI/ToxCast_model/experiments/training/DART_MTL/logs/seed_multi/multi_BSK_KF3CT_TIMP2_xgb_Layered.log	/home1/won0316/_RESEARCH/0817_Genotoxicity/1_Git_upload/ChemBAI/ToxCast_model/experiments/training/DART_MTL/results/backup/seed_1/BSK_KF3CT_TIMP2_xgb_Layered/model.joblib
2	BSK_KF3CT_TIMP2	xgb	Layered	/home1/won0316/_RESEARCH/0817_Genotoxicity/1_Git_upload/ChemBAI/ToxCast_model/experiments/training/DART_MTL/logs/seed_multi/multi_BSK_KF3CT_TIMP2_xgb_Layered.log	/home1/won0316/_RESEARCH/0817_Genotoxicity/1_Git_upload/ChemBAI/ToxCast_model/experiments/training/DART_MTL/results/backup/seed_2/BSK_KF3CT_TIMP2_xgb_Layered/model.joblib
0	BSK_KF3CT_TIMP2	xgb	MACCS	/home1/won0316/_RESEARCH/0817_Genotoxicity/1_Git_upload/ChemBAI/ToxCast_model/experiments/training/DART_MTL/logs/seed_multi/multi_BSK_KF3CT_TIMP2_xgb_MACCS.log	/home1/won0316/_RESEARCH/0817_Genotoxicity/1_Git_upload/ChemBAI/ToxCast_model/experiments/training/DART_MTL/results/backup/seed_0/BSK_KF3CT_TIMP2_xgb_MACCS/model.joblib
1	BSK_KF3CT_TIMP2	xgb	MACCS	/home1/won0316/_RESEARCH/0817_Genotoxicity/1_Git_upload/ChemBAI/ToxCast_model/experiments/training/DART_MTL/logs/seed_multi/multi_BSK_KF3CT_TIMP2_xgb_MACCS.log	/home1/won0316/_RESEARCH/0817_Genotoxicity/1_Git_upload/ChemBAI/ToxCast_model/experiments/training/DART_MTL/results/backup/seed_1/BSK_KF3CT_TIMP2_xgb_MACCS/model.joblib
2	BSK_KF3CT_TIMP2	xgb	MACCS	/home1/won0316/_RESEARCH/0817_Genotoxicity/1_Git_upload/ChemBAI/ToxCast_model/experiments/training/DART_MTL/logs/seed_multi/multi_BSK_KF3CT_TIMP2_xgb_MACCS.log	/home1/won0316/_RESEARCH/0817_Genotoxicity/1_Git_upload/ChemBAI/ToxCast_model/experiments/training/DART_MTL/results/backup/seed_2/BSK_KF3CT_TIMP2_xgb_MACCS/model.joblib
0	BSK_KF3CT_TIMP2	xgb	Morgan	/home1/won0316/_RESEARCH/0817_Genotoxicity/1_Git_upload/ChemBAI/ToxCast_model/experiments/training/DART_MTL/logs/seed_multi/multi_BSK_KF3CT_TIMP2_xgb_Morgan.log	/home1/won0316/_RESEARCH/0817_Genotoxicity/1_Git_upload/ChemBAI/ToxCast_model/experiments/training/DART_MTL/results/backup/seed_0/BSK_KF3CT_TIMP2_xgb_Morgan/model.joblib
1	BSK_KF3CT_TIMP2	xgb	Morgan	/home1/won0316/_RESEARCH/0817_Genotoxicity/1_Git_upload/ChemBAI/ToxCast_model/experiments/training/DART_MTL/logs/seed_multi/multi_BSK_KF3CT_TIMP2_xgb_Morgan.log	/home1/won0316/_RESEARCH/0817_Genotoxicity/1_Git_upload/ChemBAI/ToxCast_model/experiments/training/DART_MTL/results/backup/seed_1/BSK_KF3CT_TIMP2_xgb_Morgan/model.joblib
2	BSK_KF3CT_TIMP2	xgb	Morgan	/home1/won0316/_RESEARCH/0817_Genotoxicity/1_Git_upload/ChemBAI/ToxCast_model/experiments/training/DART_MTL/logs/seed_multi/multi_BSK_KF3CT_TIMP2_xgb_Morgan.log	/home1/won0316/_RESEARCH/0817_Genotoxicity/1_Git_upload/ChemBAI/ToxCast_model/experiments/training/DART_MTL/results/backup/seed_2/BSK_KF3CT_TIMP2_xgb_Morgan/model.joblib
0	BSK_KF3CT_TIMP2	xgb	Pattern	/home1/won0316/_RESEARCH/0817_Genotoxicity/1_Git_upload/ChemBAI/ToxCast_model/experiments/training/DART_MTL/logs/seed_multi/multi_BSK_KF3CT_TIMP2_xgb_Pattern.log	/home1/won0316/_RESEARCH/0817_Genotoxicity/1_Git_upload/ChemBAI/ToxCast_model/experiments/training/DART_MTL/results/backup/seed_0/BSK_KF3CT_TIMP2_xgb_Pattern/model.joblib
1	BSK_KF3CT_TIMP2	xgb	Pattern	/home1/won0316/_RESEARCH/0817_Genotoxicity/1_Git_upload/ChemBAI/ToxCast_model/experiments/training/DART_MTL/logs/seed_multi/multi_BSK_KF3CT_TIMP2_xgb_Pattern.log	/home1/won0316/_RESEARCH/0817_Genotoxicity/1_Git_upload/ChemBAI/ToxCast_model/experiments/training/DART_MTL/results/backup/seed_1/BSK_KF3CT_TIMP2_xgb_Pattern/model.joblib
2	BSK_KF3CT_TIMP2	xgb	Pattern	/home1/won0316/_RESEARCH/0817_Genotoxicity/1_Git_upload/ChemBAI/ToxCast_model/experiments/training/DART_MTL/logs/seed_multi/multi_BSK_KF3CT_TIMP2_xgb_Pattern.log	/home1/won0316/_RESEARCH/0817_Genotoxicity/1_Git_upload/ChemBAI/ToxCast_model/experiments/training/DART_MTL/results/backup/seed_2/BSK_KF3CT_TIMP2_xgb_Pattern/model.joblib
0	BSK_KF3CT_TIMP2	xgb	RDKit	/home1/won0316/_RESEARCH/0817_Genotoxicity/1_Git_upload/ChemBAI/ToxCast_model/experiments/training/DART_MTL/logs/seed_multi/multi_BSK_KF3CT_TIMP2_xgb_RDKit.log	/home1/won0316/_RESEARCH/0817_Genotoxicity/1_Git_upload/ChemBAI/ToxCast_model/experiments/training/DART_MTL/results/backup/seed_0/BSK_KF3CT_TIMP2_xgb_RDKit/model.joblib
1	BSK_KF3CT_TIMP2	xgb	RDKit	/home1/won0316/_RESEARCH/0817_Genotoxicity/1_Git_upload/ChemBAI/ToxCast_model/experiments/training/DART_MTL/logs/seed_multi/multi_BSK_KF3CT_TIMP2_xgb_RDKit.log	/home1/won0316/_RESEARCH/0817_Genotoxicity/1_Git_upload/ChemBAI/ToxCast_model/experiments/training/DART_MTL/results/backup/seed_1/BSK_KF3CT_TIMP2_xgb_RDKit/model.joblib
2	BSK_KF3CT_TIMP2	xgb	RDKit	/home1/won0316/_RESEARCH/0817_Genotoxicity/1_Git_upload/ChemBAI/ToxCast_model/experiments/training/DART_MTL/logs/seed_multi/multi_BSK_KF3CT_TIMP2_xgb_RDKit.log	/home1/won0316/_RESEARCH/0817_Genotoxicity/1_Git_upload/ChemBAI/ToxCast_model/experiments/training/DART_MTL/results/backup/seed_2/BSK_KF3CT_TIMP2_xgb_RDKit/model.joblib
0	NVS_ENZ_hVEGFR3	dt	Layered	/home1/won0316/_RESEARCH/0817_Genotoxicity/1_Git_upload/ChemBAI/ToxCast_model/experiments/training/DART_MTL/logs/seed_multi/multi_NVS_ENZ_hVEGFR3_dt_Layered.log	/home1/won0316/_RESEARCH/0817_Genotoxicity/1_Git_upload/ChemBAI/ToxCast_model/experiments/training/DART_MTL/results/backup/seed_0/NVS_ENZ_hVEGFR3_dt_Layered/model.joblib
1	NVS_ENZ_hVEGFR3	dt	Layered	/home1/won0316/_RESEARCH/0817_Genotoxicity/1_Git_upload/ChemBAI/ToxCast_model/experiments/training/DART_MTL/logs/seed_multi/multi_NVS_ENZ_hVEGFR3_dt_Layered.log	/home1/won0316/_RESEARCH/0817_Genotoxicity/1_Git_upload/ChemBAI/ToxCast_model/experiments/training/DART_MTL/results/backup/seed_1/NVS_ENZ_hVEGFR3_dt_Layered/model.joblib
2	NVS_ENZ_hVEGFR3	dt	Layered	/home1/won0316/_RESEARCH/0817_Genotoxicity/1_Git_upload/ChemBAI/ToxCast_model/experiments/training/DART_MTL/logs/seed_multi/multi_NVS_ENZ_hVEGFR3_dt_Layered.log	/home1/won0316/_RESEARCH/0817_Genotoxicity/1_Git_upload/ChemBAI/ToxCast_model/experiments/training/DART_MTL/results/backup/seed_2/NVS_ENZ_hVEGFR3_dt_Layered/model.joblib
0	NVS_ENZ_hVEGFR3	dt	MACCS	/home1/won0316/_RESEARCH/0817_Genotoxicity/1_Git_upload/ChemBAI/ToxCast_model/experiments/training/DART_MTL/logs/seed_multi/multi_NVS_ENZ_hVEGFR3_dt_MACCS.log	/home1/won0316/_RESEARCH/0817_Genotoxicity/1_Git_upload/ChemBAI/ToxCast_model/experiments/training/DART_MTL/results/backup/seed_0/NVS_ENZ_hVEGFR3_dt_MACCS/model.joblib
1	NVS_ENZ_hVEGFR3	dt	MACCS	/home1/won0316/_RESEARCH/0817_Genotoxicity/1_Git_upload/ChemBAI/ToxCast_model/experiments/training/DART_MTL/logs/seed_multi/multi_NVS_ENZ_hVEGFR3_dt_MACCS.log	/home1/won0316/_RESEARCH/0817_Genotoxicity/1_Git_upload/ChemBAI/ToxCast_model/experiments/training/DART_MTL/results/backup/seed_1/NVS_ENZ_hVEGFR3_dt_MACCS/model.joblib
2	NVS_ENZ_hVEGFR3	dt	MACCS	/home1/won0316/_RESEARCH/0817_Genotoxicity/1_Git_upload/ChemBAI/ToxCast_model/experiments/training/DART_MTL/logs/seed_multi/multi_NVS_ENZ_hVEGFR3_dt_MACCS.log	/home1/won0316/_RESEARCH/0817_Genotoxicity/1_Git_upload/ChemBAI/ToxCast_model/experiments/training/DART_MTL/results/backup/seed_2/NVS_ENZ_hVEGFR3_dt_MACCS/model.joblib
0	NVS_ENZ_hVEGFR3	dt	Morgan	/home1/won0316/_RESEARCH/0817_Genotoxicity/1_Git_upload/ChemBAI/ToxCast_model/experiments/training/DART_MTL/logs/seed_multi/multi_NVS_ENZ_hVEGFR3_dt_Morgan.log	/home1/won0316/_RESEARCH/0817_Genotoxicity/1_Git_upload/ChemBAI/ToxCast_model/experiments/training/DART_MTL/results/backup/seed_0/NVS_ENZ_hVEGFR3_dt_Morgan/model.joblib
1	NVS_ENZ_hVEGFR3	dt	Morgan	/home1/won0316/_RESEARCH/0817_Genotoxicity/1_Git_upload/ChemBAI/ToxCast_model/experiments/training/DART_MTL/logs/seed_multi/multi_NVS_ENZ_hVEGFR3_dt_Morgan.log	/home1/won0316/_RESEARCH/0817_Genotoxicity/1_Git_upload/ChemBAI/ToxCast_model/experiments/training/DART_MTL/results/backup/seed_1/NVS_ENZ_hVEGFR3_dt_Morgan/model.joblib
2	NVS_ENZ_hVEGFR3	dt	Morgan	/home1/won0316/_RESEARCH/0817_Genotoxicity/1_Git_upload/ChemBAI/ToxCast_model/experiments/training/DART_MTL/logs/seed_multi/multi_NVS_ENZ_hVEGFR3_dt_Morgan.log	/home1/won0316/_RESEARCH/0817_Genotoxicity/1_Git_upload/ChemBAI/ToxCast_model/experiments/training/DART_MTL/results/backup/seed_2/NVS_ENZ_hVEGFR3_dt_Morgan/model.joblib
0	NVS_ENZ_hVEGFR3	dt	Pattern	/home1/won0316/_RESEARCH/0817_Genotoxicity/1_Git_upload/ChemBAI/ToxCast_model/experiments/training/DART_MTL/logs/seed_multi/multi_NVS_ENZ_hVEGFR3_dt_Pattern.log	/home1/won0316/_RESEARCH/0817_Genotoxicity/1_Git_upload/ChemBAI/ToxCast_model/experiments/training/DART_MTL/results/backup/seed_0/NVS_ENZ_hVEGFR3_dt_Pattern/model.joblib
1	NVS_ENZ_hVEGFR3	dt	Pattern	/home1/won0316/_RESEARCH/0817_Genotoxicity/1_Git_upload/ChemBAI/ToxCast_model/experiments/training/DART_MTL/logs/seed_multi/multi_NVS_ENZ_hVEGFR3_dt_Pattern.log	/home1/won0316/_RESEARCH/0817_Genotoxicity/1_Git_upload/ChemBAI/ToxCast_model/experiments/training/DART_MTL/results/backup/seed_1/NVS_ENZ_hVEGFR3_dt_Pattern/model.joblib
2	NVS_ENZ_hVEGFR3	dt	Pattern	/home1/won0316/_RESEARCH/0817_Genotoxicity/1_Git_upload/ChemBAI/ToxCast_model/experiments/training/DART_MTL/logs/seed_multi/multi_NVS_ENZ_hVEGFR3_dt_Pattern.log	/home1/won0316/_RESEARCH/0817_Genotoxicity/1_Git_upload/ChemBAI/ToxCast_model/experiments/training/DART_MTL/results/backup/seed_2/NVS_ENZ_hVEGFR3_dt_Pattern/model.joblib
0	NVS_ENZ_hVEGFR3	dt	RDKit	/home1/won0316/_RESEARCH/0817_Genotoxicity/1_Git_upload/ChemBAI/ToxCast_model/experiments/training/DART_MTL/logs/seed_multi/multi_NVS_ENZ_hVEGFR3_dt_RDKit.log	/home1/won0316/_RESEARCH/0817_Genotoxicity/1_Git_upload/ChemBAI/ToxCast_model/experiments/training/DART_MTL/results/backup/seed_0/NVS_ENZ_hVEGFR3_dt_RDKit/model.joblib
1	NVS_ENZ_hVEGFR3	dt	RDKit	/home1/won0316/_RESEARCH/0817_Genotoxicity/1_Git_upload/ChemBAI/ToxCast_model/experiments/training/DART_MTL/logs/seed_multi/multi_NVS_ENZ_hVEGFR3_dt_RDKit.log	/home1/won0316/_RESEARCH/0817_Genotoxicity/1_Git_upload/ChemBAI/ToxCast_model/experiments/training/DART_MTL/results/backup/seed_1/NVS_ENZ_hVEGFR3_dt_RDKit/model.joblib
2	NVS_ENZ_hVEGFR3	dt	RDKit	/home1/won0316/_RESEARCH/0817_Genotoxicity/1_Git_upload/ChemBAI/ToxCast_model/experiments/training/DART_MTL/logs/seed_multi/multi_NVS_ENZ_hVEGFR3_dt_RDKit.log	/home1/won0316/_RESEARCH/0817_Genotoxicity/1_Git_upload/ChemBAI/ToxCast_model/experiments/training/DART_MTL/results/backup/seed_2/NVS_ENZ_hVEGFR3_dt_RDKit/model.joblib
0	NVS_ENZ_hVEGFR3	gbt	Layered	/home1/won0316/_RESEARCH/0817_Genotoxicity/1_Git_upload/ChemBAI/ToxCast_model/experiments/training/DART_MTL/logs/seed_multi/multi_NVS_ENZ_hVEGFR3_gbt_Layered.log	/home1/won0316/_RESEARCH/0817_Genotoxicity/1_Git_upload/ChemBAI/ToxCast_model/experiments/training/DART_MTL/results/backup/seed_0/NVS_ENZ_hVEGFR3_gbt_Layered/model.joblib
1	NVS_ENZ_hVEGFR3	gbt	Layered	/home1/won0316/_RESEARCH/0817_Genotoxicity/1_Git_upload/ChemBAI/ToxCast_model/experiments/training/DART_MTL/logs/seed_multi/multi_NVS_ENZ_hVEGFR3_gbt_Layered.log	/home1/won0316/_RESEARCH/0817_Genotoxicity/1_Git_upload/ChemBAI/ToxCast_model/experiments/training/DART_MTL/results/backup/seed_1/NVS_ENZ_hVEGFR3_gbt_Layered/model.joblib
2	NVS_ENZ_hVEGFR3	gbt	Layered	/home1/won0316/_RESEARCH/0817_Genotoxicity/1_Git_upload/ChemBAI/ToxCast_model/experiments/training/DART_MTL/logs/seed_multi/multi_NVS_ENZ_hVEGFR3_gbt_Layered.log	/home1/won0316/_RESEARCH/0817_Genotoxicity/1_Git_upload/ChemBAI/ToxCast_model/experiments/training/DART_MTL/results/backup/seed_2/NVS_ENZ_hVEGFR3_gbt_Layered/model.joblib
0	NVS_ENZ_hVEGFR3	gbt	MACCS	/home1/won0316/_RESEARCH/0817_Genotoxicity/1_Git_upload/ChemBAI/ToxCast_model/experiments/training/DART_MTL/logs/seed_multi/multi_NVS_ENZ_hVEGFR3_gbt_MACCS.log	/home1/won0316/_RESEARCH/0817_Genotoxicity/1_Git_upload/ChemBAI/ToxCast_model/experiments/training/DART_MTL/results/backup/seed_0/NVS_ENZ_hVEGFR3_gbt_MACCS/model.joblib
1	NVS_ENZ_hVEGFR3	gbt	MACCS	/home1/won0316/_RESEARCH/0817_Genotoxicity/1_Git_upload/ChemBAI/ToxCast_model/experiments/training/DART_MTL/logs/seed_multi/multi_NVS_ENZ_hVEGFR3_gbt_MACCS.log	/home1/won0316/_RESEARCH/0817_Genotoxicity/1_Git_upload/ChemBAI/ToxCast_model/experiments/training/DART_MTL/results/backup/seed_1/NVS_ENZ_hVEGFR3_gbt_MACCS/model.joblib
2	NVS_ENZ_hVEGFR3	gbt	MACCS	/home1/won0316/_RESEARCH/0817_Genotoxicity/1_Git_upload/ChemBAI/ToxCast_model/experiments/training/DART_MTL/logs/seed_multi/multi_NVS_ENZ_hVEGFR3_gbt_MACCS.log	/home1/won0316/_RESEARCH/0817_Genotoxicity/1_Git_upload/ChemBAI/ToxCast_model/experiments/training/DART_MTL/results/backup/seed_2/NVS_ENZ_hVEGFR3_gbt_MACCS/model.joblib
0	NVS_ENZ_hVEGFR3	gbt	Morgan	/home1/won0316/_RESEARCH/0817_Genotoxicity/1_Git_upload/ChemBAI/ToxCast_model/experiments/training/DART_MTL/logs/seed_multi/multi_NVS_ENZ_hVEGFR3_gbt_Morgan.log	/home1/won0316/_RESEARCH/0817_Genotoxicity/1_Git_upload/ChemBAI/ToxCast_model/experiments/training/DART_MTL/results/backup/seed_0/NVS_ENZ_hVEGFR3_gbt_Morgan/model.joblib
1	NVS_ENZ_hVEGFR3	gbt	Morgan	/home1/won0316/_RESEARCH/0817_Genotoxicity/1_Git_upload/ChemBAI/ToxCast_model/experiments/training/DART_MTL/logs/seed_multi/multi_NVS_ENZ_hVEGFR3_gbt_Morgan.log	/home1/won0316/_RESEARCH/0817_Genotoxicity/1_Git_upload/ChemBAI/ToxCast_model/experiments/training/DART_MTL/results/backup/seed_1/NVS_ENZ_hVEGFR3_gbt_Morgan/model.joblib
2	NVS_ENZ_hVEGFR3	gbt	Morgan	/home1/won0316/_RESEARCH/0817_Genotoxicity/1_Git_upload/ChemBAI/ToxCast_model/experiments/training/DART_MTL/logs/seed_multi/multi_NVS_ENZ_hVEGFR3_gbt_Morgan.log	/home1/won0316/_RESEARCH/0817_Genotoxicity/1_Git_upload/ChemBAI/ToxCast_model/experiments/training/DART_MTL/results/backup/seed_2/NVS_ENZ_hVEGFR3_gbt_Morgan/model.joblib
0	NVS_ENZ_hVEGFR3	gbt	Pattern	/home1/won0316/_RESEARCH/0817_Genotoxicity/1_Git_upload/ChemBAI/ToxCast_model/experiments/training/DART_MTL/logs/seed_multi/multi_NVS_ENZ_hVEGFR3_gbt_Pattern.log	/home1/won0316/_RESEARCH/0817_Genotoxicity/1_Git_upload/ChemBAI/ToxCast_model/experiments/training/DART_MTL/results/backup/seed_0/NVS_ENZ_hVEGFR3_gbt_Pattern/model.joblib
1	NVS_ENZ_hVEGFR3	gbt	Pattern	/home1/won0316/_RESEARCH/0817_Genotoxicity/1_Git_upload/ChemBAI/ToxCast_model/experiments/training/DART_MTL/logs/seed_multi/multi_NVS_ENZ_hVEGFR3_gbt_Pattern.log	/home1/won0316/_RESEARCH/0817_Genotoxicity/1_Git_upload/ChemBAI/ToxCast_model/experiments/training/DART_MTL/results/backup/seed_1/NVS_ENZ_hVEGFR3_gbt_Pattern/model.joblib
2	NVS_ENZ_hVEGFR3	gbt	Pattern	/home1/won0316/_RESEARCH/0817_Genotoxicity/1_Git_upload/ChemBAI/ToxCast_model/experiments/training/DART_MTL/logs/seed_multi/multi_NVS_ENZ_hVEGFR3_gbt_Pattern.log	/home1/won0316/_RESEARCH/0817_Genotoxicity/1_Git_upload/ChemBAI/ToxCast_model/experiments/training/DART_MTL/results/backup/seed_2/NVS_ENZ_hVEGFR3_gbt_Pattern/model.joblib
0	NVS_ENZ_hVEGFR3	gbt	RDKit	/home1/won0316/_RESEARCH/0817_Genotoxicity/1_Git_upload/ChemBAI/ToxCast_model/experiments/training/DART_MTL/logs/seed_multi/multi_NVS_ENZ_hVEGFR3_gbt_RDKit.log	/home1/won0316/_RESEARCH/0817_Genotoxicity/1_Git_upload/ChemBAI/ToxCast_model/experiments/training/DART_MTL/results/backup/seed_0/NVS_ENZ_hVEGFR3_gbt_RDKit/model.joblib
1	NVS_ENZ_hVEGFR3	gbt	RDKit	/home1/won0316/_RESEARCH/0817_Genotoxicity/1_Git_upload/ChemBAI/ToxCast_model/experiments/training/DART_MTL/logs/seed_multi/multi_NVS_ENZ_hVEGFR3_gbt_RDKit.log	/home1/won0316/_RESEARCH/0817_Genotoxicity/1_Git_upload/ChemBAI/ToxCast_model/experiments/training/DART_MTL/results/backup/seed_1/NVS_ENZ_hVEGFR3_gbt_RDKit/model.joblib
2	NVS_ENZ_hVEGFR3	gbt	RDKit	/home1/won0316/_RESEARCH/0817_Genotoxicity/1_Git_upload/ChemBAI/ToxCast_model/experiments/training/DART_MTL/logs/seed_multi/multi_NVS_ENZ_hVEGFR3_gbt_RDKit.log	/home1/won0316/_RESEARCH/0817_Genotoxicity/1_Git_upload/ChemBAI/ToxCast_model/experiments/training/DART_MTL/results/backup/seed_2/NVS_ENZ_hVEGFR3_gbt_RDKit/model.joblib
0	NVS_ENZ_hVEGFR3	logistic	Layered	/home1/won0316/_RESEARCH/0817_Genotoxicity/1_Git_upload/ChemBAI/ToxCast_model/experiments/training/DART_MTL/logs/seed_multi/multi_NVS_ENZ_hVEGFR3_logistic_Layered.log	/home1/won0316/_RESEARCH/0817_Genotoxicity/1_Git_upload/ChemBAI/ToxCast_model/experiments/training/DART_MTL/results/backup/seed_0/NVS_ENZ_hVEGFR3_logistic_Layered/model.joblib
1	NVS_ENZ_hVEGFR3	logistic	Layered	/home1/won0316/_RESEARCH/0817_Genotoxicity/1_Git_upload/ChemBAI/ToxCast_model/experiments/training/DART_MTL/logs/seed_multi/multi_NVS_ENZ_hVEGFR3_logistic_Layered.log	/home1/won0316/_RESEARCH/0817_Genotoxicity/1_Git_upload/ChemBAI/ToxCast_model/experiments/training/DART_MTL/results/backup/seed_1/NVS_ENZ_hVEGFR3_logistic_Layered/model.joblib
2	NVS_ENZ_hVEGFR3	logistic	Layered	/home1/won0316/_RESEARCH/0817_Genotoxicity/1_Git_upload/ChemBAI/ToxCast_model/experiments/training/DART_MTL/logs/seed_multi/multi_NVS_ENZ_hVEGFR3_logistic_Layered.log	/home1/won0316/_RESEARCH/0817_Genotoxicity/1_Git_upload/ChemBAI/ToxCast_model/experiments/training/DART_MTL/results/backup/seed_2/NVS_ENZ_hVEGFR3_logistic_Layered/model.joblib
0	NVS_ENZ_hVEGFR3	logistic	MACCS	/home1/won0316/_RESEARCH/0817_Genotoxicity/1_Git_upload/ChemBAI/ToxCast_model/experiments/training/DART_MTL/logs/seed_multi/multi_NVS_ENZ_hVEGFR3_logistic_MACCS.log	/home1/won0316/_RESEARCH/0817_Genotoxicity/1_Git_upload/ChemBAI/ToxCast_model/experiments/training/DART_MTL/results/backup/seed_0/NVS_ENZ_hVEGFR3_logistic_MACCS/model.joblib
1	NVS_ENZ_hVEGFR3	logistic	MACCS	/home1/won0316/_RESEARCH/0817_Genotoxicity/1_Git_upload/ChemBAI/ToxCast_model/experiments/training/DART_MTL/logs/seed_multi/multi_NVS_ENZ_hVEGFR3_logistic_MACCS.log	/home1/won0316/_RESEARCH/0817_Genotoxicity/1_Git_upload/ChemBAI/ToxCast_model/experiments/training/DART_MTL/results/backup/seed_1/NVS_ENZ_hVEGFR3_logistic_MACCS/model.joblib
2	NVS_ENZ_hVEGFR3	logistic	MACCS	/home1/won0316/_RESEARCH/0817_Genotoxicity/1_Git_upload/ChemBAI/ToxCast_model/experiments/training/DART_MTL/logs/seed_multi/multi_NVS_ENZ_hVEGFR3_logistic_MACCS.log	/home1/won0316/_RESEARCH/0817_Genotoxicity/1_Git_upload/ChemBAI/ToxCast_model/experiments/training/DART_MTL/results/backup/seed_2/NVS_ENZ_hVEGFR3_logistic_MACCS/model.joblib
0	NVS_ENZ_hVEGFR3	logistic	Morgan	/home1/won0316/_RESEARCH/0817_Genotoxicity/1_Git_upload/ChemBAI/ToxCast_model/experiments/training/DART_MTL/logs/seed_multi/multi_NVS_ENZ_hVEGFR3_logistic_Morgan.log	/home1/won0316/_RESEARCH/0817_Genotoxicity/1_Git_upload/ChemBAI/ToxCast_model/experiments/training/DART_MTL/results/backup/seed_0/NVS_ENZ_hVEGFR3_logistic_Morgan/model.joblib
1	NVS_ENZ_hVEGFR3	logistic	Morgan	/home1/won0316/_RESEARCH/0817_Genotoxicity/1_Git_upload/ChemBAI/ToxCast_model/experiments/training/DART_MTL/logs/seed_multi/multi_NVS_ENZ_hVEGFR3_logistic_Morgan.log	/home1/won0316/_RESEARCH/0817_Genotoxicity/1_Git_upload/ChemBAI/ToxCast_model/experiments/training/DART_MTL/results/backup/seed_1/NVS_ENZ_hVEGFR3_logistic_Morgan/model.joblib
2	NVS_ENZ_hVEGFR3	logistic	Morgan	/home1/won0316/_RESEARCH/0817_Genotoxicity/1_Git_upload/ChemBAI/ToxCast_model/experiments/training/DART_MTL/logs/seed_multi/multi_NVS_ENZ_hVEGFR3_logistic_Morgan.log	/home1/won0316/_RESEARCH/0817_Genotoxicity/1_Git_upload/ChemBAI/ToxCast_model/experiments/training/DART_MTL/results/backup/seed_2/NVS_ENZ_hVEGFR3_logistic_Morgan/model.joblib
0	NVS_ENZ_hVEGFR3	logistic	Pattern	/home1/won0316/_RESEARCH/0817_Genotoxicity/1_Git_upload/ChemBAI/ToxCast_model/experiments/training/DART_MTL/logs/seed_multi/multi_NVS_ENZ_hVEGFR3_logistic_Pattern.log	/home1/won0316/_RESEARCH/0817_Genotoxicity/1_Git_upload/ChemBAI/ToxCast_model/experiments/training/DART_MTL/results/backup/seed_0/NVS_ENZ_hVEGFR3_logistic_Pattern/model.joblib
1	NVS_ENZ_hVEGFR3	logistic	Pattern	/home1/won0316/_RESEARCH/0817_Genotoxicity/1_Git_upload/ChemBAI/ToxCast_model/experiments/training/DART_MTL/logs/seed_multi/multi_NVS_ENZ_hVEGFR3_logistic_Pattern.log	/home1/won0316/_RESEARCH/0817_Genotoxicity/1_Git_upload/ChemBAI/ToxCast_model/experiments/training/DART_MTL/results/backup/seed_1/NVS_ENZ_hVEGFR3_logistic_Pattern/model.joblib
2	NVS_ENZ_hVEGFR3	logistic	Pattern	/home1/won0316/_RESEARCH/0817_Genotoxicity/1_Git_upload/ChemBAI/ToxCast_model/experiments/training/DART_MTL/logs/seed_multi/multi_NVS_ENZ_hVEGFR3_logistic_Pattern.log	/home1/won0316/_RESEARCH/0817_Genotoxicity/1_Git_upload/ChemBAI/ToxCast_model/experiments/training/DART_MTL/results/backup/seed_2/NVS_ENZ_hVEGFR3_logistic_Pattern/model.joblib
0	NVS_ENZ_hVEGFR3	logistic	RDKit	/home1/won0316/_RESEARCH/0817_Genotoxicity/1_Git_upload/ChemBAI/ToxCast_model/experiments/training/DART_MTL/logs/seed_multi/multi_NVS_ENZ_hVEGFR3_logistic_RDKit.log	/home1/won0316/_RESEARCH/0817_Genotoxicity/1_Git_upload/ChemBAI/ToxCast_model/experiments/training/DART_MTL/results/backup/seed_0/NVS_ENZ_hVEGFR3_logistic_RDKit/model.joblib
1	NVS_ENZ_hVEGFR3	logistic	RDKit	/home1/won0316/_RESEARCH/0817_Genotoxicity/1_Git_upload/ChemBAI/ToxCast_model/experiments/training/DART_MTL/logs/seed_multi/multi_NVS_ENZ_hVEGFR3_logistic_RDKit.log	/home1/won0316/_RESEARCH/0817_Genotoxicity/1_Git_upload/ChemBAI/ToxCast_model/experiments/training/DART_MTL/results/backup/seed_1/NVS_ENZ_hVEGFR3_logistic_RDKit/model.joblib
2	NVS_ENZ_hVEGFR3	logistic	RDKit	/home1/won0316/_RESEARCH/0817_Genotoxicity/1_Git_upload/ChemBAI/ToxCast_model/experiments/training/DART_MTL/logs/seed_multi/multi_NVS_ENZ_hVEGFR3_logistic_RDKit.log	/home1/won0316/_RESEARCH/0817_Genotoxicity/1_Git_upload/ChemBAI/ToxCast_model/experiments/training/DART_MTL/results/backup/seed_2/NVS_ENZ_hVEGFR3_logistic_RDKit/model.joblib
0	NVS_ENZ_hVEGFR3	rf	Layered	/home1/won0316/_RESEARCH/0817_Genotoxicity/1_Git_upload/ChemBAI/ToxCast_model/experiments/training/DART_MTL/logs/seed_multi/multi_NVS_ENZ_hVEGFR3_rf_Layered.log	/home1/won0316/_RESEARCH/0817_Genotoxicity/1_Git_upload/ChemBAI/ToxCast_model/experiments/training/DART_MTL/results/backup/seed_0/NVS_ENZ_hVEGFR3_rf_Layered/model.joblib
1	NVS_ENZ_hVEGFR3	rf	Layered	/home1/won0316/_RESEARCH/0817_Genotoxicity/1_Git_upload/ChemBAI/ToxCast_model/experiments/training/DART_MTL/logs/seed_multi/multi_NVS_ENZ_hVEGFR3_rf_Layered.log	/home1/won0316/_RESEARCH/0817_Genotoxicity/1_Git_upload/ChemBAI/ToxCast_model/experiments/training/DART_MTL/results/backup/seed_1/NVS_ENZ_hVEGFR3_rf_Layered/model.joblib
2	NVS_ENZ_hVEGFR3	rf	Layered	/home1/won0316/_RESEARCH/0817_Genotoxicity/1_Git_upload/ChemBAI/ToxCast_model/experiments/training/DART_MTL/logs/seed_multi/multi_NVS_ENZ_hVEGFR3_rf_Layered.log	/home1/won0316/_RESEARCH/0817_Genotoxicity/1_Git_upload/ChemBAI/ToxCast_model/experiments/training/DART_MTL/results/backup/seed_2/NVS_ENZ_hVEGFR3_rf_Layered/model.joblib
0	NVS_ENZ_hVEGFR3	rf	MACCS	/home1/won0316/_RESEARCH/0817_Genotoxicity/1_Git_upload/ChemBAI/ToxCast_model/experiments/training/DART_MTL/logs/seed_multi/multi_NVS_ENZ_hVEGFR3_rf_MACCS.log	/home1/won0316/_RESEARCH/0817_Genotoxicity/1_Git_upload/ChemBAI/ToxCast_model/experiments/training/DART_MTL/results/backup/seed_0/NVS_ENZ_hVEGFR3_rf_MACCS/model.joblib
1	NVS_ENZ_hVEGFR3	rf	MACCS	/home1/won0316/_RESEARCH/0817_Genotoxicity/1_Git_upload/ChemBAI/ToxCast_model/experiments/training/DART_MTL/logs/seed_multi/multi_NVS_ENZ_hVEGFR3_rf_MACCS.log	/home1/won0316/_RESEARCH/0817_Genotoxicity/1_Git_upload/ChemBAI/ToxCast_model/experiments/training/DART_MTL/results/backup/seed_1/NVS_ENZ_hVEGFR3_rf_MACCS/model.joblib
2	NVS_ENZ_hVEGFR3	rf	MACCS	/home1/won0316/_RESEARCH/0817_Genotoxicity/1_Git_upload/ChemBAI/ToxCast_model/experiments/training/DART_MTL/logs/seed_multi/multi_NVS_ENZ_hVEGFR3_rf_MACCS.log	/home1/won0316/_RESEARCH/0817_Genotoxicity/1_Git_upload/ChemBAI/ToxCast_model/experiments/training/DART_MTL/results/backup/seed_2/NVS_ENZ_hVEGFR3_rf_MACCS/model.joblib
0	NVS_ENZ_hVEGFR3	rf	Morgan	/home1/won0316/_RESEARCH/0817_Genotoxicity/1_Git_upload/ChemBAI/ToxCast_model/experiments/training/DART_MTL/logs/seed_multi/multi_NVS_ENZ_hVEGFR3_rf_Morgan.log	/home1/won0316/_RESEARCH/0817_Genotoxicity/1_Git_upload/ChemBAI/ToxCast_model/experiments/training/DART_MTL/results/backup/seed_0/NVS_ENZ_hVEGFR3_rf_Morgan/model.joblib
1	NVS_ENZ_hVEGFR3	rf	Morgan	/home1/won0316/_RESEARCH/0817_Genotoxicity/1_Git_upload/ChemBAI/ToxCast_model/experiments/training/DART_MTL/logs/seed_multi/multi_NVS_ENZ_hVEGFR3_rf_Morgan.log	/home1/won0316/_RESEARCH/0817_Genotoxicity/1_Git_upload/ChemBAI/ToxCast_model/experiments/training/DART_MTL/results/backup/seed_1/NVS_ENZ_hVEGFR3_rf_Morgan/model.joblib
2	NVS_ENZ_hVEGFR3	rf	Morgan	/home1/won0316/_RESEARCH/0817_Genotoxicity/1_Git_upload/ChemBAI/ToxCast_model/experiments/training/DART_MTL/logs/seed_multi/multi_NVS_ENZ_hVEGFR3_rf_Morgan.log	/home1/won0316/_RESEARCH/0817_Genotoxicity/1_Git_upload/ChemBAI/ToxCast_model/experiments/training/DART_MTL/results/backup/seed_2/NVS_ENZ_hVEGFR3_rf_Morgan/model.joblib
0	NVS_ENZ_hVEGFR3	rf	Pattern	/home1/won0316/_RESEARCH/0817_Genotoxicity/1_Git_upload/ChemBAI/ToxCast_model/experiments/training/DART_MTL/logs/seed_multi/multi_NVS_ENZ_hVEGFR3_rf_Pattern.log	/home1/won0316/_RESEARCH/0817_Genotoxicity/1_Git_upload/ChemBAI/ToxCast_model/experiments/training/DART_MTL/results/backup/seed_0/NVS_ENZ_hVEGFR3_rf_Pattern/model.joblib
1	NVS_ENZ_hVEGFR3	rf	Pattern	/home1/won0316/_RESEARCH/0817_Genotoxicity/1_Git_upload/ChemBAI/ToxCast_model/experiments/training/DART_MTL/logs/seed_multi/multi_NVS_ENZ_hVEGFR3_rf_Pattern.log	/home1/won0316/_RESEARCH/0817_Genotoxicity/1_Git_upload/ChemBAI/ToxCast_model/experiments/training/DART_MTL/results/backup/seed_1/NVS_ENZ_hVEGFR3_rf_Pattern/model.joblib
2	NVS_ENZ_hVEGFR3	rf	Pattern	/home1/won0316/_RESEARCH/0817_Genotoxicity/1_Git_upload/ChemBAI/ToxCast_model/experiments/training/DART_MTL/logs/seed_multi/multi_NVS_ENZ_hVEGFR3_rf_Pattern.log	/home1/won0316/_RESEARCH/0817_Genotoxicity/1_Git_upload/ChemBAI/ToxCast_model/experiments/training/DART_MTL/results/backup/seed_2/NVS_ENZ_hVEGFR3_rf_Pattern/model.joblib
0	NVS_ENZ_hVEGFR3	rf	RDKit	/home1/won0316/_RESEARCH/0817_Genotoxicity/1_Git_upload/ChemBAI/ToxCast_model/experiments/training/DART_MTL/logs/seed_multi/multi_NVS_ENZ_hVEGFR3_rf_RDKit.log	/home1/won0316/_RESEARCH/0817_Genotoxicity/1_Git_upload/ChemBAI/ToxCast_model/experiments/training/DART_MTL/results/backup/seed_0/NVS_ENZ_hVEGFR3_rf_RDKit/model.joblib
1	NVS_ENZ_hVEGFR3	rf	RDKit	/home1/won0316/_RESEARCH/0817_Genotoxicity/1_Git_upload/ChemBAI/ToxCast_model/experiments/training/DART_MTL/logs/seed_multi/multi_NVS_ENZ_hVEGFR3_rf_RDKit.log	/home1/won0316/_RESEARCH/0817_Genotoxicity/1_Git_upload/ChemBAI/ToxCast_model/experiments/training/DART_MTL/results/backup/seed_1/NVS_ENZ_hVEGFR3_rf_RDKit/model.joblib
2	NVS_ENZ_hVEGFR3	rf	RDKit	/home1/won0316/_RESEARCH/0817_Genotoxicity/1_Git_upload/ChemBAI/ToxCast_model/experiments/training/DART_MTL/logs/seed_multi/multi_NVS_ENZ_hVEGFR3_rf_RDKit.log	/home1/won0316/_RESEARCH/0817_Genotoxicity/1_Git_upload/ChemBAI/ToxCast_model/experiments/training/DART_MTL/results/backup/seed_2/NVS_ENZ_hVEGFR3_rf_RDKit/model.joblib
0	NVS_ENZ_hVEGFR3	xgb	Layered	/home1/won0316/_RESEARCH/0817_Genotoxicity/1_Git_upload/ChemBAI/ToxCast_model/experiments/training/DART_MTL/logs/seed_multi/multi_NVS_ENZ_hVEGFR3_xgb_Layered.log	/home1/won0316/_RESEARCH/0817_Genotoxicity/1_Git_upload/ChemBAI/ToxCast_model/experiments/training/DART_MTL/results/backup/seed_0/NVS_ENZ_hVEGFR3_xgb_Layered/model.joblib
1	NVS_ENZ_hVEGFR3	xgb	Layered	/home1/won0316/_RESEARCH/0817_Genotoxicity/1_Git_upload/ChemBAI/ToxCast_model/experiments/training/DART_MTL/logs/seed_multi/multi_NVS_ENZ_hVEGFR3_xgb_Layered.log	/home1/won0316/_RESEARCH/0817_Genotoxicity/1_Git_upload/ChemBAI/ToxCast_model/experiments/training/DART_MTL/results/backup/seed_1/NVS_ENZ_hVEGFR3_xgb_Layered/model.joblib
2	NVS_ENZ_hVEGFR3	xgb	Layered	/home1/won0316/_RESEARCH/0817_Genotoxicity/1_Git_upload/ChemBAI/ToxCast_model/experiments/training/DART_MTL/logs/seed_multi/multi_NVS_ENZ_hVEGFR3_xgb_Layered.log	/home1/won0316/_RESEARCH/0817_Genotoxicity/1_Git_upload/ChemBAI/ToxCast_model/experiments/training/DART_MTL/results/backup/seed_2/NVS_ENZ_hVEGFR3_xgb_Layered/model.joblib
0	NVS_ENZ_hVEGFR3	xgb	MACCS	/home1/won0316/_RESEARCH/0817_Genotoxicity/1_Git_upload/ChemBAI/ToxCast_model/experiments/training/DART_MTL/logs/seed_multi/multi_NVS_ENZ_hVEGFR3_xgb_MACCS.log	/home1/won0316/_RESEARCH/0817_Genotoxicity/1_Git_upload/ChemBAI/ToxCast_model/experiments/training/DART_MTL/results/backup/seed_0/NVS_ENZ_hVEGFR3_xgb_MACCS/model.joblib
1	NVS_ENZ_hVEGFR3	xgb	MACCS	/home1/won0316/_RESEARCH/0817_Genotoxicity/1_Git_upload/ChemBAI/ToxCast_model/experiments/training/DART_MTL/logs/seed_multi/multi_NVS_ENZ_hVEGFR3_xgb_MACCS.log	/home1/won0316/_RESEARCH/0817_Genotoxicity/1_Git_upload/ChemBAI/ToxCast_model/experiments/training/DART_MTL/results/backup/seed_1/NVS_ENZ_hVEGFR3_xgb_MACCS/model.joblib
2	NVS_ENZ_hVEGFR3	xgb	MACCS	/home1/won0316/_RESEARCH/0817_Genotoxicity/1_Git_upload/ChemBAI/ToxCast_model/experiments/training/DART_MTL/logs/seed_multi/multi_NVS_ENZ_hVEGFR3_xgb_MACCS.log	/home1/won0316/_RESEARCH/0817_Genotoxicity/1_Git_upload/ChemBAI/ToxCast_model/experiments/training/DART_MTL/results/backup/seed_2/NVS_ENZ_hVEGFR3_xgb_MACCS/model.joblib
0	NVS_ENZ_hVEGFR3	xgb	Morgan	/home1/won0316/_RESEARCH/0817_Genotoxicity/1_Git_upload/ChemBAI/ToxCast_model/experiments/training/DART_MTL/logs/seed_multi/multi_NVS_ENZ_hVEGFR3_xgb_Morgan.log	/home1/won0316/_RESEARCH/0817_Genotoxicity/1_Git_upload/ChemBAI/ToxCast_model/experiments/training/DART_MTL/results/backup/seed_0/NVS_ENZ_hVEGFR3_xgb_Morgan/model.joblib
1	NVS_ENZ_hVEGFR3	xgb	Morgan	/home1/won0316/_RESEARCH/0817_Genotoxicity/1_Git_upload/ChemBAI/ToxCast_model/experiments/training/DART_MTL/logs/seed_multi/multi_NVS_ENZ_hVEGFR3_xgb_Morgan.log	/home1/won0316/_RESEARCH/0817_Genotoxicity/1_Git_upload/ChemBAI/ToxCast_model/experiments/training/DART_MTL/results/backup/seed_1/NVS_ENZ_hVEGFR3_xgb_Morgan/model.joblib
2	NVS_ENZ_hVEGFR3	xgb	Morgan	/home1/won0316/_RESEARCH/0817_Genotoxicity/1_Git_upload/ChemBAI/ToxCast_model/experiments/training/DART_MTL/logs/seed_multi/multi_NVS_ENZ_hVEGFR3_xgb_Morgan.log	/home1/won0316/_RESEARCH/0817_Genotoxicity/1_Git_upload/ChemBAI/ToxCast_model/experiments/training/DART_MTL/results/backup/seed_2/NVS_ENZ_hVEGFR3_xgb_Morgan/model.joblib
0	NVS_ENZ_hVEGFR3	xgb	Pattern	/home1/won0316/_RESEARCH/0817_Genotoxicity/1_Git_upload/ChemBAI/ToxCast_model/experiments/training/DART_MTL/logs/seed_multi/multi_NVS_ENZ_hVEGFR3_xgb_Pattern.log	/home1/won0316/_RESEARCH/0817_Genotoxicity/1_Git_upload/ChemBAI/ToxCast_model/experiments/training/DART_MTL/results/backup/seed_0/NVS_ENZ_hVEGFR3_xgb_Pattern/model.joblib
1	NVS_ENZ_hVEGFR3	xgb	Pattern	/home1/won0316/_RESEARCH/0817_Genotoxicity/1_Git_upload/ChemBAI/ToxCast_model/experiments/training/DART_MTL/logs/seed_multi/multi_NVS_ENZ_hVEGFR3_xgb_Pattern.log	/home1/won0316/_RESEARCH/0817_Genotoxicity/1_Git_upload/ChemBAI/ToxCast_model/experiments/training/DART_MTL/results/backup/seed_1/NVS_ENZ_hVEGFR3_xgb_Pattern/model.joblib
2	NVS_ENZ_hVEGFR3	xgb	Pattern	/home1/won0316/_RESEARCH/0817_Genotoxicity/1_Git_upload/ChemBAI/ToxCast_model/experiments/training/DART_MTL/logs/seed_multi/multi_NVS_ENZ_hVEGFR3_xgb_Pattern.log	/home1/won0316/_RESEARCH/0817_Genotoxicity/1_Git_upload/ChemBAI/ToxCast_model/experiments/training/DART_MTL/results/backup/seed_2/NVS_ENZ_hVEGFR3_xgb_Pattern/model.joblib
0	NVS_ENZ_hVEGFR3	xgb	RDKit	/home1/won0316/_RESEARCH/0817_Genotoxicity/1_Git_upload/ChemBAI/ToxCast_model/experiments/training/DART_MTL/logs/seed_multi/multi_NVS_ENZ_hVEGFR3_xgb_RDKit.log	/home1/won0316/_RESEARCH/0817_Genotoxicity/1_Git_upload/ChemBAI/ToxCast_model/experiments/training/DART_MTL/results/backup/seed_0/NVS_ENZ_hVEGFR3_xgb_RDKit/model.joblib
1	NVS_ENZ_hVEGFR3	xgb	RDKit	/home1/won0316/_RESEARCH/0817_Genotoxicity/1_Git_upload/ChemBAI/ToxCast_model/experiments/training/DART_MTL/logs/seed_multi/multi_NVS_ENZ_hVEGFR3_xgb_RDKit.log	/home1/won0316/_RESEARCH/0817_Genotoxicity/1_Git_upload/ChemBAI/ToxCast_model/experiments/training/DART_MTL/results/backup/seed_1/NVS_ENZ_hVEGFR3_xgb_RDKit/model.joblib
2	NVS_ENZ_hVEGFR3	xgb	RDKit	/home1/won0316/_RESEARCH/0817_Genotoxicity/1_Git_upload/ChemBAI/ToxCast_model/experiments/training/DART_MTL/logs/seed_multi/multi_NVS_ENZ_hVEGFR3_xgb_RDKit.log	/home1/won0316/_RESEARCH/0817_Genotoxicity/1_Git_upload/ChemBAI/ToxCast_model/experiments/training/DART_MTL/results/backup/seed_2/NVS_ENZ_hVEGFR3_xgb_RDKit/model.joblib
0	CEETOX_H295R_OHPROG	dt	Layered	/home1/won0316/_RESEARCH/0817_Genotoxicity/1_Git_upload/ChemBAI/ToxCast_model/experiments/training/DART_MTL/logs/seed_multi/multi_CEETOX_H295R_OHPROG_dt_Layered.log	/home1/won0316/_RESEARCH/0817_Genotoxicity/1_Git_upload/ChemBAI/ToxCast_model/experiments/training/DART_MTL/results/backup/seed_0/CEETOX_H295R_OHPROG_dt_Layered/model.joblib
1	CEETOX_H295R_OHPROG	dt	Layered	/home1/won0316/_RESEARCH/0817_Genotoxicity/1_Git_upload/ChemBAI/ToxCast_model/experiments/training/DART_MTL/logs/seed_multi/multi_CEETOX_H295R_OHPROG_dt_Layered.log	/home1/won0316/_RESEARCH/0817_Genotoxicity/1_Git_upload/ChemBAI/ToxCast_model/experiments/training/DART_MTL/results/backup/seed_1/CEETOX_H295R_OHPROG_dt_Layered/model.joblib
2	CEETOX_H295R_OHPROG	dt	Layered	/home1/won0316/_RESEARCH/0817_Genotoxicity/1_Git_upload/ChemBAI/ToxCast_model/experiments/training/DART_MTL/logs/seed_multi/multi_CEETOX_H295R_OHPROG_dt_Layered.log	/home1/won0316/_RESEARCH/0817_Genotoxicity/1_Git_upload/ChemBAI/ToxCast_model/experiments/training/DART_MTL/results/backup/seed_2/CEETOX_H295R_OHPROG_dt_Layered/model.joblib
0	CEETOX_H295R_OHPROG	dt	MACCS	/home1/won0316/_RESEARCH/0817_Genotoxicity/1_Git_upload/ChemBAI/ToxCast_model/experiments/training/DART_MTL/logs/seed_multi/multi_CEETOX_H295R_OHPROG_dt_MACCS.log	/home1/won0316/_RESEARCH/0817_Genotoxicity/1_Git_upload/ChemBAI/ToxCast_model/experiments/training/DART_MTL/results/backup/seed_0/CEETOX_H295R_OHPROG_dt_MACCS/model.joblib
1	CEETOX_H295R_OHPROG	dt	MACCS	/home1/won0316/_RESEARCH/0817_Genotoxicity/1_Git_upload/ChemBAI/ToxCast_model/experiments/training/DART_MTL/logs/seed_multi/multi_CEETOX_H295R_OHPROG_dt_MACCS.log	/home1/won0316/_RESEARCH/0817_Genotoxicity/1_Git_upload/ChemBAI/ToxCast_model/experiments/training/DART_MTL/results/backup/seed_1/CEETOX_H295R_OHPROG_dt_MACCS/model.joblib
2	CEETOX_H295R_OHPROG	dt	MACCS	/home1/won0316/_RESEARCH/0817_Genotoxicity/1_Git_upload/ChemBAI/ToxCast_model/experiments/training/DART_MTL/logs/seed_multi/multi_CEETOX_H295R_OHPROG_dt_MACCS.log	/home1/won0316/_RESEARCH/0817_Genotoxicity/1_Git_upload/ChemBAI/ToxCast_model/experiments/training/DART_MTL/results/backup/seed_2/CEETOX_H295R_OHPROG_dt_MACCS/model.joblib
0	CEETOX_H295R_OHPROG	dt	Morgan	/home1/won0316/_RESEARCH/0817_Genotoxicity/1_Git_upload/ChemBAI/ToxCast_model/experiments/training/DART_MTL/logs/seed_multi/multi_CEETOX_H295R_OHPROG_dt_Morgan.log	/home1/won0316/_RESEARCH/0817_Genotoxicity/1_Git_upload/ChemBAI/ToxCast_model/experiments/training/DART_MTL/results/backup/seed_0/CEETOX_H295R_OHPROG_dt_Morgan/model.joblib
1	CEETOX_H295R_OHPROG	dt	Morgan	/home1/won0316/_RESEARCH/0817_Genotoxicity/1_Git_upload/ChemBAI/ToxCast_model/experiments/training/DART_MTL/logs/seed_multi/multi_CEETOX_H295R_OHPROG_dt_Morgan.log	/home1/won0316/_RESEARCH/0817_Genotoxicity/1_Git_upload/ChemBAI/ToxCast_model/experiments/training/DART_MTL/results/backup/seed_1/CEETOX_H295R_OHPROG_dt_Morgan/model.joblib
2	CEETOX_H295R_OHPROG	dt	Morgan	/home1/won0316/_RESEARCH/0817_Genotoxicity/1_Git_upload/ChemBAI/ToxCast_model/experiments/training/DART_MTL/logs/seed_multi/multi_CEETOX_H295R_OHPROG_dt_Morgan.log	/home1/won0316/_RESEARCH/0817_Genotoxicity/1_Git_upload/ChemBAI/ToxCast_model/experiments/training/DART_MTL/results/backup/seed_2/CEETOX_H295R_OHPROG_dt_Morgan/model.joblib
0	CEETOX_H295R_OHPROG	dt	Pattern	/home1/won0316/_RESEARCH/0817_Genotoxicity/1_Git_upload/ChemBAI/ToxCast_model/experiments/training/DART_MTL/logs/seed_multi/multi_CEETOX_H295R_OHPROG_dt_Pattern.log	/home1/won0316/_RESEARCH/0817_Genotoxicity/1_Git_upload/ChemBAI/ToxCast_model/experiments/training/DART_MTL/results/backup/seed_0/CEETOX_H295R_OHPROG_dt_Pattern/model.joblib
1	CEETOX_H295R_OHPROG	dt	Pattern	/home1/won0316/_RESEARCH/0817_Genotoxicity/1_Git_upload/ChemBAI/ToxCast_model/experiments/training/DART_MTL/logs/seed_multi/multi_CEETOX_H295R_OHPROG_dt_Pattern.log	/home1/won0316/_RESEARCH/0817_Genotoxicity/1_Git_upload/ChemBAI/ToxCast_model/experiments/training/DART_MTL/results/backup/seed_1/CEETOX_H295R_OHPROG_dt_Pattern/model.joblib
2	CEETOX_H295R_OHPROG	dt	Pattern	/home1/won0316/_RESEARCH/0817_Genotoxicity/1_Git_upload/ChemBAI/ToxCast_model/experiments/training/DART_MTL/logs/seed_multi/multi_CEETOX_H295R_OHPROG_dt_Pattern.log	/home1/won0316/_RESEARCH/0817_Genotoxicity/1_Git_upload/ChemBAI/ToxCast_model/experiments/training/DART_MTL/results/backup/seed_2/CEETOX_H295R_OHPROG_dt_Pattern/model.joblib
0	CEETOX_H295R_OHPROG	dt	RDKit	/home1/won0316/_RESEARCH/0817_Genotoxicity/1_Git_upload/ChemBAI/ToxCast_model/experiments/training/DART_MTL/logs/seed_multi/multi_CEETOX_H295R_OHPROG_dt_RDKit.log	/home1/won0316/_RESEARCH/0817_Genotoxicity/1_Git_upload/ChemBAI/ToxCast_model/experiments/training/DART_MTL/results/backup/seed_0/CEETOX_H295R_OHPROG_dt_RDKit/model.joblib
1	CEETOX_H295R_OHPROG	dt	RDKit	/home1/won0316/_RESEARCH/0817_Genotoxicity/1_Git_upload/ChemBAI/ToxCast_model/experiments/training/DART_MTL/logs/seed_multi/multi_CEETOX_H295R_OHPROG_dt_RDKit.log	/home1/won0316/_RESEARCH/0817_Genotoxicity/1_Git_upload/ChemBAI/ToxCast_model/experiments/training/DART_MTL/results/backup/seed_1/CEETOX_H295R_OHPROG_dt_RDKit/model.joblib
2	CEETOX_H295R_OHPROG	dt	RDKit	/home1/won0316/_RESEARCH/0817_Genotoxicity/1_Git_upload/ChemBAI/ToxCast_model/experiments/training/DART_MTL/logs/seed_multi/multi_CEETOX_H295R_OHPROG_dt_RDKit.log	/home1/won0316/_RESEARCH/0817_Genotoxicity/1_Git_upload/ChemBAI/ToxCast_model/experiments/training/DART_MTL/results/backup/seed_2/CEETOX_H295R_OHPROG_dt_RDKit/model.joblib
0	CEETOX_H295R_OHPROG	gbt	Layered	/home1/won0316/_RESEARCH/0817_Genotoxicity/1_Git_upload/ChemBAI/ToxCast_model/experiments/training/DART_MTL/logs/seed_multi/multi_CEETOX_H295R_OHPROG_gbt_Layered.log	/home1/won0316/_RESEARCH/0817_Genotoxicity/1_Git_upload/ChemBAI/ToxCast_model/experiments/training/DART_MTL/results/backup/seed_0/CEETOX_H295R_OHPROG_gbt_Layered/model.joblib
1	CEETOX_H295R_OHPROG	gbt	Layered	/home1/won0316/_RESEARCH/0817_Genotoxicity/1_Git_upload/ChemBAI/ToxCast_model/experiments/training/DART_MTL/logs/seed_multi/multi_CEETOX_H295R_OHPROG_gbt_Layered.log	/home1/won0316/_RESEARCH/0817_Genotoxicity/1_Git_upload/ChemBAI/ToxCast_model/experiments/training/DART_MTL/results/backup/seed_1/CEETOX_H295R_OHPROG_gbt_Layered/model.joblib
2	CEETOX_H295R_OHPROG	gbt	Layered	/home1/won0316/_RESEARCH/0817_Genotoxicity/1_Git_upload/ChemBAI/ToxCast_model/experiments/training/DART_MTL/logs/seed_multi/multi_CEETOX_H295R_OHPROG_gbt_Layered.log	/home1/won0316/_RESEARCH/0817_Genotoxicity/1_Git_upload/ChemBAI/ToxCast_model/experiments/training/DART_MTL/results/backup/seed_2/CEETOX_H295R_OHPROG_gbt_Layered/model.joblib
0	CEETOX_H295R_OHPROG	gbt	MACCS	/home1/won0316/_RESEARCH/0817_Genotoxicity/1_Git_upload/ChemBAI/ToxCast_model/experiments/training/DART_MTL/logs/seed_multi/multi_CEETOX_H295R_OHPROG_gbt_MACCS.log	/home1/won0316/_RESEARCH/0817_Genotoxicity/1_Git_upload/ChemBAI/ToxCast_model/experiments/training/DART_MTL/results/backup/seed_0/CEETOX_H295R_OHPROG_gbt_MACCS/model.joblib
1	CEETOX_H295R_OHPROG	gbt	MACCS	/home1/won0316/_RESEARCH/0817_Genotoxicity/1_Git_upload/ChemBAI/ToxCast_model/experiments/training/DART_MTL/logs/seed_multi/multi_CEETOX_H295R_OHPROG_gbt_MACCS.log	/home1/won0316/_RESEARCH/0817_Genotoxicity/1_Git_upload/ChemBAI/ToxCast_model/experiments/training/DART_MTL/results/backup/seed_1/CEETOX_H295R_OHPROG_gbt_MACCS/model.joblib
2	CEETOX_H295R_OHPROG	gbt	MACCS	/home1/won0316/_RESEARCH/0817_Genotoxicity/1_Git_upload/ChemBAI/ToxCast_model/experiments/training/DART_MTL/logs/seed_multi/multi_CEETOX_H295R_OHPROG_gbt_MACCS.log	/home1/won0316/_RESEARCH/0817_Genotoxicity/1_Git_upload/ChemBAI/ToxCast_model/experiments/training/DART_MTL/results/backup/seed_2/CEETOX_H295R_OHPROG_gbt_MACCS/model.joblib
0	CEETOX_H295R_OHPROG	gbt	Morgan	/home1/won0316/_RESEARCH/0817_Genotoxicity/1_Git_upload/ChemBAI/ToxCast_model/experiments/training/DART_MTL/logs/seed_multi/multi_CEETOX_H295R_OHPROG_gbt_Morgan.log	/home1/won0316/_RESEARCH/0817_Genotoxicity/1_Git_upload/ChemBAI/ToxCast_model/experiments/training/DART_MTL/results/backup/seed_0/CEETOX_H295R_OHPROG_gbt_Morgan/model.joblib
1	CEETOX_H295R_OHPROG	gbt	Morgan	/home1/won0316/_RESEARCH/0817_Genotoxicity/1_Git_upload/ChemBAI/ToxCast_model/experiments/training/DART_MTL/logs/seed_multi/multi_CEETOX_H295R_OHPROG_gbt_Morgan.log	/home1/won0316/_RESEARCH/0817_Genotoxicity/1_Git_upload/ChemBAI/ToxCast_model/experiments/training/DART_MTL/results/backup/seed_1/CEETOX_H295R_OHPROG_gbt_Morgan/model.joblib
2	CEETOX_H295R_OHPROG	gbt	Morgan	/home1/won0316/_RESEARCH/0817_Genotoxicity/1_Git_upload/ChemBAI/ToxCast_model/experiments/training/DART_MTL/logs/seed_multi/multi_CEETOX_H295R_OHPROG_gbt_Morgan.log	/home1/won0316/_RESEARCH/0817_Genotoxicity/1_Git_upload/ChemBAI/ToxCast_model/experiments/training/DART_MTL/results/backup/seed_2/CEETOX_H295R_OHPROG_gbt_Morgan/model.joblib
0	CEETOX_H295R_OHPROG	gbt	Pattern	/home1/won0316/_RESEARCH/0817_Genotoxicity/1_Git_upload/ChemBAI/ToxCast_model/experiments/training/DART_MTL/logs/seed_multi/multi_CEETOX_H295R_OHPROG_gbt_Pattern.log	/home1/won0316/_RESEARCH/0817_Genotoxicity/1_Git_upload/ChemBAI/ToxCast_model/experiments/training/DART_MTL/results/backup/seed_0/CEETOX_H295R_OHPROG_gbt_Pattern/model.joblib
1	CEETOX_H295R_OHPROG	gbt	Pattern	/home1/won0316/_RESEARCH/0817_Genotoxicity/1_Git_upload/ChemBAI/ToxCast_model/experiments/training/DART_MTL/logs/seed_multi/multi_CEETOX_H295R_OHPROG_gbt_Pattern.log	/home1/won0316/_RESEARCH/0817_Genotoxicity/1_Git_upload/ChemBAI/ToxCast_model/experiments/training/DART_MTL/results/backup/seed_1/CEETOX_H295R_OHPROG_gbt_Pattern/model.joblib
2	CEETOX_H295R_OHPROG	gbt	Pattern	/home1/won0316/_RESEARCH/0817_Genotoxicity/1_Git_upload/ChemBAI/ToxCast_model/experiments/training/DART_MTL/logs/seed_multi/multi_CEETOX_H295R_OHPROG_gbt_Pattern.log	/home1/won0316/_RESEARCH/0817_Genotoxicity/1_Git_upload/ChemBAI/ToxCast_model/experiments/training/DART_MTL/results/backup/seed_2/CEETOX_H295R_OHPROG_gbt_Pattern/model.joblib
0	CEETOX_H295R_OHPROG	gbt	RDKit	/home1/won0316/_RESEARCH/0817_Genotoxicity/1_Git_upload/ChemBAI/ToxCast_model/experiments/training/DART_MTL/logs/seed_multi/multi_CEETOX_H295R_OHPROG_gbt_RDKit.log	/home1/won0316/_RESEARCH/0817_Genotoxicity/1_Git_upload/ChemBAI/ToxCast_model/experiments/training/DART_MTL/results/backup/seed_0/CEETOX_H295R_OHPROG_gbt_RDKit/model.joblib
1	CEETOX_H295R_OHPROG	gbt	RDKit	/home1/won0316/_RESEARCH/0817_Genotoxicity/1_Git_upload/ChemBAI/ToxCast_model/experiments/training/DART_MTL/logs/seed_multi/multi_CEETOX_H295R_OHPROG_gbt_RDKit.log	/home1/won0316/_RESEARCH/0817_Genotoxicity/1_Git_upload/ChemBAI/ToxCast_model/experiments/training/DART_MTL/results/backup/seed_1/CEETOX_H295R_OHPROG_gbt_RDKit/model.joblib
2	CEETOX_H295R_OHPROG	gbt	RDKit	/home1/won0316/_RESEARCH/0817_Genotoxicity/1_Git_upload/ChemBAI/ToxCast_model/experiments/training/DART_MTL/logs/seed_multi/multi_CEETOX_H295R_OHPROG_gbt_RDKit.log	/home1/won0316/_RESEARCH/0817_Genotoxicity/1_Git_upload/ChemBAI/ToxCast_model/experiments/training/DART_MTL/results/backup/seed_2/CEETOX_H295R_OHPROG_gbt_RDKit/model.joblib
0	CEETOX_H295R_OHPROG	logistic	Layered	/home1/won0316/_RESEARCH/0817_Genotoxicity/1_Git_upload/ChemBAI/ToxCast_model/experiments/training/DART_MTL/logs/seed_multi/multi_CEETOX_H295R_OHPROG_logistic_Layered.log	/home1/won0316/_RESEARCH/0817_Genotoxicity/1_Git_upload/ChemBAI/ToxCast_model/experiments/training/DART_MTL/results/backup/seed_0/CEETOX_H295R_OHPROG_logistic_Layered/model.joblib
1	CEETOX_H295R_OHPROG	logistic	Layered	/home1/won0316/_RESEARCH/0817_Genotoxicity/1_Git_upload/ChemBAI/ToxCast_model/experiments/training/DART_MTL/logs/seed_multi/multi_CEETOX_H295R_OHPROG_logistic_Layered.log	/home1/won0316/_RESEARCH/0817_Genotoxicity/1_Git_upload/ChemBAI/ToxCast_model/experiments/training/DART_MTL/results/backup/seed_1/CEETOX_H295R_OHPROG_logistic_Layered/model.joblib
2	CEETOX_H295R_OHPROG	logistic	Layered	/home1/won0316/_RESEARCH/0817_Genotoxicity/1_Git_upload/ChemBAI/ToxCast_model/experiments/training/DART_MTL/logs/seed_multi/multi_CEETOX_H295R_OHPROG_logistic_Layered.log	/home1/won0316/_RESEARCH/0817_Genotoxicity/1_Git_upload/ChemBAI/ToxCast_model/experiments/training/DART_MTL/results/backup/seed_2/CEETOX_H295R_OHPROG_logistic_Layered/model.joblib
0	CEETOX_H295R_OHPROG	logistic	MACCS	/home1/won0316/_RESEARCH/0817_Genotoxicity/1_Git_upload/ChemBAI/ToxCast_model/experiments/training/DART_MTL/logs/seed_multi/multi_CEETOX_H295R_OHPROG_logistic_MACCS.log	/home1/won0316/_RESEARCH/0817_Genotoxicity/1_Git_upload/ChemBAI/ToxCast_model/experiments/training/DART_MTL/results/backup/seed_0/CEETOX_H295R_OHPROG_logistic_MACCS/model.joblib
1	CEETOX_H295R_OHPROG	logistic	MACCS	/home1/won0316/_RESEARCH/0817_Genotoxicity/1_Git_upload/ChemBAI/ToxCast_model/experiments/training/DART_MTL/logs/seed_multi/multi_CEETOX_H295R_OHPROG_logistic_MACCS.log	/home1/won0316/_RESEARCH/0817_Genotoxicity/1_Git_upload/ChemBAI/ToxCast_model/experiments/training/DART_MTL/results/backup/seed_1/CEETOX_H295R_OHPROG_logistic_MACCS/model.joblib
2	CEETOX_H295R_OHPROG	logistic	MACCS	/home1/won0316/_RESEARCH/0817_Genotoxicity/1_Git_upload/ChemBAI/ToxCast_model/experiments/training/DART_MTL/logs/seed_multi/multi_CEETOX_H295R_OHPROG_logistic_MACCS.log	/home1/won0316/_RESEARCH/0817_Genotoxicity/1_Git_upload/ChemBAI/ToxCast_model/experiments/training/DART_MTL/results/backup/seed_2/CEETOX_H295R_OHPROG_logistic_MACCS/model.joblib
0	CEETOX_H295R_OHPROG	logistic	Morgan	/home1/won0316/_RESEARCH/0817_Genotoxicity/1_Git_upload/ChemBAI/ToxCast_model/experiments/training/DART_MTL/logs/seed_multi/multi_CEETOX_H295R_OHPROG_logistic_Morgan.log	/home1/won0316/_RESEARCH/0817_Genotoxicity/1_Git_upload/ChemBAI/ToxCast_model/experiments/training/DART_MTL/results/backup/seed_0/CEETOX_H295R_OHPROG_logistic_Morgan/model.joblib
1	CEETOX_H295R_OHPROG	logistic	Morgan	/home1/won0316/_RESEARCH/0817_Genotoxicity/1_Git_upload/ChemBAI/ToxCast_model/experiments/training/DART_MTL/logs/seed_multi/multi_CEETOX_H295R_OHPROG_logistic_Morgan.log	/home1/won0316/_RESEARCH/0817_Genotoxicity/1_Git_upload/ChemBAI/ToxCast_model/experiments/training/DART_MTL/results/backup/seed_1/CEETOX_H295R_OHPROG_logistic_Morgan/model.joblib
2	CEETOX_H295R_OHPROG	logistic	Morgan	/home1/won0316/_RESEARCH/0817_Genotoxicity/1_Git_upload/ChemBAI/ToxCast_model/experiments/training/DART_MTL/logs/seed_multi/multi_CEETOX_H295R_OHPROG_logistic_Morgan.log	/home1/won0316/_RESEARCH/0817_Genotoxicity/1_Git_upload/ChemBAI/ToxCast_model/experiments/training/DART_MTL/results/backup/seed_2/CEETOX_H295R_OHPROG_logistic_Morgan/model.joblib
0	CEETOX_H295R_OHPROG	logistic	Pattern	/home1/won0316/_RESEARCH/0817_Genotoxicity/1_Git_upload/ChemBAI/ToxCast_model/experiments/training/DART_MTL/logs/seed_multi/multi_CEETOX_H295R_OHPROG_logistic_Pattern.log	/home1/won0316/_RESEARCH/0817_Genotoxicity/1_Git_upload/ChemBAI/ToxCast_model/experiments/training/DART_MTL/results/backup/seed_0/CEETOX_H295R_OHPROG_logistic_Pattern/model.joblib
1	CEETOX_H295R_OHPROG	logistic	Pattern	/home1/won0316/_RESEARCH/0817_Genotoxicity/1_Git_upload/ChemBAI/ToxCast_model/experiments/training/DART_MTL/logs/seed_multi/multi_CEETOX_H295R_OHPROG_logistic_Pattern.log	/home1/won0316/_RESEARCH/0817_Genotoxicity/1_Git_upload/ChemBAI/ToxCast_model/experiments/training/DART_MTL/results/backup/seed_1/CEETOX_H295R_OHPROG_logistic_Pattern/model.joblib
2	CEETOX_H295R_OHPROG	logistic	Pattern	/home1/won0316/_RESEARCH/0817_Genotoxicity/1_Git_upload/ChemBAI/ToxCast_model/experiments/training/DART_MTL/logs/seed_multi/multi_CEETOX_H295R_OHPROG_logistic_Pattern.log	/home1/won0316/_RESEARCH/0817_Genotoxicity/1_Git_upload/ChemBAI/ToxCast_model/experiments/training/DART_MTL/results/backup/seed_2/CEETOX_H295R_OHPROG_logistic_Pattern/model.joblib
0	CEETOX_H295R_OHPROG	logistic	RDKit	/home1/won0316/_RESEARCH/0817_Genotoxicity/1_Git_upload/ChemBAI/ToxCast_model/experiments/training/DART_MTL/logs/seed_multi/multi_CEETOX_H295R_OHPROG_logistic_RDKit.log	/home1/won0316/_RESEARCH/0817_Genotoxicity/1_Git_upload/ChemBAI/ToxCast_model/experiments/training/DART_MTL/results/backup/seed_0/CEETOX_H295R_OHPROG_logistic_RDKit/model.joblib
1	CEETOX_H295R_OHPROG	logistic	RDKit	/home1/won0316/_RESEARCH/0817_Genotoxicity/1_Git_upload/ChemBAI/ToxCast_model/experiments/training/DART_MTL/logs/seed_multi/multi_CEETOX_H295R_OHPROG_logistic_RDKit.log	/home1/won0316/_RESEARCH/0817_Genotoxicity/1_Git_upload/ChemBAI/ToxCast_model/experiments/training/DART_MTL/results/backup/seed_1/CEETOX_H295R_OHPROG_logistic_RDKit/model.joblib
2	CEETOX_H295R_OHPROG	logistic	RDKit	/home1/won0316/_RESEARCH/0817_Genotoxicity/1_Git_upload/ChemBAI/ToxCast_model/experiments/training/DART_MTL/logs/seed_multi/multi_CEETOX_H295R_OHPROG_logistic_RDKit.log	/home1/won0316/_RESEARCH/0817_Genotoxicity/1_Git_upload/ChemBAI/ToxCast_model/experiments/training/DART_MTL/results/backup/seed_2/CEETOX_H295R_OHPROG_logistic_RDKit/model.joblib
0	CEETOX_H295R_OHPROG	rf	Layered	/home1/won0316/_RESEARCH/0817_Genotoxicity/1_Git_upload/ChemBAI/ToxCast_model/experiments/training/DART_MTL/logs/seed_multi/multi_CEETOX_H295R_OHPROG_rf_Layered.log	/home1/won0316/_RESEARCH/0817_Genotoxicity/1_Git_upload/ChemBAI/ToxCast_model/experiments/training/DART_MTL/results/backup/seed_0/CEETOX_H295R_OHPROG_rf_Layered/model.joblib
1	CEETOX_H295R_OHPROG	rf	Layered	/home1/won0316/_RESEARCH/0817_Genotoxicity/1_Git_upload/ChemBAI/ToxCast_model/experiments/training/DART_MTL/logs/seed_multi/multi_CEETOX_H295R_OHPROG_rf_Layered.log	/home1/won0316/_RESEARCH/0817_Genotoxicity/1_Git_upload/ChemBAI/ToxCast_model/experiments/training/DART_MTL/results/backup/seed_1/CEETOX_H295R_OHPROG_rf_Layered/model.joblib
2	CEETOX_H295R_OHPROG	rf	Layered	/home1/won0316/_RESEARCH/0817_Genotoxicity/1_Git_upload/ChemBAI/ToxCast_model/experiments/training/DART_MTL/logs/seed_multi/multi_CEETOX_H295R_OHPROG_rf_Layered.log	/home1/won0316/_RESEARCH/0817_Genotoxicity/1_Git_upload/ChemBAI/ToxCast_model/experiments/training/DART_MTL/results/backup/seed_2/CEETOX_H295R_OHPROG_rf_Layered/model.joblib
0	CEETOX_H295R_OHPROG	rf	MACCS	/home1/won0316/_RESEARCH/0817_Genotoxicity/1_Git_upload/ChemBAI/ToxCast_model/experiments/training/DART_MTL/logs/seed_multi/multi_CEETOX_H295R_OHPROG_rf_MACCS.log	/home1/won0316/_RESEARCH/0817_Genotoxicity/1_Git_upload/ChemBAI/ToxCast_model/experiments/training/DART_MTL/results/backup/seed_0/CEETOX_H295R_OHPROG_rf_MACCS/model.joblib
1	CEETOX_H295R_OHPROG	rf	MACCS	/home1/won0316/_RESEARCH/0817_Genotoxicity/1_Git_upload/ChemBAI/ToxCast_model/experiments/training/DART_MTL/logs/seed_multi/multi_CEETOX_H295R_OHPROG_rf_MACCS.log	/home1/won0316/_RESEARCH/0817_Genotoxicity/1_Git_upload/ChemBAI/ToxCast_model/experiments/training/DART_MTL/results/backup/seed_1/CEETOX_H295R_OHPROG_rf_MACCS/model.joblib
2	CEETOX_H295R_OHPROG	rf	MACCS	/home1/won0316/_RESEARCH/0817_Genotoxicity/1_Git_upload/ChemBAI/ToxCast_model/experiments/training/DART_MTL/logs/seed_multi/multi_CEETOX_H295R_OHPROG_rf_MACCS.log	/home1/won0316/_RESEARCH/0817_Genotoxicity/1_Git_upload/ChemBAI/ToxCast_model/experiments/training/DART_MTL/results/backup/seed_2/CEETOX_H295R_OHPROG_rf_MACCS/model.joblib
0	CEETOX_H295R_OHPROG	rf	Morgan	/home1/won0316/_RESEARCH/0817_Genotoxicity/1_Git_upload/ChemBAI/ToxCast_model/experiments/training/DART_MTL/logs/seed_multi/multi_CEETOX_H295R_OHPROG_rf_Morgan.log	/home1/won0316/_RESEARCH/0817_Genotoxicity/1_Git_upload/ChemBAI/ToxCast_model/experiments/training/DART_MTL/results/backup/seed_0/CEETOX_H295R_OHPROG_rf_Morgan/model.joblib
1	CEETOX_H295R_OHPROG	rf	Morgan	/home1/won0316/_RESEARCH/0817_Genotoxicity/1_Git_upload/ChemBAI/ToxCast_model/experiments/training/DART_MTL/logs/seed_multi/multi_CEETOX_H295R_OHPROG_rf_Morgan.log	/home1/won0316/_RESEARCH/0817_Genotoxicity/1_Git_upload/ChemBAI/ToxCast_model/experiments/training/DART_MTL/results/backup/seed_1/CEETOX_H295R_OHPROG_rf_Morgan/model.joblib
2	CEETOX_H295R_OHPROG	rf	Morgan	/home1/won0316/_RESEARCH/0817_Genotoxicity/1_Git_upload/ChemBAI/ToxCast_model/experiments/training/DART_MTL/logs/seed_multi/multi_CEETOX_H295R_OHPROG_rf_Morgan.log	/home1/won0316/_RESEARCH/0817_Genotoxicity/1_Git_upload/ChemBAI/ToxCast_model/experiments/training/DART_MTL/results/backup/seed_2/CEETOX_H295R_OHPROG_rf_Morgan/model.joblib
0	CEETOX_H295R_OHPROG	rf	Pattern	/home1/won0316/_RESEARCH/0817_Genotoxicity/1_Git_upload/ChemBAI/ToxCast_model/experiments/training/DART_MTL/logs/seed_multi/multi_CEETOX_H295R_OHPROG_rf_Pattern.log	/home1/won0316/_RESEARCH/0817_Genotoxicity/1_Git_upload/ChemBAI/ToxCast_model/experiments/training/DART_MTL/results/backup/seed_0/CEETOX_H295R_OHPROG_rf_Pattern/model.joblib
1	CEETOX_H295R_OHPROG	rf	Pattern	/home1/won0316/_RESEARCH/0817_Genotoxicity/1_Git_upload/ChemBAI/ToxCast_model/experiments/training/DART_MTL/logs/seed_multi/multi_CEETOX_H295R_OHPROG_rf_Pattern.log	/home1/won0316/_RESEARCH/0817_Genotoxicity/1_Git_upload/ChemBAI/ToxCast_model/experiments/training/DART_MTL/results/backup/seed_1/CEETOX_H295R_OHPROG_rf_Pattern/model.joblib
2	CEETOX_H295R_OHPROG	rf	Pattern	/home1/won0316/_RESEARCH/0817_Genotoxicity/1_Git_upload/ChemBAI/ToxCast_model/experiments/training/DART_MTL/logs/seed_multi/multi_CEETOX_H295R_OHPROG_rf_Pattern.log	/home1/won0316/_RESEARCH/0817_Genotoxicity/1_Git_upload/ChemBAI/ToxCast_model/experiments/training/DART_MTL/results/backup/seed_2/CEETOX_H295R_OHPROG_rf_Pattern/model.joblib
0	CEETOX_H295R_OHPROG	rf	RDKit	/home1/won0316/_RESEARCH/0817_Genotoxicity/1_Git_upload/ChemBAI/ToxCast_model/experiments/training/DART_MTL/logs/seed_multi/multi_CEETOX_H295R_OHPROG_rf_RDKit.log	/home1/won0316/_RESEARCH/0817_Genotoxicity/1_Git_upload/ChemBAI/ToxCast_model/experiments/training/DART_MTL/results/backup/seed_0/CEETOX_H295R_OHPROG_rf_RDKit/model.joblib
1	CEETOX_H295R_OHPROG	rf	RDKit	/home1/won0316/_RESEARCH/0817_Genotoxicity/1_Git_upload/ChemBAI/ToxCast_model/experiments/training/DART_MTL/logs/seed_multi/multi_CEETOX_H295R_OHPROG_rf_RDKit.log	/home1/won0316/_RESEARCH/0817_Genotoxicity/1_Git_upload/ChemBAI/ToxCast_model/experiments/training/DART_MTL/results/backup/seed_1/CEETOX_H295R_OHPROG_rf_RDKit/model.joblib
2	CEETOX_H295R_OHPROG	rf	RDKit	/home1/won0316/_RESEARCH/0817_Genotoxicity/1_Git_upload/ChemBAI/ToxCast_model/experiments/training/DART_MTL/logs/seed_multi/multi_CEETOX_H295R_OHPROG_rf_RDKit.log	/home1/won0316/_RESEARCH/0817_Genotoxicity/1_Git_upload/ChemBAI/ToxCast_model/experiments/training/DART_MTL/results/backup/seed_2/CEETOX_H295R_OHPROG_rf_RDKit/model.joblib
0	CEETOX_H295R_OHPROG	xgb	Layered	/home1/won0316/_RESEARCH/0817_Genotoxicity/1_Git_upload/ChemBAI/ToxCast_model/experiments/training/DART_MTL/logs/seed_multi/multi_CEETOX_H295R_OHPROG_xgb_Layered.log	/home1/won0316/_RESEARCH/0817_Genotoxicity/1_Git_upload/ChemBAI/ToxCast_model/experiments/training/DART_MTL/results/backup/seed_0/CEETOX_H295R_OHPROG_xgb_Layered/model.joblib
1	CEETOX_H295R_OHPROG	xgb	Layered	/home1/won0316/_RESEARCH/0817_Genotoxicity/1_Git_upload/ChemBAI/ToxCast_model/experiments/training/DART_MTL/logs/seed_multi/multi_CEETOX_H295R_OHPROG_xgb_Layered.log	/home1/won0316/_RESEARCH/0817_Genotoxicity/1_Git_upload/ChemBAI/ToxCast_model/experiments/training/DART_MTL/results/backup/seed_1/CEETOX_H295R_OHPROG_xgb_Layered/model.joblib
2	CEETOX_H295R_OHPROG	xgb	Layered	/home1/won0316/_RESEARCH/0817_Genotoxicity/1_Git_upload/ChemBAI/ToxCast_model/experiments/training/DART_MTL/logs/seed_multi/multi_CEETOX_H295R_OHPROG_xgb_Layered.log	/home1/won0316/_RESEARCH/0817_Genotoxicity/1_Git_upload/ChemBAI/ToxCast_model/experiments/training/DART_MTL/results/backup/seed_2/CEETOX_H295R_OHPROG_xgb_Layered/model.joblib
0	CEETOX_H295R_OHPROG	xgb	MACCS	/home1/won0316/_RESEARCH/0817_Genotoxicity/1_Git_upload/ChemBAI/ToxCast_model/experiments/training/DART_MTL/logs/seed_multi/multi_CEETOX_H295R_OHPROG_xgb_MACCS.log	/home1/won0316/_RESEARCH/0817_Genotoxicity/1_Git_upload/ChemBAI/ToxCast_model/experiments/training/DART_MTL/results/backup/seed_0/CEETOX_H295R_OHPROG_xgb_MACCS/model.joblib
1	CEETOX_H295R_OHPROG	xgb	MACCS	/home1/won0316/_RESEARCH/0817_Genotoxicity/1_Git_upload/ChemBAI/ToxCast_model/experiments/training/DART_MTL/logs/seed_multi/multi_CEETOX_H295R_OHPROG_xgb_MACCS.log	/home1/won0316/_RESEARCH/0817_Genotoxicity/1_Git_upload/ChemBAI/ToxCast_model/experiments/training/DART_MTL/results/backup/seed_1/CEETOX_H295R_OHPROG_xgb_MACCS/model.joblib
2	CEETOX_H295R_OHPROG	xgb	MACCS	/home1/won0316/_RESEARCH/0817_Genotoxicity/1_Git_upload/ChemBAI/ToxCast_model/experiments/training/DART_MTL/logs/seed_multi/multi_CEETOX_H295R_OHPROG_xgb_MACCS.log	/home1/won0316/_RESEARCH/0817_Genotoxicity/1_Git_upload/ChemBAI/ToxCast_model/experiments/training/DART_MTL/results/backup/seed_2/CEETOX_H295R_OHPROG_xgb_MACCS/model.joblib
0	CEETOX_H295R_OHPROG	xgb	Morgan	/home1/won0316/_RESEARCH/0817_Genotoxicity/1_Git_upload/ChemBAI/ToxCast_model/experiments/training/DART_MTL/logs/seed_multi/multi_CEETOX_H295R_OHPROG_xgb_Morgan.log	/home1/won0316/_RESEARCH/0817_Genotoxicity/1_Git_upload/ChemBAI/ToxCast_model/experiments/training/DART_MTL/results/backup/seed_0/CEETOX_H295R_OHPROG_xgb_Morgan/model.joblib
1	CEETOX_H295R_OHPROG	xgb	Morgan	/home1/won0316/_RESEARCH/0817_Genotoxicity/1_Git_upload/ChemBAI/ToxCast_model/experiments/training/DART_MTL/logs/seed_multi/multi_CEETOX_H295R_OHPROG_xgb_Morgan.log	/home1/won0316/_RESEARCH/0817_Genotoxicity/1_Git_upload/ChemBAI/ToxCast_model/experiments/training/DART_MTL/results/backup/seed_1/CEETOX_H295R_OHPROG_xgb_Morgan/model.joblib
2	CEETOX_H295R_OHPROG	xgb	Morgan	/home1/won0316/_RESEARCH/0817_Genotoxicity/1_Git_upload/ChemBAI/ToxCast_model/experiments/training/DART_MTL/logs/seed_multi/multi_CEETOX_H295R_OHPROG_xgb_Morgan.log	/home1/won0316/_RESEARCH/0817_Genotoxicity/1_Git_upload/ChemBAI/ToxCast_model/experiments/training/DART_MTL/results/backup/seed_2/CEETOX_H295R_OHPROG_xgb_Morgan/model.joblib
0	CEETOX_H295R_OHPROG	xgb	Pattern	/home1/won0316/_RESEARCH/0817_Genotoxicity/1_Git_upload/ChemBAI/ToxCast_model/experiments/training/DART_MTL/logs/seed_multi/multi_CEETOX_H295R_OHPROG_xgb_Pattern.log	/home1/won0316/_RESEARCH/0817_Genotoxicity/1_Git_upload/ChemBAI/ToxCast_model/experiments/training/DART_MTL/results/backup/seed_0/CEETOX_H295R_OHPROG_xgb_Pattern/model.joblib
1	CEETOX_H295R_OHPROG	xgb	Pattern	/home1/won0316/_RESEARCH/0817_Genotoxicity/1_Git_upload/ChemBAI/ToxCast_model/experiments/training/DART_MTL/logs/seed_multi/multi_CEETOX_H295R_OHPROG_xgb_Pattern.log	/home1/won0316/_RESEARCH/0817_Genotoxicity/1_Git_upload/ChemBAI/ToxCast_model/experiments/training/DART_MTL/results/backup/seed_1/CEETOX_H295R_OHPROG_xgb_Pattern/model.joblib
2	CEETOX_H295R_OHPROG	xgb	Pattern	/home1/won0316/_RESEARCH/0817_Genotoxicity/1_Git_upload/ChemBAI/ToxCast_model/experiments/training/DART_MTL/logs/seed_multi/multi_CEETOX_H295R_OHPROG_xgb_Pattern.log	/home1/won0316/_RESEARCH/0817_Genotoxicity/1_Git_upload/ChemBAI/ToxCast_model/experiments/training/DART_MTL/results/backup/seed_2/CEETOX_H295R_OHPROG_xgb_Pattern/model.joblib
0	CEETOX_H295R_OHPROG	xgb	RDKit	/home1/won0316/_RESEARCH/0817_Genotoxicity/1_Git_upload/ChemBAI/ToxCast_model/experiments/training/DART_MTL/logs/seed_multi/multi_CEETOX_H295R_OHPROG_xgb_RDKit.log	/home1/won0316/_RESEARCH/0817_Genotoxicity/1_Git_upload/ChemBAI/ToxCast_model/experiments/training/DART_MTL/results/backup/seed_0/CEETOX_H295R_OHPROG_xgb_RDKit/model.joblib
1	CEETOX_H295R_OHPROG	xgb	RDKit	/home1/won0316/_RESEARCH/0817_Genotoxicity/1_Git_upload/ChemBAI/ToxCast_model/experiments/training/DART_MTL/logs/seed_multi/multi_CEETOX_H295R_OHPROG_xgb_RDKit.log	/home1/won0316/_RESEARCH/0817_Genotoxicity/1_Git_upload/ChemBAI/ToxCast_model/experiments/training/DART_MTL/results/backup/seed_1/CEETOX_H295R_OHPROG_xgb_RDKit/model.joblib
2	CEETOX_H295R_OHPROG	xgb	RDKit	/home1/won0316/_RESEARCH/0817_Genotoxicity/1_Git_upload/ChemBAI/ToxCast_model/experiments/training/DART_MTL/logs/seed_multi/multi_CEETOX_H295R_OHPROG_xgb_RDKit.log	/home1/won0316/_RESEARCH/0817_Genotoxicity/1_Git_upload/ChemBAI/ToxCast_model/experiments/training/DART_MTL/results/backup/seed_2/CEETOX_H295R_OHPROG_xgb_RDKit/model.joblib
0	CEETOX_H295R_ESTRADIOL	dt	Layered	/home1/won0316/_RESEARCH/0817_Genotoxicity/1_Git_upload/ChemBAI/ToxCast_model/experiments/training/DART_MTL/logs/seed_multi/multi_CEETOX_H295R_ESTRADIOL_dt_Layered.log	/home1/won0316/_RESEARCH/0817_Genotoxicity/1_Git_upload/ChemBAI/ToxCast_model/experiments/training/DART_MTL/results/backup/seed_0/CEETOX_H295R_ESTRADIOL_dt_Layered/model.joblib
1	CEETOX_H295R_ESTRADIOL	dt	Layered	/home1/won0316/_RESEARCH/0817_Genotoxicity/1_Git_upload/ChemBAI/ToxCast_model/experiments/training/DART_MTL/logs/seed_multi/multi_CEETOX_H295R_ESTRADIOL_dt_Layered.log	/home1/won0316/_RESEARCH/0817_Genotoxicity/1_Git_upload/ChemBAI/ToxCast_model/experiments/training/DART_MTL/results/backup/seed_1/CEETOX_H295R_ESTRADIOL_dt_Layered/model.joblib
2	CEETOX_H295R_ESTRADIOL	dt	Layered	/home1/won0316/_RESEARCH/0817_Genotoxicity/1_Git_upload/ChemBAI/ToxCast_model/experiments/training/DART_MTL/logs/seed_multi/multi_CEETOX_H295R_ESTRADIOL_dt_Layered.log	/home1/won0316/_RESEARCH/0817_Genotoxicity/1_Git_upload/ChemBAI/ToxCast_model/experiments/training/DART_MTL/results/backup/seed_2/CEETOX_H295R_ESTRADIOL_dt_Layered/model.joblib
0	CEETOX_H295R_ESTRADIOL	dt	MACCS	/home1/won0316/_RESEARCH/0817_Genotoxicity/1_Git_upload/ChemBAI/ToxCast_model/experiments/training/DART_MTL/logs/seed_multi/multi_CEETOX_H295R_ESTRADIOL_dt_MACCS.log	/home1/won0316/_RESEARCH/0817_Genotoxicity/1_Git_upload/ChemBAI/ToxCast_model/experiments/training/DART_MTL/results/backup/seed_0/CEETOX_H295R_ESTRADIOL_dt_MACCS/model.joblib
1	CEETOX_H295R_ESTRADIOL	dt	MACCS	/home1/won0316/_RESEARCH/0817_Genotoxicity/1_Git_upload/ChemBAI/ToxCast_model/experiments/training/DART_MTL/logs/seed_multi/multi_CEETOX_H295R_ESTRADIOL_dt_MACCS.log	/home1/won0316/_RESEARCH/0817_Genotoxicity/1_Git_upload/ChemBAI/ToxCast_model/experiments/training/DART_MTL/results/backup/seed_1/CEETOX_H295R_ESTRADIOL_dt_MACCS/model.joblib
2	CEETOX_H295R_ESTRADIOL	dt	MACCS	/home1/won0316/_RESEARCH/0817_Genotoxicity/1_Git_upload/ChemBAI/ToxCast_model/experiments/training/DART_MTL/logs/seed_multi/multi_CEETOX_H295R_ESTRADIOL_dt_MACCS.log	/home1/won0316/_RESEARCH/0817_Genotoxicity/1_Git_upload/ChemBAI/ToxCast_model/experiments/training/DART_MTL/results/backup/seed_2/CEETOX_H295R_ESTRADIOL_dt_MACCS/model.joblib
0	CEETOX_H295R_ESTRADIOL	dt	Morgan	/home1/won0316/_RESEARCH/0817_Genotoxicity/1_Git_upload/ChemBAI/ToxCast_model/experiments/training/DART_MTL/logs/seed_multi/multi_CEETOX_H295R_ESTRADIOL_dt_Morgan.log	/home1/won0316/_RESEARCH/0817_Genotoxicity/1_Git_upload/ChemBAI/ToxCast_model/experiments/training/DART_MTL/results/backup/seed_0/CEETOX_H295R_ESTRADIOL_dt_Morgan/model.joblib
1	CEETOX_H295R_ESTRADIOL	dt	Morgan	/home1/won0316/_RESEARCH/0817_Genotoxicity/1_Git_upload/ChemBAI/ToxCast_model/experiments/training/DART_MTL/logs/seed_multi/multi_CEETOX_H295R_ESTRADIOL_dt_Morgan.log	/home1/won0316/_RESEARCH/0817_Genotoxicity/1_Git_upload/ChemBAI/ToxCast_model/experiments/training/DART_MTL/results/backup/seed_1/CEETOX_H295R_ESTRADIOL_dt_Morgan/model.joblib
2	CEETOX_H295R_ESTRADIOL	dt	Morgan	/home1/won0316/_RESEARCH/0817_Genotoxicity/1_Git_upload/ChemBAI/ToxCast_model/experiments/training/DART_MTL/logs/seed_multi/multi_CEETOX_H295R_ESTRADIOL_dt_Morgan.log	/home1/won0316/_RESEARCH/0817_Genotoxicity/1_Git_upload/ChemBAI/ToxCast_model/experiments/training/DART_MTL/results/backup/seed_2/CEETOX_H295R_ESTRADIOL_dt_Morgan/model.joblib
0	CEETOX_H295R_ESTRADIOL	dt	Pattern	/home1/won0316/_RESEARCH/0817_Genotoxicity/1_Git_upload/ChemBAI/ToxCast_model/experiments/training/DART_MTL/logs/seed_multi/multi_CEETOX_H295R_ESTRADIOL_dt_Pattern.log	/home1/won0316/_RESEARCH/0817_Genotoxicity/1_Git_upload/ChemBAI/ToxCast_model/experiments/training/DART_MTL/results/backup/seed_0/CEETOX_H295R_ESTRADIOL_dt_Pattern/model.joblib
1	CEETOX_H295R_ESTRADIOL	dt	Pattern	/home1/won0316/_RESEARCH/0817_Genotoxicity/1_Git_upload/ChemBAI/ToxCast_model/experiments/training/DART_MTL/logs/seed_multi/multi_CEETOX_H295R_ESTRADIOL_dt_Pattern.log	/home1/won0316/_RESEARCH/0817_Genotoxicity/1_Git_upload/ChemBAI/ToxCast_model/experiments/training/DART_MTL/results/backup/seed_1/CEETOX_H295R_ESTRADIOL_dt_Pattern/model.joblib
2	CEETOX_H295R_ESTRADIOL	dt	Pattern	/home1/won0316/_RESEARCH/0817_Genotoxicity/1_Git_upload/ChemBAI/ToxCast_model/experiments/training/DART_MTL/logs/seed_multi/multi_CEETOX_H295R_ESTRADIOL_dt_Pattern.log	/home1/won0316/_RESEARCH/0817_Genotoxicity/1_Git_upload/ChemBAI/ToxCast_model/experiments/training/DART_MTL/results/backup/seed_2/CEETOX_H295R_ESTRADIOL_dt_Pattern/model.joblib
0	CEETOX_H295R_ESTRADIOL	dt	RDKit	/home1/won0316/_RESEARCH/0817_Genotoxicity/1_Git_upload/ChemBAI/ToxCast_model/experiments/training/DART_MTL/logs/seed_multi/multi_CEETOX_H295R_ESTRADIOL_dt_RDKit.log	/home1/won0316/_RESEARCH/0817_Genotoxicity/1_Git_upload/ChemBAI/ToxCast_model/experiments/training/DART_MTL/results/backup/seed_0/CEETOX_H295R_ESTRADIOL_dt_RDKit/model.joblib
1	CEETOX_H295R_ESTRADIOL	dt	RDKit	/home1/won0316/_RESEARCH/0817_Genotoxicity/1_Git_upload/ChemBAI/ToxCast_model/experiments/training/DART_MTL/logs/seed_multi/multi_CEETOX_H295R_ESTRADIOL_dt_RDKit.log	/home1/won0316/_RESEARCH/0817_Genotoxicity/1_Git_upload/ChemBAI/ToxCast_model/experiments/training/DART_MTL/results/backup/seed_1/CEETOX_H295R_ESTRADIOL_dt_RDKit/model.joblib
2	CEETOX_H295R_ESTRADIOL	dt	RDKit	/home1/won0316/_RESEARCH/0817_Genotoxicity/1_Git_upload/ChemBAI/ToxCast_model/experiments/training/DART_MTL/logs/seed_multi/multi_CEETOX_H295R_ESTRADIOL_dt_RDKit.log	/home1/won0316/_RESEARCH/0817_Genotoxicity/1_Git_upload/ChemBAI/ToxCast_model/experiments/training/DART_MTL/results/backup/seed_2/CEETOX_H295R_ESTRADIOL_dt_RDKit/model.joblib
0	CEETOX_H295R_ESTRADIOL	gbt	Layered	/home1/won0316/_RESEARCH/0817_Genotoxicity/1_Git_upload/ChemBAI/ToxCast_model/experiments/training/DART_MTL/logs/seed_multi/multi_CEETOX_H295R_ESTRADIOL_gbt_Layered.log	/home1/won0316/_RESEARCH/0817_Genotoxicity/1_Git_upload/ChemBAI/ToxCast_model/experiments/training/DART_MTL/results/backup/seed_0/CEETOX_H295R_ESTRADIOL_gbt_Layered/model.joblib
1	CEETOX_H295R_ESTRADIOL	gbt	Layered	/home1/won0316/_RESEARCH/0817_Genotoxicity/1_Git_upload/ChemBAI/ToxCast_model/experiments/training/DART_MTL/logs/seed_multi/multi_CEETOX_H295R_ESTRADIOL_gbt_Layered.log	/home1/won0316/_RESEARCH/0817_Genotoxicity/1_Git_upload/ChemBAI/ToxCast_model/experiments/training/DART_MTL/results/backup/seed_1/CEETOX_H295R_ESTRADIOL_gbt_Layered/model.joblib
2	CEETOX_H295R_ESTRADIOL	gbt	Layered	/home1/won0316/_RESEARCH/0817_Genotoxicity/1_Git_upload/ChemBAI/ToxCast_model/experiments/training/DART_MTL/logs/seed_multi/multi_CEETOX_H295R_ESTRADIOL_gbt_Layered.log	/home1/won0316/_RESEARCH/0817_Genotoxicity/1_Git_upload/ChemBAI/ToxCast_model/experiments/training/DART_MTL/results/backup/seed_2/CEETOX_H295R_ESTRADIOL_gbt_Layered/model.joblib
0	CEETOX_H295R_ESTRADIOL	gbt	MACCS	/home1/won0316/_RESEARCH/0817_Genotoxicity/1_Git_upload/ChemBAI/ToxCast_model/experiments/training/DART_MTL/logs/seed_multi/multi_CEETOX_H295R_ESTRADIOL_gbt_MACCS.log	/home1/won0316/_RESEARCH/0817_Genotoxicity/1_Git_upload/ChemBAI/ToxCast_model/experiments/training/DART_MTL/results/backup/seed_0/CEETOX_H295R_ESTRADIOL_gbt_MACCS/model.joblib
1	CEETOX_H295R_ESTRADIOL	gbt	MACCS	/home1/won0316/_RESEARCH/0817_Genotoxicity/1_Git_upload/ChemBAI/ToxCast_model/experiments/training/DART_MTL/logs/seed_multi/multi_CEETOX_H295R_ESTRADIOL_gbt_MACCS.log	/home1/won0316/_RESEARCH/0817_Genotoxicity/1_Git_upload/ChemBAI/ToxCast_model/experiments/training/DART_MTL/results/backup/seed_1/CEETOX_H295R_ESTRADIOL_gbt_MACCS/model.joblib
2	CEETOX_H295R_ESTRADIOL	gbt	MACCS	/home1/won0316/_RESEARCH/0817_Genotoxicity/1_Git_upload/ChemBAI/ToxCast_model/experiments/training/DART_MTL/logs/seed_multi/multi_CEETOX_H295R_ESTRADIOL_gbt_MACCS.log	/home1/won0316/_RESEARCH/0817_Genotoxicity/1_Git_upload/ChemBAI/ToxCast_model/experiments/training/DART_MTL/results/backup/seed_2/CEETOX_H295R_ESTRADIOL_gbt_MACCS/model.joblib
0	CEETOX_H295R_ESTRADIOL	gbt	Morgan	/home1/won0316/_RESEARCH/0817_Genotoxicity/1_Git_upload/ChemBAI/ToxCast_model/experiments/training/DART_MTL/logs/seed_multi/multi_CEETOX_H295R_ESTRADIOL_gbt_Morgan.log	/home1/won0316/_RESEARCH/0817_Genotoxicity/1_Git_upload/ChemBAI/ToxCast_model/experiments/training/DART_MTL/results/backup/seed_0/CEETOX_H295R_ESTRADIOL_gbt_Morgan/model.joblib
1	CEETOX_H295R_ESTRADIOL	gbt	Morgan	/home1/won0316/_RESEARCH/0817_Genotoxicity/1_Git_upload/ChemBAI/ToxCast_model/experiments/training/DART_MTL/logs/seed_multi/multi_CEETOX_H295R_ESTRADIOL_gbt_Morgan.log	/home1/won0316/_RESEARCH/0817_Genotoxicity/1_Git_upload/ChemBAI/ToxCast_model/experiments/training/DART_MTL/results/backup/seed_1/CEETOX_H295R_ESTRADIOL_gbt_Morgan/model.joblib
2	CEETOX_H295R_ESTRADIOL	gbt	Morgan	/home1/won0316/_RESEARCH/0817_Genotoxicity/1_Git_upload/ChemBAI/ToxCast_model/experiments/training/DART_MTL/logs/seed_multi/multi_CEETOX_H295R_ESTRADIOL_gbt_Morgan.log	/home1/won0316/_RESEARCH/0817_Genotoxicity/1_Git_upload/ChemBAI/ToxCast_model/experiments/training/DART_MTL/results/backup/seed_2/CEETOX_H295R_ESTRADIOL_gbt_Morgan/model.joblib
0	CEETOX_H295R_ESTRADIOL	gbt	Pattern	/home1/won0316/_RESEARCH/0817_Genotoxicity/1_Git_upload/ChemBAI/ToxCast_model/experiments/training/DART_MTL/logs/seed_multi/multi_CEETOX_H295R_ESTRADIOL_gbt_Pattern.log	/home1/won0316/_RESEARCH/0817_Genotoxicity/1_Git_upload/ChemBAI/ToxCast_model/experiments/training/DART_MTL/results/backup/seed_0/CEETOX_H295R_ESTRADIOL_gbt_Pattern/model.joblib
1	CEETOX_H295R_ESTRADIOL	gbt	Pattern	/home1/won0316/_RESEARCH/0817_Genotoxicity/1_Git_upload/ChemBAI/ToxCast_model/experiments/training/DART_MTL/logs/seed_multi/multi_CEETOX_H295R_ESTRADIOL_gbt_Pattern.log	/home1/won0316/_RESEARCH/0817_Genotoxicity/1_Git_upload/ChemBAI/ToxCast_model/experiments/training/DART_MTL/results/backup/seed_1/CEETOX_H295R_ESTRADIOL_gbt_Pattern/model.joblib
2	CEETOX_H295R_ESTRADIOL	gbt	Pattern	/home1/won0316/_RESEARCH/0817_Genotoxicity/1_Git_upload/ChemBAI/ToxCast_model/experiments/training/DART_MTL/logs/seed_multi/multi_CEETOX_H295R_ESTRADIOL_gbt_Pattern.log	/home1/won0316/_RESEARCH/0817_Genotoxicity/1_Git_upload/ChemBAI/ToxCast_model/experiments/training/DART_MTL/results/backup/seed_2/CEETOX_H295R_ESTRADIOL_gbt_Pattern/model.joblib
0	CEETOX_H295R_ESTRADIOL	gbt	RDKit	/home1/won0316/_RESEARCH/0817_Genotoxicity/1_Git_upload/ChemBAI/ToxCast_model/experiments/training/DART_MTL/logs/seed_multi/multi_CEETOX_H295R_ESTRADIOL_gbt_RDKit.log	/home1/won0316/_RESEARCH/0817_Genotoxicity/1_Git_upload/ChemBAI/ToxCast_model/experiments/training/DART_MTL/results/backup/seed_0/CEETOX_H295R_ESTRADIOL_gbt_RDKit/model.joblib
1	CEETOX_H295R_ESTRADIOL	gbt	RDKit	/home1/won0316/_RESEARCH/0817_Genotoxicity/1_Git_upload/ChemBAI/ToxCast_model/experiments/training/DART_MTL/logs/seed_multi/multi_CEETOX_H295R_ESTRADIOL_gbt_RDKit.log	/home1/won0316/_RESEARCH/0817_Genotoxicity/1_Git_upload/ChemBAI/ToxCast_model/experiments/training/DART_MTL/results/backup/seed_1/CEETOX_H295R_ESTRADIOL_gbt_RDKit/model.joblib
2	CEETOX_H295R_ESTRADIOL	gbt	RDKit	/home1/won0316/_RESEARCH/0817_Genotoxicity/1_Git_upload/ChemBAI/ToxCast_model/experiments/training/DART_MTL/logs/seed_multi/multi_CEETOX_H295R_ESTRADIOL_gbt_RDKit.log	/home1/won0316/_RESEARCH/0817_Genotoxicity/1_Git_upload/ChemBAI/ToxCast_model/experiments/training/DART_MTL/results/backup/seed_2/CEETOX_H295R_ESTRADIOL_gbt_RDKit/model.joblib
0	CEETOX_H295R_ESTRADIOL	logistic	Layered	/home1/won0316/_RESEARCH/0817_Genotoxicity/1_Git_upload/ChemBAI/ToxCast_model/experiments/training/DART_MTL/logs/seed_multi/multi_CEETOX_H295R_ESTRADIOL_logistic_Layered.log	/home1/won0316/_RESEARCH/0817_Genotoxicity/1_Git_upload/ChemBAI/ToxCast_model/experiments/training/DART_MTL/results/backup/seed_0/CEETOX_H295R_ESTRADIOL_logistic_Layered/model.joblib
1	CEETOX_H295R_ESTRADIOL	logistic	Layered	/home1/won0316/_RESEARCH/0817_Genotoxicity/1_Git_upload/ChemBAI/ToxCast_model/experiments/training/DART_MTL/logs/seed_multi/multi_CEETOX_H295R_ESTRADIOL_logistic_Layered.log	/home1/won0316/_RESEARCH/0817_Genotoxicity/1_Git_upload/ChemBAI/ToxCast_model/experiments/training/DART_MTL/results/backup/seed_1/CEETOX_H295R_ESTRADIOL_logistic_Layered/model.joblib
2	CEETOX_H295R_ESTRADIOL	logistic	Layered	/home1/won0316/_RESEARCH/0817_Genotoxicity/1_Git_upload/ChemBAI/ToxCast_model/experiments/training/DART_MTL/logs/seed_multi/multi_CEETOX_H295R_ESTRADIOL_logistic_Layered.log	/home1/won0316/_RESEARCH/0817_Genotoxicity/1_Git_upload/ChemBAI/ToxCast_model/experiments/training/DART_MTL/results/backup/seed_2/CEETOX_H295R_ESTRADIOL_logistic_Layered/model.joblib
0	CEETOX_H295R_ESTRADIOL	logistic	MACCS	/home1/won0316/_RESEARCH/0817_Genotoxicity/1_Git_upload/ChemBAI/ToxCast_model/experiments/training/DART_MTL/logs/seed_multi/multi_CEETOX_H295R_ESTRADIOL_logistic_MACCS.log	/home1/won0316/_RESEARCH/0817_Genotoxicity/1_Git_upload/ChemBAI/ToxCast_model/experiments/training/DART_MTL/results/backup/seed_0/CEETOX_H295R_ESTRADIOL_logistic_MACCS/model.joblib
1	CEETOX_H295R_ESTRADIOL	logistic	MACCS	/home1/won0316/_RESEARCH/0817_Genotoxicity/1_Git_upload/ChemBAI/ToxCast_model/experiments/training/DART_MTL/logs/seed_multi/multi_CEETOX_H295R_ESTRADIOL_logistic_MACCS.log	/home1/won0316/_RESEARCH/0817_Genotoxicity/1_Git_upload/ChemBAI/ToxCast_model/experiments/training/DART_MTL/results/backup/seed_1/CEETOX_H295R_ESTRADIOL_logistic_MACCS/model.joblib
2	CEETOX_H295R_ESTRADIOL	logistic	MACCS	/home1/won0316/_RESEARCH/0817_Genotoxicity/1_Git_upload/ChemBAI/ToxCast_model/experiments/training/DART_MTL/logs/seed_multi/multi_CEETOX_H295R_ESTRADIOL_logistic_MACCS.log	/home1/won0316/_RESEARCH/0817_Genotoxicity/1_Git_upload/ChemBAI/ToxCast_model/experiments/training/DART_MTL/results/backup/seed_2/CEETOX_H295R_ESTRADIOL_logistic_MACCS/model.joblib
0	CEETOX_H295R_ESTRADIOL	logistic	Morgan	/home1/won0316/_RESEARCH/0817_Genotoxicity/1_Git_upload/ChemBAI/ToxCast_model/experiments/training/DART_MTL/logs/seed_multi/multi_CEETOX_H295R_ESTRADIOL_logistic_Morgan.log	/home1/won0316/_RESEARCH/0817_Genotoxicity/1_Git_upload/ChemBAI/ToxCast_model/experiments/training/DART_MTL/results/backup/seed_0/CEETOX_H295R_ESTRADIOL_logistic_Morgan/model.joblib
1	CEETOX_H295R_ESTRADIOL	logistic	Morgan	/home1/won0316/_RESEARCH/0817_Genotoxicity/1_Git_upload/ChemBAI/ToxCast_model/experiments/training/DART_MTL/logs/seed_multi/multi_CEETOX_H295R_ESTRADIOL_logistic_Morgan.log	/home1/won0316/_RESEARCH/0817_Genotoxicity/1_Git_upload/ChemBAI/ToxCast_model/experiments/training/DART_MTL/results/backup/seed_1/CEETOX_H295R_ESTRADIOL_logistic_Morgan/model.joblib
2	CEETOX_H295R_ESTRADIOL	logistic	Morgan	/home1/won0316/_RESEARCH/0817_Genotoxicity/1_Git_upload/ChemBAI/ToxCast_model/experiments/training/DART_MTL/logs/seed_multi/multi_CEETOX_H295R_ESTRADIOL_logistic_Morgan.log	/home1/won0316/_RESEARCH/0817_Genotoxicity/1_Git_upload/ChemBAI/ToxCast_model/experiments/training/DART_MTL/results/backup/seed_2/CEETOX_H295R_ESTRADIOL_logistic_Morgan/model.joblib
0	CEETOX_H295R_ESTRADIOL	logistic	Pattern	/home1/won0316/_RESEARCH/0817_Genotoxicity/1_Git_upload/ChemBAI/ToxCast_model/experiments/training/DART_MTL/logs/seed_multi/multi_CEETOX_H295R_ESTRADIOL_logistic_Pattern.log	/home1/won0316/_RESEARCH/0817_Genotoxicity/1_Git_upload/ChemBAI/ToxCast_model/experiments/training/DART_MTL/results/backup/seed_0/CEETOX_H295R_ESTRADIOL_logistic_Pattern/model.joblib
1	CEETOX_H295R_ESTRADIOL	logistic	Pattern	/home1/won0316/_RESEARCH/0817_Genotoxicity/1_Git_upload/ChemBAI/ToxCast_model/experiments/training/DART_MTL/logs/seed_multi/multi_CEETOX_H295R_ESTRADIOL_logistic_Pattern.log	/home1/won0316/_RESEARCH/0817_Genotoxicity/1_Git_upload/ChemBAI/ToxCast_model/experiments/training/DART_MTL/results/backup/seed_1/CEETOX_H295R_ESTRADIOL_logistic_Pattern/model.joblib
2	CEETOX_H295R_ESTRADIOL	logistic	Pattern	/home1/won0316/_RESEARCH/0817_Genotoxicity/1_Git_upload/ChemBAI/ToxCast_model/experiments/training/DART_MTL/logs/seed_multi/multi_CEETOX_H295R_ESTRADIOL_logistic_Pattern.log	/home1/won0316/_RESEARCH/0817_Genotoxicity/1_Git_upload/ChemBAI/ToxCast_model/experiments/training/DART_MTL/results/backup/seed_2/CEETOX_H295R_ESTRADIOL_logistic_Pattern/model.joblib
0	CEETOX_H295R_ESTRADIOL	logistic	RDKit	/home1/won0316/_RESEARCH/0817_Genotoxicity/1_Git_upload/ChemBAI/ToxCast_model/experiments/training/DART_MTL/logs/seed_multi/multi_CEETOX_H295R_ESTRADIOL_logistic_RDKit.log	/home1/won0316/_RESEARCH/0817_Genotoxicity/1_Git_upload/ChemBAI/ToxCast_model/experiments/training/DART_MTL/results/backup/seed_0/CEETOX_H295R_ESTRADIOL_logistic_RDKit/model.joblib
1	CEETOX_H295R_ESTRADIOL	logistic	RDKit	/home1/won0316/_RESEARCH/0817_Genotoxicity/1_Git_upload/ChemBAI/ToxCast_model/experiments/training/DART_MTL/logs/seed_multi/multi_CEETOX_H295R_ESTRADIOL_logistic_RDKit.log	/home1/won0316/_RESEARCH/0817_Genotoxicity/1_Git_upload/ChemBAI/ToxCast_model/experiments/training/DART_MTL/results/backup/seed_1/CEETOX_H295R_ESTRADIOL_logistic_RDKit/model.joblib
2	CEETOX_H295R_ESTRADIOL	logistic	RDKit	/home1/won0316/_RESEARCH/0817_Genotoxicity/1_Git_upload/ChemBAI/ToxCast_model/experiments/training/DART_MTL/logs/seed_multi/multi_CEETOX_H295R_ESTRADIOL_logistic_RDKit.log	/home1/won0316/_RESEARCH/0817_Genotoxicity/1_Git_upload/ChemBAI/ToxCast_model/experiments/training/DART_MTL/results/backup/seed_2/CEETOX_H295R_ESTRADIOL_logistic_RDKit/model.joblib
0	CEETOX_H295R_ESTRADIOL	rf	Layered	/home1/won0316/_RESEARCH/0817_Genotoxicity/1_Git_upload/ChemBAI/ToxCast_model/experiments/training/DART_MTL/logs/seed_multi/multi_CEETOX_H295R_ESTRADIOL_rf_Layered.log	/home1/won0316/_RESEARCH/0817_Genotoxicity/1_Git_upload/ChemBAI/ToxCast_model/experiments/training/DART_MTL/results/backup/seed_0/CEETOX_H295R_ESTRADIOL_rf_Layered/model.joblib
1	CEETOX_H295R_ESTRADIOL	rf	Layered	/home1/won0316/_RESEARCH/0817_Genotoxicity/1_Git_upload/ChemBAI/ToxCast_model/experiments/training/DART_MTL/logs/seed_multi/multi_CEETOX_H295R_ESTRADIOL_rf_Layered.log	/home1/won0316/_RESEARCH/0817_Genotoxicity/1_Git_upload/ChemBAI/ToxCast_model/experiments/training/DART_MTL/results/backup/seed_1/CEETOX_H295R_ESTRADIOL_rf_Layered/model.joblib
2	CEETOX_H295R_ESTRADIOL	rf	Layered	/home1/won0316/_RESEARCH/0817_Genotoxicity/1_Git_upload/ChemBAI/ToxCast_model/experiments/training/DART_MTL/logs/seed_multi/multi_CEETOX_H295R_ESTRADIOL_rf_Layered.log	/home1/won0316/_RESEARCH/0817_Genotoxicity/1_Git_upload/ChemBAI/ToxCast_model/experiments/training/DART_MTL/results/backup/seed_2/CEETOX_H295R_ESTRADIOL_rf_Layered/model.joblib
0	CEETOX_H295R_ESTRADIOL	rf	MACCS	/home1/won0316/_RESEARCH/0817_Genotoxicity/1_Git_upload/ChemBAI/ToxCast_model/experiments/training/DART_MTL/logs/seed_multi/multi_CEETOX_H295R_ESTRADIOL_rf_MACCS.log	/home1/won0316/_RESEARCH/0817_Genotoxicity/1_Git_upload/ChemBAI/ToxCast_model/experiments/training/DART_MTL/results/backup/seed_0/CEETOX_H295R_ESTRADIOL_rf_MACCS/model.joblib
1	CEETOX_H295R_ESTRADIOL	rf	MACCS	/home1/won0316/_RESEARCH/0817_Genotoxicity/1_Git_upload/ChemBAI/ToxCast_model/experiments/training/DART_MTL/logs/seed_multi/multi_CEETOX_H295R_ESTRADIOL_rf_MACCS.log	/home1/won0316/_RESEARCH/0817_Genotoxicity/1_Git_upload/ChemBAI/ToxCast_model/experiments/training/DART_MTL/results/backup/seed_1/CEETOX_H295R_ESTRADIOL_rf_MACCS/model.joblib
2	CEETOX_H295R_ESTRADIOL	rf	MACCS	/home1/won0316/_RESEARCH/0817_Genotoxicity/1_Git_upload/ChemBAI/ToxCast_model/experiments/training/DART_MTL/logs/seed_multi/multi_CEETOX_H295R_ESTRADIOL_rf_MACCS.log	/home1/won0316/_RESEARCH/0817_Genotoxicity/1_Git_upload/ChemBAI/ToxCast_model/experiments/training/DART_MTL/results/backup/seed_2/CEETOX_H295R_ESTRADIOL_rf_MACCS/model.joblib
0	CEETOX_H295R_ESTRADIOL	rf	Morgan	/home1/won0316/_RESEARCH/0817_Genotoxicity/1_Git_upload/ChemBAI/ToxCast_model/experiments/training/DART_MTL/logs/seed_multi/multi_CEETOX_H295R_ESTRADIOL_rf_Morgan.log	/home1/won0316/_RESEARCH/0817_Genotoxicity/1_Git_upload/ChemBAI/ToxCast_model/experiments/training/DART_MTL/results/backup/seed_0/CEETOX_H295R_ESTRADIOL_rf_Morgan/model.joblib
1	CEETOX_H295R_ESTRADIOL	rf	Morgan	/home1/won0316/_RESEARCH/0817_Genotoxicity/1_Git_upload/ChemBAI/ToxCast_model/experiments/training/DART_MTL/logs/seed_multi/multi_CEETOX_H295R_ESTRADIOL_rf_Morgan.log	/home1/won0316/_RESEARCH/0817_Genotoxicity/1_Git_upload/ChemBAI/ToxCast_model/experiments/training/DART_MTL/results/backup/seed_1/CEETOX_H295R_ESTRADIOL_rf_Morgan/model.joblib
2	CEETOX_H295R_ESTRADIOL	rf	Morgan	/home1/won0316/_RESEARCH/0817_Genotoxicity/1_Git_upload/ChemBAI/ToxCast_model/experiments/training/DART_MTL/logs/seed_multi/multi_CEETOX_H295R_ESTRADIOL_rf_Morgan.log	/home1/won0316/_RESEARCH/0817_Genotoxicity/1_Git_upload/ChemBAI/ToxCast_model/experiments/training/DART_MTL/results/backup/seed_2/CEETOX_H295R_ESTRADIOL_rf_Morgan/model.joblib
0	CEETOX_H295R_ESTRADIOL	rf	Pattern	/home1/won0316/_RESEARCH/0817_Genotoxicity/1_Git_upload/ChemBAI/ToxCast_model/experiments/training/DART_MTL/logs/seed_multi/multi_CEETOX_H295R_ESTRADIOL_rf_Pattern.log	/home1/won0316/_RESEARCH/0817_Genotoxicity/1_Git_upload/ChemBAI/ToxCast_model/experiments/training/DART_MTL/results/backup/seed_0/CEETOX_H295R_ESTRADIOL_rf_Pattern/model.joblib
1	CEETOX_H295R_ESTRADIOL	rf	Pattern	/home1/won0316/_RESEARCH/0817_Genotoxicity/1_Git_upload/ChemBAI/ToxCast_model/experiments/training/DART_MTL/logs/seed_multi/multi_CEETOX_H295R_ESTRADIOL_rf_Pattern.log	/home1/won0316/_RESEARCH/0817_Genotoxicity/1_Git_upload/ChemBAI/ToxCast_model/experiments/training/DART_MTL/results/backup/seed_1/CEETOX_H295R_ESTRADIOL_rf_Pattern/model.joblib
2	CEETOX_H295R_ESTRADIOL	rf	Pattern	/home1/won0316/_RESEARCH/0817_Genotoxicity/1_Git_upload/ChemBAI/ToxCast_model/experiments/training/DART_MTL/logs/seed_multi/multi_CEETOX_H295R_ESTRADIOL_rf_Pattern.log	/home1/won0316/_RESEARCH/0817_Genotoxicity/1_Git_upload/ChemBAI/ToxCast_model/experiments/training/DART_MTL/results/backup/seed_2/CEETOX_H295R_ESTRADIOL_rf_Pattern/model.joblib
0	CEETOX_H295R_ESTRADIOL	rf	RDKit	/home1/won0316/_RESEARCH/0817_Genotoxicity/1_Git_upload/ChemBAI/ToxCast_model/experiments/training/DART_MTL/logs/seed_multi/multi_CEETOX_H295R_ESTRADIOL_rf_RDKit.log	/home1/won0316/_RESEARCH/0817_Genotoxicity/1_Git_upload/ChemBAI/ToxCast_model/experiments/training/DART_MTL/results/backup/seed_0/CEETOX_H295R_ESTRADIOL_rf_RDKit/model.joblib
1	CEETOX_H295R_ESTRADIOL	rf	RDKit	/home1/won0316/_RESEARCH/0817_Genotoxicity/1_Git_upload/ChemBAI/ToxCast_model/experiments/training/DART_MTL/logs/seed_multi/multi_CEETOX_H295R_ESTRADIOL_rf_RDKit.log	/home1/won0316/_RESEARCH/0817_Genotoxicity/1_Git_upload/ChemBAI/ToxCast_model/experiments/training/DART_MTL/results/backup/seed_1/CEETOX_H295R_ESTRADIOL_rf_RDKit/model.joblib
2	CEETOX_H295R_ESTRADIOL	rf	RDKit	/home1/won0316/_RESEARCH/0817_Genotoxicity/1_Git_upload/ChemBAI/ToxCast_model/experiments/training/DART_MTL/logs/seed_multi/multi_CEETOX_H295R_ESTRADIOL_rf_RDKit.log	/home1/won0316/_RESEARCH/0817_Genotoxicity/1_Git_upload/ChemBAI/ToxCast_model/experiments/training/DART_MTL/results/backup/seed_2/CEETOX_H295R_ESTRADIOL_rf_RDKit/model.joblib
0	CEETOX_H295R_ESTRADIOL	xgb	Layered	/home1/won0316/_RESEARCH/0817_Genotoxicity/1_Git_upload/ChemBAI/ToxCast_model/experiments/training/DART_MTL/logs/seed_multi/multi_CEETOX_H295R_ESTRADIOL_xgb_Layered.log	/home1/won0316/_RESEARCH/0817_Genotoxicity/1_Git_upload/ChemBAI/ToxCast_model/experiments/training/DART_MTL/results/backup/seed_0/CEETOX_H295R_ESTRADIOL_xgb_Layered/model.joblib
1	CEETOX_H295R_ESTRADIOL	xgb	Layered	/home1/won0316/_RESEARCH/0817_Genotoxicity/1_Git_upload/ChemBAI/ToxCast_model/experiments/training/DART_MTL/logs/seed_multi/multi_CEETOX_H295R_ESTRADIOL_xgb_Layered.log	/home1/won0316/_RESEARCH/0817_Genotoxicity/1_Git_upload/ChemBAI/ToxCast_model/experiments/training/DART_MTL/results/backup/seed_1/CEETOX_H295R_ESTRADIOL_xgb_Layered/model.joblib
2	CEETOX_H295R_ESTRADIOL	xgb	Layered	/home1/won0316/_RESEARCH/0817_Genotoxicity/1_Git_upload/ChemBAI/ToxCast_model/experiments/training/DART_MTL/logs/seed_multi/multi_CEETOX_H295R_ESTRADIOL_xgb_Layered.log	/home1/won0316/_RESEARCH/0817_Genotoxicity/1_Git_upload/ChemBAI/ToxCast_model/experiments/training/DART_MTL/results/backup/seed_2/CEETOX_H295R_ESTRADIOL_xgb_Layered/model.joblib
0	CEETOX_H295R_ESTRADIOL	xgb	MACCS	/home1/won0316/_RESEARCH/0817_Genotoxicity/1_Git_upload/ChemBAI/ToxCast_model/experiments/training/DART_MTL/logs/seed_multi/multi_CEETOX_H295R_ESTRADIOL_xgb_MACCS.log	/home1/won0316/_RESEARCH/0817_Genotoxicity/1_Git_upload/ChemBAI/ToxCast_model/experiments/training/DART_MTL/results/backup/seed_0/CEETOX_H295R_ESTRADIOL_xgb_MACCS/model.joblib
1	CEETOX_H295R_ESTRADIOL	xgb	MACCS	/home1/won0316/_RESEARCH/0817_Genotoxicity/1_Git_upload/ChemBAI/ToxCast_model/experiments/training/DART_MTL/logs/seed_multi/multi_CEETOX_H295R_ESTRADIOL_xgb_MACCS.log	/home1/won0316/_RESEARCH/0817_Genotoxicity/1_Git_upload/ChemBAI/ToxCast_model/experiments/training/DART_MTL/results/backup/seed_1/CEETOX_H295R_ESTRADIOL_xgb_MACCS/model.joblib
2	CEETOX_H295R_ESTRADIOL	xgb	MACCS	/home1/won0316/_RESEARCH/0817_Genotoxicity/1_Git_upload/ChemBAI/ToxCast_model/experiments/training/DART_MTL/logs/seed_multi/multi_CEETOX_H295R_ESTRADIOL_xgb_MACCS.log	/home1/won0316/_RESEARCH/0817_Genotoxicity/1_Git_upload/ChemBAI/ToxCast_model/experiments/training/DART_MTL/results/backup/seed_2/CEETOX_H295R_ESTRADIOL_xgb_MACCS/model.joblib
0	CEETOX_H295R_ESTRADIOL	xgb	Morgan	/home1/won0316/_RESEARCH/0817_Genotoxicity/1_Git_upload/ChemBAI/ToxCast_model/experiments/training/DART_MTL/logs/seed_multi/multi_CEETOX_H295R_ESTRADIOL_xgb_Morgan.log	/home1/won0316/_RESEARCH/0817_Genotoxicity/1_Git_upload/ChemBAI/ToxCast_model/experiments/training/DART_MTL/results/backup/seed_0/CEETOX_H295R_ESTRADIOL_xgb_Morgan/model.joblib
1	CEETOX_H295R_ESTRADIOL	xgb	Morgan	/home1/won0316/_RESEARCH/0817_Genotoxicity/1_Git_upload/ChemBAI/ToxCast_model/experiments/training/DART_MTL/logs/seed_multi/multi_CEETOX_H295R_ESTRADIOL_xgb_Morgan.log	/home1/won0316/_RESEARCH/0817_Genotoxicity/1_Git_upload/ChemBAI/ToxCast_model/experiments/training/DART_MTL/results/backup/seed_1/CEETOX_H295R_ESTRADIOL_xgb_Morgan/model.joblib
2	CEETOX_H295R_ESTRADIOL	xgb	Morgan	/home1/won0316/_RESEARCH/0817_Genotoxicity/1_Git_upload/ChemBAI/ToxCast_model/experiments/training/DART_MTL/logs/seed_multi/multi_CEETOX_H295R_ESTRADIOL_xgb_Morgan.log	/home1/won0316/_RESEARCH/0817_Genotoxicity/1_Git_upload/ChemBAI/ToxCast_model/experiments/training/DART_MTL/results/backup/seed_2/CEETOX_H295R_ESTRADIOL_xgb_Morgan/model.joblib
0	CEETOX_H295R_ESTRADIOL	xgb	Pattern	/home1/won0316/_RESEARCH/0817_Genotoxicity/1_Git_upload/ChemBAI/ToxCast_model/experiments/training/DART_MTL/logs/seed_multi/multi_CEETOX_H295R_ESTRADIOL_xgb_Pattern.log	/home1/won0316/_RESEARCH/0817_Genotoxicity/1_Git_upload/ChemBAI/ToxCast_model/experiments/training/DART_MTL/results/backup/seed_0/CEETOX_H295R_ESTRADIOL_xgb_Pattern/model.joblib
1	CEETOX_H295R_ESTRADIOL	xgb	Pattern	/home1/won0316/_RESEARCH/0817_Genotoxicity/1_Git_upload/ChemBAI/ToxCast_model/experiments/training/DART_MTL/logs/seed_multi/multi_CEETOX_H295R_ESTRADIOL_xgb_Pattern.log	/home1/won0316/_RESEARCH/0817_Genotoxicity/1_Git_upload/ChemBAI/ToxCast_model/experiments/training/DART_MTL/results/backup/seed_1/CEETOX_H295R_ESTRADIOL_xgb_Pattern/model.joblib
2	CEETOX_H295R_ESTRADIOL	xgb	Pattern	/home1/won0316/_RESEARCH/0817_Genotoxicity/1_Git_upload/ChemBAI/ToxCast_model/experiments/training/DART_MTL/logs/seed_multi/multi_CEETOX_H295R_ESTRADIOL_xgb_Pattern.log	/home1/won0316/_RESEARCH/0817_Genotoxicity/1_Git_upload/ChemBAI/ToxCast_model/experiments/training/DART_MTL/results/backup/seed_2/CEETOX_H295R_ESTRADIOL_xgb_Pattern/model.joblib
0	CEETOX_H295R_ESTRADIOL	xgb	RDKit	/home1/won0316/_RESEARCH/0817_Genotoxicity/1_Git_upload/ChemBAI/ToxCast_model/experiments/training/DART_MTL/logs/seed_multi/multi_CEETOX_H295R_ESTRADIOL_xgb_RDKit.log	/home1/won0316/_RESEARCH/0817_Genotoxicity/1_Git_upload/ChemBAI/ToxCast_model/experiments/training/DART_MTL/results/backup/seed_0/CEETOX_H295R_ESTRADIOL_xgb_RDKit/model.joblib
1	CEETOX_H295R_ESTRADIOL	xgb	RDKit	/home1/won0316/_RESEARCH/0817_Genotoxicity/1_Git_upload/ChemBAI/ToxCast_model/experiments/training/DART_MTL/logs/seed_multi/multi_CEETOX_H295R_ESTRADIOL_xgb_RDKit.log	/home1/won0316/_RESEARCH/0817_Genotoxicity/1_Git_upload/ChemBAI/ToxCast_model/experiments/training/DART_MTL/results/backup/seed_1/CEETOX_H295R_ESTRADIOL_xgb_RDKit/model.joblib
2	CEETOX_H295R_ESTRADIOL	xgb	RDKit	/home1/won0316/_RESEARCH/0817_Genotoxicity/1_Git_upload/ChemBAI/ToxCast_model/experiments/training/DART_MTL/logs/seed_multi/multi_CEETOX_H295R_ESTRADIOL_xgb_RDKit.log	/home1/won0316/_RESEARCH/0817_Genotoxicity/1_Git_upload/ChemBAI/ToxCast_model/experiments/training/DART_MTL/results/backup/seed_2/CEETOX_H295R_ESTRADIOL_xgb_RDKit/model.joblib
0	CEETOX_H295R_ESTRONE	dt	Layered	/home1/won0316/_RESEARCH/0817_Genotoxicity/1_Git_upload/ChemBAI/ToxCast_model/experiments/training/DART_MTL/logs/seed_multi/multi_CEETOX_H295R_ESTRONE_dt_Layered.log	/home1/won0316/_RESEARCH/0817_Genotoxicity/1_Git_upload/ChemBAI/ToxCast_model/experiments/training/DART_MTL/results/backup/seed_0/CEETOX_H295R_ESTRONE_dt_Layered/model.joblib
1	CEETOX_H295R_ESTRONE	dt	Layered	/home1/won0316/_RESEARCH/0817_Genotoxicity/1_Git_upload/ChemBAI/ToxCast_model/experiments/training/DART_MTL/logs/seed_multi/multi_CEETOX_H295R_ESTRONE_dt_Layered.log	/home1/won0316/_RESEARCH/0817_Genotoxicity/1_Git_upload/ChemBAI/ToxCast_model/experiments/training/DART_MTL/results/backup/seed_1/CEETOX_H295R_ESTRONE_dt_Layered/model.joblib
2	CEETOX_H295R_ESTRONE	dt	Layered	/home1/won0316/_RESEARCH/0817_Genotoxicity/1_Git_upload/ChemBAI/ToxCast_model/experiments/training/DART_MTL/logs/seed_multi/multi_CEETOX_H295R_ESTRONE_dt_Layered.log	/home1/won0316/_RESEARCH/0817_Genotoxicity/1_Git_upload/ChemBAI/ToxCast_model/experiments/training/DART_MTL/results/backup/seed_2/CEETOX_H295R_ESTRONE_dt_Layered/model.joblib
0	CEETOX_H295R_ESTRONE	dt	MACCS	/home1/won0316/_RESEARCH/0817_Genotoxicity/1_Git_upload/ChemBAI/ToxCast_model/experiments/training/DART_MTL/logs/seed_multi/multi_CEETOX_H295R_ESTRONE_dt_MACCS.log	/home1/won0316/_RESEARCH/0817_Genotoxicity/1_Git_upload/ChemBAI/ToxCast_model/experiments/training/DART_MTL/results/backup/seed_0/CEETOX_H295R_ESTRONE_dt_MACCS/model.joblib
1	CEETOX_H295R_ESTRONE	dt	MACCS	/home1/won0316/_RESEARCH/0817_Genotoxicity/1_Git_upload/ChemBAI/ToxCast_model/experiments/training/DART_MTL/logs/seed_multi/multi_CEETOX_H295R_ESTRONE_dt_MACCS.log	/home1/won0316/_RESEARCH/0817_Genotoxicity/1_Git_upload/ChemBAI/ToxCast_model/experiments/training/DART_MTL/results/backup/seed_1/CEETOX_H295R_ESTRONE_dt_MACCS/model.joblib
2	CEETOX_H295R_ESTRONE	dt	MACCS	/home1/won0316/_RESEARCH/0817_Genotoxicity/1_Git_upload/ChemBAI/ToxCast_model/experiments/training/DART_MTL/logs/seed_multi/multi_CEETOX_H295R_ESTRONE_dt_MACCS.log	/home1/won0316/_RESEARCH/0817_Genotoxicity/1_Git_upload/ChemBAI/ToxCast_model/experiments/training/DART_MTL/results/backup/seed_2/CEETOX_H295R_ESTRONE_dt_MACCS/model.joblib
0	CEETOX_H295R_ESTRONE	dt	Morgan	/home1/won0316/_RESEARCH/0817_Genotoxicity/1_Git_upload/ChemBAI/ToxCast_model/experiments/training/DART_MTL/logs/seed_multi/multi_CEETOX_H295R_ESTRONE_dt_Morgan.log	/home1/won0316/_RESEARCH/0817_Genotoxicity/1_Git_upload/ChemBAI/ToxCast_model/experiments/training/DART_MTL/results/backup/seed_0/CEETOX_H295R_ESTRONE_dt_Morgan/model.joblib
1	CEETOX_H295R_ESTRONE	dt	Morgan	/home1/won0316/_RESEARCH/0817_Genotoxicity/1_Git_upload/ChemBAI/ToxCast_model/experiments/training/DART_MTL/logs/seed_multi/multi_CEETOX_H295R_ESTRONE_dt_Morgan.log	/home1/won0316/_RESEARCH/0817_Genotoxicity/1_Git_upload/ChemBAI/ToxCast_model/experiments/training/DART_MTL/results/backup/seed_1/CEETOX_H295R_ESTRONE_dt_Morgan/model.joblib
2	CEETOX_H295R_ESTRONE	dt	Morgan	/home1/won0316/_RESEARCH/0817_Genotoxicity/1_Git_upload/ChemBAI/ToxCast_model/experiments/training/DART_MTL/logs/seed_multi/multi_CEETOX_H295R_ESTRONE_dt_Morgan.log	/home1/won0316/_RESEARCH/0817_Genotoxicity/1_Git_upload/ChemBAI/ToxCast_model/experiments/training/DART_MTL/results/backup/seed_2/CEETOX_H295R_ESTRONE_dt_Morgan/model.joblib
0	CEETOX_H295R_ESTRONE	dt	Pattern	/home1/won0316/_RESEARCH/0817_Genotoxicity/1_Git_upload/ChemBAI/ToxCast_model/experiments/training/DART_MTL/logs/seed_multi/multi_CEETOX_H295R_ESTRONE_dt_Pattern.log	/home1/won0316/_RESEARCH/0817_Genotoxicity/1_Git_upload/ChemBAI/ToxCast_model/experiments/training/DART_MTL/results/backup/seed_0/CEETOX_H295R_ESTRONE_dt_Pattern/model.joblib
1	CEETOX_H295R_ESTRONE	dt	Pattern	/home1/won0316/_RESEARCH/0817_Genotoxicity/1_Git_upload/ChemBAI/ToxCast_model/experiments/training/DART_MTL/logs/seed_multi/multi_CEETOX_H295R_ESTRONE_dt_Pattern.log	/home1/won0316/_RESEARCH/0817_Genotoxicity/1_Git_upload/ChemBAI/ToxCast_model/experiments/training/DART_MTL/results/backup/seed_1/CEETOX_H295R_ESTRONE_dt_Pattern/model.joblib
2	CEETOX_H295R_ESTRONE	dt	Pattern	/home1/won0316/_RESEARCH/0817_Genotoxicity/1_Git_upload/ChemBAI/ToxCast_model/experiments/training/DART_MTL/logs/seed_multi/multi_CEETOX_H295R_ESTRONE_dt_Pattern.log	/home1/won0316/_RESEARCH/0817_Genotoxicity/1_Git_upload/ChemBAI/ToxCast_model/experiments/training/DART_MTL/results/backup/seed_2/CEETOX_H295R_ESTRONE_dt_Pattern/model.joblib
0	CEETOX_H295R_ESTRONE	dt	RDKit	/home1/won0316/_RESEARCH/0817_Genotoxicity/1_Git_upload/ChemBAI/ToxCast_model/experiments/training/DART_MTL/logs/seed_multi/multi_CEETOX_H295R_ESTRONE_dt_RDKit.log	/home1/won0316/_RESEARCH/0817_Genotoxicity/1_Git_upload/ChemBAI/ToxCast_model/experiments/training/DART_MTL/results/backup/seed_0/CEETOX_H295R_ESTRONE_dt_RDKit/model.joblib
1	CEETOX_H295R_ESTRONE	dt	RDKit	/home1/won0316/_RESEARCH/0817_Genotoxicity/1_Git_upload/ChemBAI/ToxCast_model/experiments/training/DART_MTL/logs/seed_multi/multi_CEETOX_H295R_ESTRONE_dt_RDKit.log	/home1/won0316/_RESEARCH/0817_Genotoxicity/1_Git_upload/ChemBAI/ToxCast_model/experiments/training/DART_MTL/results/backup/seed_1/CEETOX_H295R_ESTRONE_dt_RDKit/model.joblib
2	CEETOX_H295R_ESTRONE	dt	RDKit	/home1/won0316/_RESEARCH/0817_Genotoxicity/1_Git_upload/ChemBAI/ToxCast_model/experiments/training/DART_MTL/logs/seed_multi/multi_CEETOX_H295R_ESTRONE_dt_RDKit.log	/home1/won0316/_RESEARCH/0817_Genotoxicity/1_Git_upload/ChemBAI/ToxCast_model/experiments/training/DART_MTL/results/backup/seed_2/CEETOX_H295R_ESTRONE_dt_RDKit/model.joblib
0	CEETOX_H295R_ESTRONE	gbt	Layered	/home1/won0316/_RESEARCH/0817_Genotoxicity/1_Git_upload/ChemBAI/ToxCast_model/experiments/training/DART_MTL/logs/seed_multi/multi_CEETOX_H295R_ESTRONE_gbt_Layered.log	/home1/won0316/_RESEARCH/0817_Genotoxicity/1_Git_upload/ChemBAI/ToxCast_model/experiments/training/DART_MTL/results/backup/seed_0/CEETOX_H295R_ESTRONE_gbt_Layered/model.joblib
1	CEETOX_H295R_ESTRONE	gbt	Layered	/home1/won0316/_RESEARCH/0817_Genotoxicity/1_Git_upload/ChemBAI/ToxCast_model/experiments/training/DART_MTL/logs/seed_multi/multi_CEETOX_H295R_ESTRONE_gbt_Layered.log	/home1/won0316/_RESEARCH/0817_Genotoxicity/1_Git_upload/ChemBAI/ToxCast_model/experiments/training/DART_MTL/results/backup/seed_1/CEETOX_H295R_ESTRONE_gbt_Layered/model.joblib
2	CEETOX_H295R_ESTRONE	gbt	Layered	/home1/won0316/_RESEARCH/0817_Genotoxicity/1_Git_upload/ChemBAI/ToxCast_model/experiments/training/DART_MTL/logs/seed_multi/multi_CEETOX_H295R_ESTRONE_gbt_Layered.log	/home1/won0316/_RESEARCH/0817_Genotoxicity/1_Git_upload/ChemBAI/ToxCast_model/experiments/training/DART_MTL/results/backup/seed_2/CEETOX_H295R_ESTRONE_gbt_Layered/model.joblib
0	CEETOX_H295R_ESTRONE	gbt	MACCS	/home1/won0316/_RESEARCH/0817_Genotoxicity/1_Git_upload/ChemBAI/ToxCast_model/experiments/training/DART_MTL/logs/seed_multi/multi_CEETOX_H295R_ESTRONE_gbt_MACCS.log	/home1/won0316/_RESEARCH/0817_Genotoxicity/1_Git_upload/ChemBAI/ToxCast_model/experiments/training/DART_MTL/results/backup/seed_0/CEETOX_H295R_ESTRONE_gbt_MACCS/model.joblib
1	CEETOX_H295R_ESTRONE	gbt	MACCS	/home1/won0316/_RESEARCH/0817_Genotoxicity/1_Git_upload/ChemBAI/ToxCast_model/experiments/training/DART_MTL/logs/seed_multi/multi_CEETOX_H295R_ESTRONE_gbt_MACCS.log	/home1/won0316/_RESEARCH/0817_Genotoxicity/1_Git_upload/ChemBAI/ToxCast_model/experiments/training/DART_MTL/results/backup/seed_1/CEETOX_H295R_ESTRONE_gbt_MACCS/model.joblib
2	CEETOX_H295R_ESTRONE	gbt	MACCS	/home1/won0316/_RESEARCH/0817_Genotoxicity/1_Git_upload/ChemBAI/ToxCast_model/experiments/training/DART_MTL/logs/seed_multi/multi_CEETOX_H295R_ESTRONE_gbt_MACCS.log	/home1/won0316/_RESEARCH/0817_Genotoxicity/1_Git_upload/ChemBAI/ToxCast_model/experiments/training/DART_MTL/results/backup/seed_2/CEETOX_H295R_ESTRONE_gbt_MACCS/model.joblib
0	CEETOX_H295R_ESTRONE	gbt	Morgan	/home1/won0316/_RESEARCH/0817_Genotoxicity/1_Git_upload/ChemBAI/ToxCast_model/experiments/training/DART_MTL/logs/seed_multi/multi_CEETOX_H295R_ESTRONE_gbt_Morgan.log	/home1/won0316/_RESEARCH/0817_Genotoxicity/1_Git_upload/ChemBAI/ToxCast_model/experiments/training/DART_MTL/results/backup/seed_0/CEETOX_H295R_ESTRONE_gbt_Morgan/model.joblib
1	CEETOX_H295R_ESTRONE	gbt	Morgan	/home1/won0316/_RESEARCH/0817_Genotoxicity/1_Git_upload/ChemBAI/ToxCast_model/experiments/training/DART_MTL/logs/seed_multi/multi_CEETOX_H295R_ESTRONE_gbt_Morgan.log	/home1/won0316/_RESEARCH/0817_Genotoxicity/1_Git_upload/ChemBAI/ToxCast_model/experiments/training/DART_MTL/results/backup/seed_1/CEETOX_H295R_ESTRONE_gbt_Morgan/model.joblib
2	CEETOX_H295R_ESTRONE	gbt	Morgan	/home1/won0316/_RESEARCH/0817_Genotoxicity/1_Git_upload/ChemBAI/ToxCast_model/experiments/training/DART_MTL/logs/seed_multi/multi_CEETOX_H295R_ESTRONE_gbt_Morgan.log	/home1/won0316/_RESEARCH/0817_Genotoxicity/1_Git_upload/ChemBAI/ToxCast_model/experiments/training/DART_MTL/results/backup/seed_2/CEETOX_H295R_ESTRONE_gbt_Morgan/model.joblib
0	CEETOX_H295R_ESTRONE	gbt	Pattern	/home1/won0316/_RESEARCH/0817_Genotoxicity/1_Git_upload/ChemBAI/ToxCast_model/experiments/training/DART_MTL/logs/seed_multi/multi_CEETOX_H295R_ESTRONE_gbt_Pattern.log	/home1/won0316/_RESEARCH/0817_Genotoxicity/1_Git_upload/ChemBAI/ToxCast_model/experiments/training/DART_MTL/results/backup/seed_0/CEETOX_H295R_ESTRONE_gbt_Pattern/model.joblib
1	CEETOX_H295R_ESTRONE	gbt	Pattern	/home1/won0316/_RESEARCH/0817_Genotoxicity/1_Git_upload/ChemBAI/ToxCast_model/experiments/training/DART_MTL/logs/seed_multi/multi_CEETOX_H295R_ESTRONE_gbt_Pattern.log	/home1/won0316/_RESEARCH/0817_Genotoxicity/1_Git_upload/ChemBAI/ToxCast_model/experiments/training/DART_MTL/results/backup/seed_1/CEETOX_H295R_ESTRONE_gbt_Pattern/model.joblib
2	CEETOX_H295R_ESTRONE	gbt	Pattern	/home1/won0316/_RESEARCH/0817_Genotoxicity/1_Git_upload/ChemBAI/ToxCast_model/experiments/training/DART_MTL/logs/seed_multi/multi_CEETOX_H295R_ESTRONE_gbt_Pattern.log	/home1/won0316/_RESEARCH/0817_Genotoxicity/1_Git_upload/ChemBAI/ToxCast_model/experiments/training/DART_MTL/results/backup/seed_2/CEETOX_H295R_ESTRONE_gbt_Pattern/model.joblib
0	CEETOX_H295R_ESTRONE	gbt	RDKit	/home1/won0316/_RESEARCH/0817_Genotoxicity/1_Git_upload/ChemBAI/ToxCast_model/experiments/training/DART_MTL/logs/seed_multi/multi_CEETOX_H295R_ESTRONE_gbt_RDKit.log	/home1/won0316/_RESEARCH/0817_Genotoxicity/1_Git_upload/ChemBAI/ToxCast_model/experiments/training/DART_MTL/results/backup/seed_0/CEETOX_H295R_ESTRONE_gbt_RDKit/model.joblib
1	CEETOX_H295R_ESTRONE	gbt	RDKit	/home1/won0316/_RESEARCH/0817_Genotoxicity/1_Git_upload/ChemBAI/ToxCast_model/experiments/training/DART_MTL/logs/seed_multi/multi_CEETOX_H295R_ESTRONE_gbt_RDKit.log	/home1/won0316/_RESEARCH/0817_Genotoxicity/1_Git_upload/ChemBAI/ToxCast_model/experiments/training/DART_MTL/results/backup/seed_1/CEETOX_H295R_ESTRONE_gbt_RDKit/model.joblib
2	CEETOX_H295R_ESTRONE	gbt	RDKit	/home1/won0316/_RESEARCH/0817_Genotoxicity/1_Git_upload/ChemBAI/ToxCast_model/experiments/training/DART_MTL/logs/seed_multi/multi_CEETOX_H295R_ESTRONE_gbt_RDKit.log	/home1/won0316/_RESEARCH/0817_Genotoxicity/1_Git_upload/ChemBAI/ToxCast_model/experiments/training/DART_MTL/results/backup/seed_2/CEETOX_H295R_ESTRONE_gbt_RDKit/model.joblib
0	CEETOX_H295R_ESTRONE	logistic	Layered	/home1/won0316/_RESEARCH/0817_Genotoxicity/1_Git_upload/ChemBAI/ToxCast_model/experiments/training/DART_MTL/logs/seed_multi/multi_CEETOX_H295R_ESTRONE_logistic_Layered.log	/home1/won0316/_RESEARCH/0817_Genotoxicity/1_Git_upload/ChemBAI/ToxCast_model/experiments/training/DART_MTL/results/backup/seed_0/CEETOX_H295R_ESTRONE_logistic_Layered/model.joblib
1	CEETOX_H295R_ESTRONE	logistic	Layered	/home1/won0316/_RESEARCH/0817_Genotoxicity/1_Git_upload/ChemBAI/ToxCast_model/experiments/training/DART_MTL/logs/seed_multi/multi_CEETOX_H295R_ESTRONE_logistic_Layered.log	/home1/won0316/_RESEARCH/0817_Genotoxicity/1_Git_upload/ChemBAI/ToxCast_model/experiments/training/DART_MTL/results/backup/seed_1/CEETOX_H295R_ESTRONE_logistic_Layered/model.joblib
2	CEETOX_H295R_ESTRONE	logistic	Layered	/home1/won0316/_RESEARCH/0817_Genotoxicity/1_Git_upload/ChemBAI/ToxCast_model/experiments/training/DART_MTL/logs/seed_multi/multi_CEETOX_H295R_ESTRONE_logistic_Layered.log	/home1/won0316/_RESEARCH/0817_Genotoxicity/1_Git_upload/ChemBAI/ToxCast_model/experiments/training/DART_MTL/results/backup/seed_2/CEETOX_H295R_ESTRONE_logistic_Layered/model.joblib
0	CEETOX_H295R_ESTRONE	logistic	MACCS	/home1/won0316/_RESEARCH/0817_Genotoxicity/1_Git_upload/ChemBAI/ToxCast_model/experiments/training/DART_MTL/logs/seed_multi/multi_CEETOX_H295R_ESTRONE_logistic_MACCS.log	/home1/won0316/_RESEARCH/0817_Genotoxicity/1_Git_upload/ChemBAI/ToxCast_model/experiments/training/DART_MTL/results/backup/seed_0/CEETOX_H295R_ESTRONE_logistic_MACCS/model.joblib
1	CEETOX_H295R_ESTRONE	logistic	MACCS	/home1/won0316/_RESEARCH/0817_Genotoxicity/1_Git_upload/ChemBAI/ToxCast_model/experiments/training/DART_MTL/logs/seed_multi/multi_CEETOX_H295R_ESTRONE_logistic_MACCS.log	/home1/won0316/_RESEARCH/0817_Genotoxicity/1_Git_upload/ChemBAI/ToxCast_model/experiments/training/DART_MTL/results/backup/seed_1/CEETOX_H295R_ESTRONE_logistic_MACCS/model.joblib
2	CEETOX_H295R_ESTRONE	logistic	MACCS	/home1/won0316/_RESEARCH/0817_Genotoxicity/1_Git_upload/ChemBAI/ToxCast_model/experiments/training/DART_MTL/logs/seed_multi/multi_CEETOX_H295R_ESTRONE_logistic_MACCS.log	/home1/won0316/_RESEARCH/0817_Genotoxicity/1_Git_upload/ChemBAI/ToxCast_model/experiments/training/DART_MTL/results/backup/seed_2/CEETOX_H295R_ESTRONE_logistic_MACCS/model.joblib
0	CEETOX_H295R_ESTRONE	logistic	Morgan	/home1/won0316/_RESEARCH/0817_Genotoxicity/1_Git_upload/ChemBAI/ToxCast_model/experiments/training/DART_MTL/logs/seed_multi/multi_CEETOX_H295R_ESTRONE_logistic_Morgan.log	/home1/won0316/_RESEARCH/0817_Genotoxicity/1_Git_upload/ChemBAI/ToxCast_model/experiments/training/DART_MTL/results/backup/seed_0/CEETOX_H295R_ESTRONE_logistic_Morgan/model.joblib
1	CEETOX_H295R_ESTRONE	logistic	Morgan	/home1/won0316/_RESEARCH/0817_Genotoxicity/1_Git_upload/ChemBAI/ToxCast_model/experiments/training/DART_MTL/logs/seed_multi/multi_CEETOX_H295R_ESTRONE_logistic_Morgan.log	/home1/won0316/_RESEARCH/0817_Genotoxicity/1_Git_upload/ChemBAI/ToxCast_model/experiments/training/DART_MTL/results/backup/seed_1/CEETOX_H295R_ESTRONE_logistic_Morgan/model.joblib
2	CEETOX_H295R_ESTRONE	logistic	Morgan	/home1/won0316/_RESEARCH/0817_Genotoxicity/1_Git_upload/ChemBAI/ToxCast_model/experiments/training/DART_MTL/logs/seed_multi/multi_CEETOX_H295R_ESTRONE_logistic_Morgan.log	/home1/won0316/_RESEARCH/0817_Genotoxicity/1_Git_upload/ChemBAI/ToxCast_model/experiments/training/DART_MTL/results/backup/seed_2/CEETOX_H295R_ESTRONE_logistic_Morgan/model.joblib
0	CEETOX_H295R_ESTRONE	logistic	Pattern	/home1/won0316/_RESEARCH/0817_Genotoxicity/1_Git_upload/ChemBAI/ToxCast_model/experiments/training/DART_MTL/logs/seed_multi/multi_CEETOX_H295R_ESTRONE_logistic_Pattern.log	/home1/won0316/_RESEARCH/0817_Genotoxicity/1_Git_upload/ChemBAI/ToxCast_model/experiments/training/DART_MTL/results/backup/seed_0/CEETOX_H295R_ESTRONE_logistic_Pattern/model.joblib
1	CEETOX_H295R_ESTRONE	logistic	Pattern	/home1/won0316/_RESEARCH/0817_Genotoxicity/1_Git_upload/ChemBAI/ToxCast_model/experiments/training/DART_MTL/logs/seed_multi/multi_CEETOX_H295R_ESTRONE_logistic_Pattern.log	/home1/won0316/_RESEARCH/0817_Genotoxicity/1_Git_upload/ChemBAI/ToxCast_model/experiments/training/DART_MTL/results/backup/seed_1/CEETOX_H295R_ESTRONE_logistic_Pattern/model.joblib
2	CEETOX_H295R_ESTRONE	logistic	Pattern	/home1/won0316/_RESEARCH/0817_Genotoxicity/1_Git_upload/ChemBAI/ToxCast_model/experiments/training/DART_MTL/logs/seed_multi/multi_CEETOX_H295R_ESTRONE_logistic_Pattern.log	/home1/won0316/_RESEARCH/0817_Genotoxicity/1_Git_upload/ChemBAI/ToxCast_model/experiments/training/DART_MTL/results/backup/seed_2/CEETOX_H295R_ESTRONE_logistic_Pattern/model.joblib
0	CEETOX_H295R_ESTRONE	logistic	RDKit	/home1/won0316/_RESEARCH/0817_Genotoxicity/1_Git_upload/ChemBAI/ToxCast_model/experiments/training/DART_MTL/logs/seed_multi/multi_CEETOX_H295R_ESTRONE_logistic_RDKit.log	/home1/won0316/_RESEARCH/0817_Genotoxicity/1_Git_upload/ChemBAI/ToxCast_model/experiments/training/DART_MTL/results/backup/seed_0/CEETOX_H295R_ESTRONE_logistic_RDKit/model.joblib
1	CEETOX_H295R_ESTRONE	logistic	RDKit	/home1/won0316/_RESEARCH/0817_Genotoxicity/1_Git_upload/ChemBAI/ToxCast_model/experiments/training/DART_MTL/logs/seed_multi/multi_CEETOX_H295R_ESTRONE_logistic_RDKit.log	/home1/won0316/_RESEARCH/0817_Genotoxicity/1_Git_upload/ChemBAI/ToxCast_model/experiments/training/DART_MTL/results/backup/seed_1/CEETOX_H295R_ESTRONE_logistic_RDKit/model.joblib
2	CEETOX_H295R_ESTRONE	logistic	RDKit	/home1/won0316/_RESEARCH/0817_Genotoxicity/1_Git_upload/ChemBAI/ToxCast_model/experiments/training/DART_MTL/logs/seed_multi/multi_CEETOX_H295R_ESTRONE_logistic_RDKit.log	/home1/won0316/_RESEARCH/0817_Genotoxicity/1_Git_upload/ChemBAI/ToxCast_model/experiments/training/DART_MTL/results/backup/seed_2/CEETOX_H295R_ESTRONE_logistic_RDKit/model.joblib
0	CEETOX_H295R_ESTRONE	rf	Layered	/home1/won0316/_RESEARCH/0817_Genotoxicity/1_Git_upload/ChemBAI/ToxCast_model/experiments/training/DART_MTL/logs/seed_multi/multi_CEETOX_H295R_ESTRONE_rf_Layered.log	/home1/won0316/_RESEARCH/0817_Genotoxicity/1_Git_upload/ChemBAI/ToxCast_model/experiments/training/DART_MTL/results/backup/seed_0/CEETOX_H295R_ESTRONE_rf_Layered/model.joblib
1	CEETOX_H295R_ESTRONE	rf	Layered	/home1/won0316/_RESEARCH/0817_Genotoxicity/1_Git_upload/ChemBAI/ToxCast_model/experiments/training/DART_MTL/logs/seed_multi/multi_CEETOX_H295R_ESTRONE_rf_Layered.log	/home1/won0316/_RESEARCH/0817_Genotoxicity/1_Git_upload/ChemBAI/ToxCast_model/experiments/training/DART_MTL/results/backup/seed_1/CEETOX_H295R_ESTRONE_rf_Layered/model.joblib
2	CEETOX_H295R_ESTRONE	rf	Layered	/home1/won0316/_RESEARCH/0817_Genotoxicity/1_Git_upload/ChemBAI/ToxCast_model/experiments/training/DART_MTL/logs/seed_multi/multi_CEETOX_H295R_ESTRONE_rf_Layered.log	/home1/won0316/_RESEARCH/0817_Genotoxicity/1_Git_upload/ChemBAI/ToxCast_model/experiments/training/DART_MTL/results/backup/seed_2/CEETOX_H295R_ESTRONE_rf_Layered/model.joblib
0	CEETOX_H295R_ESTRONE	rf	MACCS	/home1/won0316/_RESEARCH/0817_Genotoxicity/1_Git_upload/ChemBAI/ToxCast_model/experiments/training/DART_MTL/logs/seed_multi/multi_CEETOX_H295R_ESTRONE_rf_MACCS.log	/home1/won0316/_RESEARCH/0817_Genotoxicity/1_Git_upload/ChemBAI/ToxCast_model/experiments/training/DART_MTL/results/backup/seed_0/CEETOX_H295R_ESTRONE_rf_MACCS/model.joblib
1	CEETOX_H295R_ESTRONE	rf	MACCS	/home1/won0316/_RESEARCH/0817_Genotoxicity/1_Git_upload/ChemBAI/ToxCast_model/experiments/training/DART_MTL/logs/seed_multi/multi_CEETOX_H295R_ESTRONE_rf_MACCS.log	/home1/won0316/_RESEARCH/0817_Genotoxicity/1_Git_upload/ChemBAI/ToxCast_model/experiments/training/DART_MTL/results/backup/seed_1/CEETOX_H295R_ESTRONE_rf_MACCS/model.joblib
2	CEETOX_H295R_ESTRONE	rf	MACCS	/home1/won0316/_RESEARCH/0817_Genotoxicity/1_Git_upload/ChemBAI/ToxCast_model/experiments/training/DART_MTL/logs/seed_multi/multi_CEETOX_H295R_ESTRONE_rf_MACCS.log	/home1/won0316/_RESEARCH/0817_Genotoxicity/1_Git_upload/ChemBAI/ToxCast_model/experiments/training/DART_MTL/results/backup/seed_2/CEETOX_H295R_ESTRONE_rf_MACCS/model.joblib
0	CEETOX_H295R_ESTRONE	rf	Morgan	/home1/won0316/_RESEARCH/0817_Genotoxicity/1_Git_upload/ChemBAI/ToxCast_model/experiments/training/DART_MTL/logs/seed_multi/multi_CEETOX_H295R_ESTRONE_rf_Morgan.log	/home1/won0316/_RESEARCH/0817_Genotoxicity/1_Git_upload/ChemBAI/ToxCast_model/experiments/training/DART_MTL/results/backup/seed_0/CEETOX_H295R_ESTRONE_rf_Morgan/model.joblib
1	CEETOX_H295R_ESTRONE	rf	Morgan	/home1/won0316/_RESEARCH/0817_Genotoxicity/1_Git_upload/ChemBAI/ToxCast_model/experiments/training/DART_MTL/logs/seed_multi/multi_CEETOX_H295R_ESTRONE_rf_Morgan.log	/home1/won0316/_RESEARCH/0817_Genotoxicity/1_Git_upload/ChemBAI/ToxCast_model/experiments/training/DART_MTL/results/backup/seed_1/CEETOX_H295R_ESTRONE_rf_Morgan/model.joblib
2	CEETOX_H295R_ESTRONE	rf	Morgan	/home1/won0316/_RESEARCH/0817_Genotoxicity/1_Git_upload/ChemBAI/ToxCast_model/experiments/training/DART_MTL/logs/seed_multi/multi_CEETOX_H295R_ESTRONE_rf_Morgan.log	/home1/won0316/_RESEARCH/0817_Genotoxicity/1_Git_upload/ChemBAI/ToxCast_model/experiments/training/DART_MTL/results/backup/seed_2/CEETOX_H295R_ESTRONE_rf_Morgan/model.joblib
0	CEETOX_H295R_ESTRONE	rf	Pattern	/home1/won0316/_RESEARCH/0817_Genotoxicity/1_Git_upload/ChemBAI/ToxCast_model/experiments/training/DART_MTL/logs/seed_multi/multi_CEETOX_H295R_ESTRONE_rf_Pattern.log	/home1/won0316/_RESEARCH/0817_Genotoxicity/1_Git_upload/ChemBAI/ToxCast_model/experiments/training/DART_MTL/results/backup/seed_0/CEETOX_H295R_ESTRONE_rf_Pattern/model.joblib
1	CEETOX_H295R_ESTRONE	rf	Pattern	/home1/won0316/_RESEARCH/0817_Genotoxicity/1_Git_upload/ChemBAI/ToxCast_model/experiments/training/DART_MTL/logs/seed_multi/multi_CEETOX_H295R_ESTRONE_rf_Pattern.log	/home1/won0316/_RESEARCH/0817_Genotoxicity/1_Git_upload/ChemBAI/ToxCast_model/experiments/training/DART_MTL/results/backup/seed_1/CEETOX_H295R_ESTRONE_rf_Pattern/model.joblib
2	CEETOX_H295R_ESTRONE	rf	Pattern	/home1/won0316/_RESEARCH/0817_Genotoxicity/1_Git_upload/ChemBAI/ToxCast_model/experiments/training/DART_MTL/logs/seed_multi/multi_CEETOX_H295R_ESTRONE_rf_Pattern.log	/home1/won0316/_RESEARCH/0817_Genotoxicity/1_Git_upload/ChemBAI/ToxCast_model/experiments/training/DART_MTL/results/backup/seed_2/CEETOX_H295R_ESTRONE_rf_Pattern/model.joblib
0	CEETOX_H295R_ESTRONE	rf	RDKit	/home1/won0316/_RESEARCH/0817_Genotoxicity/1_Git_upload/ChemBAI/ToxCast_model/experiments/training/DART_MTL/logs/seed_multi/multi_CEETOX_H295R_ESTRONE_rf_RDKit.log	/home1/won0316/_RESEARCH/0817_Genotoxicity/1_Git_upload/ChemBAI/ToxCast_model/experiments/training/DART_MTL/results/backup/seed_0/CEETOX_H295R_ESTRONE_rf_RDKit/model.joblib
1	CEETOX_H295R_ESTRONE	rf	RDKit	/home1/won0316/_RESEARCH/0817_Genotoxicity/1_Git_upload/ChemBAI/ToxCast_model/experiments/training/DART_MTL/logs/seed_multi/multi_CEETOX_H295R_ESTRONE_rf_RDKit.log	/home1/won0316/_RESEARCH/0817_Genotoxicity/1_Git_upload/ChemBAI/ToxCast_model/experiments/training/DART_MTL/results/backup/seed_1/CEETOX_H295R_ESTRONE_rf_RDKit/model.joblib
2	CEETOX_H295R_ESTRONE	rf	RDKit	/home1/won0316/_RESEARCH/0817_Genotoxicity/1_Git_upload/ChemBAI/ToxCast_model/experiments/training/DART_MTL/logs/seed_multi/multi_CEETOX_H295R_ESTRONE_rf_RDKit.log	/home1/won0316/_RESEARCH/0817_Genotoxicity/1_Git_upload/ChemBAI/ToxCast_model/experiments/training/DART_MTL/results/backup/seed_2/CEETOX_H295R_ESTRONE_rf_RDKit/model.joblib
0	CEETOX_H295R_ESTRONE	xgb	Layered	/home1/won0316/_RESEARCH/0817_Genotoxicity/1_Git_upload/ChemBAI/ToxCast_model/experiments/training/DART_MTL/logs/seed_multi/multi_CEETOX_H295R_ESTRONE_xgb_Layered.log	/home1/won0316/_RESEARCH/0817_Genotoxicity/1_Git_upload/ChemBAI/ToxCast_model/experiments/training/DART_MTL/results/backup/seed_0/CEETOX_H295R_ESTRONE_xgb_Layered/model.joblib
1	CEETOX_H295R_ESTRONE	xgb	Layered	/home1/won0316/_RESEARCH/0817_Genotoxicity/1_Git_upload/ChemBAI/ToxCast_model/experiments/training/DART_MTL/logs/seed_multi/multi_CEETOX_H295R_ESTRONE_xgb_Layered.log	/home1/won0316/_RESEARCH/0817_Genotoxicity/1_Git_upload/ChemBAI/ToxCast_model/experiments/training/DART_MTL/results/backup/seed_1/CEETOX_H295R_ESTRONE_xgb_Layered/model.joblib
2	CEETOX_H295R_ESTRONE	xgb	Layered	/home1/won0316/_RESEARCH/0817_Genotoxicity/1_Git_upload/ChemBAI/ToxCast_model/experiments/training/DART_MTL/logs/seed_multi/multi_CEETOX_H295R_ESTRONE_xgb_Layered.log	/home1/won0316/_RESEARCH/0817_Genotoxicity/1_Git_upload/ChemBAI/ToxCast_model/experiments/training/DART_MTL/results/backup/seed_2/CEETOX_H295R_ESTRONE_xgb_Layered/model.joblib
0	CEETOX_H295R_ESTRONE	xgb	MACCS	/home1/won0316/_RESEARCH/0817_Genotoxicity/1_Git_upload/ChemBAI/ToxCast_model/experiments/training/DART_MTL/logs/seed_multi/multi_CEETOX_H295R_ESTRONE_xgb_MACCS.log	/home1/won0316/_RESEARCH/0817_Genotoxicity/1_Git_upload/ChemBAI/ToxCast_model/experiments/training/DART_MTL/results/backup/seed_0/CEETOX_H295R_ESTRONE_xgb_MACCS/model.joblib
1	CEETOX_H295R_ESTRONE	xgb	MACCS	/home1/won0316/_RESEARCH/0817_Genotoxicity/1_Git_upload/ChemBAI/ToxCast_model/experiments/training/DART_MTL/logs/seed_multi/multi_CEETOX_H295R_ESTRONE_xgb_MACCS.log	/home1/won0316/_RESEARCH/0817_Genotoxicity/1_Git_upload/ChemBAI/ToxCast_model/experiments/training/DART_MTL/results/backup/seed_1/CEETOX_H295R_ESTRONE_xgb_MACCS/model.joblib
2	CEETOX_H295R_ESTRONE	xgb	MACCS	/home1/won0316/_RESEARCH/0817_Genotoxicity/1_Git_upload/ChemBAI/ToxCast_model/experiments/training/DART_MTL/logs/seed_multi/multi_CEETOX_H295R_ESTRONE_xgb_MACCS.log	/home1/won0316/_RESEARCH/0817_Genotoxicity/1_Git_upload/ChemBAI/ToxCast_model/experiments/training/DART_MTL/results/backup/seed_2/CEETOX_H295R_ESTRONE_xgb_MACCS/model.joblib
0	CEETOX_H295R_ESTRONE	xgb	Morgan	/home1/won0316/_RESEARCH/0817_Genotoxicity/1_Git_upload/ChemBAI/ToxCast_model/experiments/training/DART_MTL/logs/seed_multi/multi_CEETOX_H295R_ESTRONE_xgb_Morgan.log	/home1/won0316/_RESEARCH/0817_Genotoxicity/1_Git_upload/ChemBAI/ToxCast_model/experiments/training/DART_MTL/results/backup/seed_0/CEETOX_H295R_ESTRONE_xgb_Morgan/model.joblib
1	CEETOX_H295R_ESTRONE	xgb	Morgan	/home1/won0316/_RESEARCH/0817_Genotoxicity/1_Git_upload/ChemBAI/ToxCast_model/experiments/training/DART_MTL/logs/seed_multi/multi_CEETOX_H295R_ESTRONE_xgb_Morgan.log	/home1/won0316/_RESEARCH/0817_Genotoxicity/1_Git_upload/ChemBAI/ToxCast_model/experiments/training/DART_MTL/results/backup/seed_1/CEETOX_H295R_ESTRONE_xgb_Morgan/model.joblib
2	CEETOX_H295R_ESTRONE	xgb	Morgan	/home1/won0316/_RESEARCH/0817_Genotoxicity/1_Git_upload/ChemBAI/ToxCast_model/experiments/training/DART_MTL/logs/seed_multi/multi_CEETOX_H295R_ESTRONE_xgb_Morgan.log	/home1/won0316/_RESEARCH/0817_Genotoxicity/1_Git_upload/ChemBAI/ToxCast_model/experiments/training/DART_MTL/results/backup/seed_2/CEETOX_H295R_ESTRONE_xgb_Morgan/model.joblib
0	CEETOX_H295R_ESTRONE	xgb	Pattern	/home1/won0316/_RESEARCH/0817_Genotoxicity/1_Git_upload/ChemBAI/ToxCast_model/experiments/training/DART_MTL/logs/seed_multi/multi_CEETOX_H295R_ESTRONE_xgb_Pattern.log	/home1/won0316/_RESEARCH/0817_Genotoxicity/1_Git_upload/ChemBAI/ToxCast_model/experiments/training/DART_MTL/results/backup/seed_0/CEETOX_H295R_ESTRONE_xgb_Pattern/model.joblib
1	CEETOX_H295R_ESTRONE	xgb	Pattern	/home1/won0316/_RESEARCH/0817_Genotoxicity/1_Git_upload/ChemBAI/ToxCast_model/experiments/training/DART_MTL/logs/seed_multi/multi_CEETOX_H295R_ESTRONE_xgb_Pattern.log	/home1/won0316/_RESEARCH/0817_Genotoxicity/1_Git_upload/ChemBAI/ToxCast_model/experiments/training/DART_MTL/results/backup/seed_1/CEETOX_H295R_ESTRONE_xgb_Pattern/model.joblib
2	CEETOX_H295R_ESTRONE	xgb	Pattern	/home1/won0316/_RESEARCH/0817_Genotoxicity/1_Git_upload/ChemBAI/ToxCast_model/experiments/training/DART_MTL/logs/seed_multi/multi_CEETOX_H295R_ESTRONE_xgb_Pattern.log	/home1/won0316/_RESEARCH/0817_Genotoxicity/1_Git_upload/ChemBAI/ToxCast_model/experiments/training/DART_MTL/results/backup/seed_2/CEETOX_H295R_ESTRONE_xgb_Pattern/model.joblib
0	CEETOX_H295R_ESTRONE	xgb	RDKit	/home1/won0316/_RESEARCH/0817_Genotoxicity/1_Git_upload/ChemBAI/ToxCast_model/experiments/training/DART_MTL/logs/seed_multi/multi_CEETOX_H295R_ESTRONE_xgb_RDKit.log	/home1/won0316/_RESEARCH/0817_Genotoxicity/1_Git_upload/ChemBAI/ToxCast_model/experiments/training/DART_MTL/results/backup/seed_0/CEETOX_H295R_ESTRONE_xgb_RDKit/model.joblib
1	CEETOX_H295R_ESTRONE	xgb	RDKit	/home1/won0316/_RESEARCH/0817_Genotoxicity/1_Git_upload/ChemBAI/ToxCast_model/experiments/training/DART_MTL/logs/seed_multi/multi_CEETOX_H295R_ESTRONE_xgb_RDKit.log	/home1/won0316/_RESEARCH/0817_Genotoxicity/1_Git_upload/ChemBAI/ToxCast_model/experiments/training/DART_MTL/results/backup/seed_1/CEETOX_H295R_ESTRONE_xgb_RDKit/model.joblib
2	CEETOX_H295R_ESTRONE	xgb	RDKit	/home1/won0316/_RESEARCH/0817_Genotoxicity/1_Git_upload/ChemBAI/ToxCast_model/experiments/training/DART_MTL/logs/seed_multi/multi_CEETOX_H295R_ESTRONE_xgb_RDKit.log	/home1/won0316/_RESEARCH/0817_Genotoxicity/1_Git_upload/ChemBAI/ToxCast_model/experiments/training/DART_MTL/results/backup/seed_2/CEETOX_H295R_ESTRONE_xgb_RDKit/model.joblib
0	CEETOX_H295R_PROG	dt	Layered	/home1/won0316/_RESEARCH/0817_Genotoxicity/1_Git_upload/ChemBAI/ToxCast_model/experiments/training/DART_MTL/logs/seed_multi/multi_CEETOX_H295R_PROG_dt_Layered.log	/home1/won0316/_RESEARCH/0817_Genotoxicity/1_Git_upload/ChemBAI/ToxCast_model/experiments/training/DART_MTL/results/backup/seed_0/CEETOX_H295R_PROG_dt_Layered/model.joblib
1	CEETOX_H295R_PROG	dt	Layered	/home1/won0316/_RESEARCH/0817_Genotoxicity/1_Git_upload/ChemBAI/ToxCast_model/experiments/training/DART_MTL/logs/seed_multi/multi_CEETOX_H295R_PROG_dt_Layered.log	/home1/won0316/_RESEARCH/0817_Genotoxicity/1_Git_upload/ChemBAI/ToxCast_model/experiments/training/DART_MTL/results/backup/seed_1/CEETOX_H295R_PROG_dt_Layered/model.joblib
2	CEETOX_H295R_PROG	dt	Layered	/home1/won0316/_RESEARCH/0817_Genotoxicity/1_Git_upload/ChemBAI/ToxCast_model/experiments/training/DART_MTL/logs/seed_multi/multi_CEETOX_H295R_PROG_dt_Layered.log	/home1/won0316/_RESEARCH/0817_Genotoxicity/1_Git_upload/ChemBAI/ToxCast_model/experiments/training/DART_MTL/results/backup/seed_2/CEETOX_H295R_PROG_dt_Layered/model.joblib
0	CEETOX_H295R_PROG	dt	MACCS	/home1/won0316/_RESEARCH/0817_Genotoxicity/1_Git_upload/ChemBAI/ToxCast_model/experiments/training/DART_MTL/logs/seed_multi/multi_CEETOX_H295R_PROG_dt_MACCS.log	/home1/won0316/_RESEARCH/0817_Genotoxicity/1_Git_upload/ChemBAI/ToxCast_model/experiments/training/DART_MTL/results/backup/seed_0/CEETOX_H295R_PROG_dt_MACCS/model.joblib
1	CEETOX_H295R_PROG	dt	MACCS	/home1/won0316/_RESEARCH/0817_Genotoxicity/1_Git_upload/ChemBAI/ToxCast_model/experiments/training/DART_MTL/logs/seed_multi/multi_CEETOX_H295R_PROG_dt_MACCS.log	/home1/won0316/_RESEARCH/0817_Genotoxicity/1_Git_upload/ChemBAI/ToxCast_model/experiments/training/DART_MTL/results/backup/seed_1/CEETOX_H295R_PROG_dt_MACCS/model.joblib
2	CEETOX_H295R_PROG	dt	MACCS	/home1/won0316/_RESEARCH/0817_Genotoxicity/1_Git_upload/ChemBAI/ToxCast_model/experiments/training/DART_MTL/logs/seed_multi/multi_CEETOX_H295R_PROG_dt_MACCS.log	/home1/won0316/_RESEARCH/0817_Genotoxicity/1_Git_upload/ChemBAI/ToxCast_model/experiments/training/DART_MTL/results/backup/seed_2/CEETOX_H295R_PROG_dt_MACCS/model.joblib
0	CEETOX_H295R_PROG	dt	Morgan	/home1/won0316/_RESEARCH/0817_Genotoxicity/1_Git_upload/ChemBAI/ToxCast_model/experiments/training/DART_MTL/logs/seed_multi/multi_CEETOX_H295R_PROG_dt_Morgan.log	/home1/won0316/_RESEARCH/0817_Genotoxicity/1_Git_upload/ChemBAI/ToxCast_model/experiments/training/DART_MTL/results/backup/seed_0/CEETOX_H295R_PROG_dt_Morgan/model.joblib
1	CEETOX_H295R_PROG	dt	Morgan	/home1/won0316/_RESEARCH/0817_Genotoxicity/1_Git_upload/ChemBAI/ToxCast_model/experiments/training/DART_MTL/logs/seed_multi/multi_CEETOX_H295R_PROG_dt_Morgan.log	/home1/won0316/_RESEARCH/0817_Genotoxicity/1_Git_upload/ChemBAI/ToxCast_model/experiments/training/DART_MTL/results/backup/seed_1/CEETOX_H295R_PROG_dt_Morgan/model.joblib
2	CEETOX_H295R_PROG	dt	Morgan	/home1/won0316/_RESEARCH/0817_Genotoxicity/1_Git_upload/ChemBAI/ToxCast_model/experiments/training/DART_MTL/logs/seed_multi/multi_CEETOX_H295R_PROG_dt_Morgan.log	/home1/won0316/_RESEARCH/0817_Genotoxicity/1_Git_upload/ChemBAI/ToxCast_model/experiments/training/DART_MTL/results/backup/seed_2/CEETOX_H295R_PROG_dt_Morgan/model.joblib
0	CEETOX_H295R_PROG	dt	Pattern	/home1/won0316/_RESEARCH/0817_Genotoxicity/1_Git_upload/ChemBAI/ToxCast_model/experiments/training/DART_MTL/logs/seed_multi/multi_CEETOX_H295R_PROG_dt_Pattern.log	/home1/won0316/_RESEARCH/0817_Genotoxicity/1_Git_upload/ChemBAI/ToxCast_model/experiments/training/DART_MTL/results/backup/seed_0/CEETOX_H295R_PROG_dt_Pattern/model.joblib
1	CEETOX_H295R_PROG	dt	Pattern	/home1/won0316/_RESEARCH/0817_Genotoxicity/1_Git_upload/ChemBAI/ToxCast_model/experiments/training/DART_MTL/logs/seed_multi/multi_CEETOX_H295R_PROG_dt_Pattern.log	/home1/won0316/_RESEARCH/0817_Genotoxicity/1_Git_upload/ChemBAI/ToxCast_model/experiments/training/DART_MTL/results/backup/seed_1/CEETOX_H295R_PROG_dt_Pattern/model.joblib
2	CEETOX_H295R_PROG	dt	Pattern	/home1/won0316/_RESEARCH/0817_Genotoxicity/1_Git_upload/ChemBAI/ToxCast_model/experiments/training/DART_MTL/logs/seed_multi/multi_CEETOX_H295R_PROG_dt_Pattern.log	/home1/won0316/_RESEARCH/0817_Genotoxicity/1_Git_upload/ChemBAI/ToxCast_model/experiments/training/DART_MTL/results/backup/seed_2/CEETOX_H295R_PROG_dt_Pattern/model.joblib
0	CEETOX_H295R_PROG	dt	RDKit	/home1/won0316/_RESEARCH/0817_Genotoxicity/1_Git_upload/ChemBAI/ToxCast_model/experiments/training/DART_MTL/logs/seed_multi/multi_CEETOX_H295R_PROG_dt_RDKit.log	/home1/won0316/_RESEARCH/0817_Genotoxicity/1_Git_upload/ChemBAI/ToxCast_model/experiments/training/DART_MTL/results/backup/seed_0/CEETOX_H295R_PROG_dt_RDKit/model.joblib
1	CEETOX_H295R_PROG	dt	RDKit	/home1/won0316/_RESEARCH/0817_Genotoxicity/1_Git_upload/ChemBAI/ToxCast_model/experiments/training/DART_MTL/logs/seed_multi/multi_CEETOX_H295R_PROG_dt_RDKit.log	/home1/won0316/_RESEARCH/0817_Genotoxicity/1_Git_upload/ChemBAI/ToxCast_model/experiments/training/DART_MTL/results/backup/seed_1/CEETOX_H295R_PROG_dt_RDKit/model.joblib
2	CEETOX_H295R_PROG	dt	RDKit	/home1/won0316/_RESEARCH/0817_Genotoxicity/1_Git_upload/ChemBAI/ToxCast_model/experiments/training/DART_MTL/logs/seed_multi/multi_CEETOX_H295R_PROG_dt_RDKit.log	/home1/won0316/_RESEARCH/0817_Genotoxicity/1_Git_upload/ChemBAI/ToxCast_model/experiments/training/DART_MTL/results/backup/seed_2/CEETOX_H295R_PROG_dt_RDKit/model.joblib
0	CEETOX_H295R_PROG	gbt	Layered	/home1/won0316/_RESEARCH/0817_Genotoxicity/1_Git_upload/ChemBAI/ToxCast_model/experiments/training/DART_MTL/logs/seed_multi/multi_CEETOX_H295R_PROG_gbt_Layered.log	/home1/won0316/_RESEARCH/0817_Genotoxicity/1_Git_upload/ChemBAI/ToxCast_model/experiments/training/DART_MTL/results/backup/seed_0/CEETOX_H295R_PROG_gbt_Layered/model.joblib
1	CEETOX_H295R_PROG	gbt	Layered	/home1/won0316/_RESEARCH/0817_Genotoxicity/1_Git_upload/ChemBAI/ToxCast_model/experiments/training/DART_MTL/logs/seed_multi/multi_CEETOX_H295R_PROG_gbt_Layered.log	/home1/won0316/_RESEARCH/0817_Genotoxicity/1_Git_upload/ChemBAI/ToxCast_model/experiments/training/DART_MTL/results/backup/seed_1/CEETOX_H295R_PROG_gbt_Layered/model.joblib
2	CEETOX_H295R_PROG	gbt	Layered	/home1/won0316/_RESEARCH/0817_Genotoxicity/1_Git_upload/ChemBAI/ToxCast_model/experiments/training/DART_MTL/logs/seed_multi/multi_CEETOX_H295R_PROG_gbt_Layered.log	/home1/won0316/_RESEARCH/0817_Genotoxicity/1_Git_upload/ChemBAI/ToxCast_model/experiments/training/DART_MTL/results/backup/seed_2/CEETOX_H295R_PROG_gbt_Layered/model.joblib
0	CEETOX_H295R_PROG	gbt	MACCS	/home1/won0316/_RESEARCH/0817_Genotoxicity/1_Git_upload/ChemBAI/ToxCast_model/experiments/training/DART_MTL/logs/seed_multi/multi_CEETOX_H295R_PROG_gbt_MACCS.log	/home1/won0316/_RESEARCH/0817_Genotoxicity/1_Git_upload/ChemBAI/ToxCast_model/experiments/training/DART_MTL/results/backup/seed_0/CEETOX_H295R_PROG_gbt_MACCS/model.joblib
1	CEETOX_H295R_PROG	gbt	MACCS	/home1/won0316/_RESEARCH/0817_Genotoxicity/1_Git_upload/ChemBAI/ToxCast_model/experiments/training/DART_MTL/logs/seed_multi/multi_CEETOX_H295R_PROG_gbt_MACCS.log	/home1/won0316/_RESEARCH/0817_Genotoxicity/1_Git_upload/ChemBAI/ToxCast_model/experiments/training/DART_MTL/results/backup/seed_1/CEETOX_H295R_PROG_gbt_MACCS/model.joblib
2	CEETOX_H295R_PROG	gbt	MACCS	/home1/won0316/_RESEARCH/0817_Genotoxicity/1_Git_upload/ChemBAI/ToxCast_model/experiments/training/DART_MTL/logs/seed_multi/multi_CEETOX_H295R_PROG_gbt_MACCS.log	/home1/won0316/_RESEARCH/0817_Genotoxicity/1_Git_upload/ChemBAI/ToxCast_model/experiments/training/DART_MTL/results/backup/seed_2/CEETOX_H295R_PROG_gbt_MACCS/model.joblib
0	CEETOX_H295R_PROG	gbt	Morgan	/home1/won0316/_RESEARCH/0817_Genotoxicity/1_Git_upload/ChemBAI/ToxCast_model/experiments/training/DART_MTL/logs/seed_multi/multi_CEETOX_H295R_PROG_gbt_Morgan.log	/home1/won0316/_RESEARCH/0817_Genotoxicity/1_Git_upload/ChemBAI/ToxCast_model/experiments/training/DART_MTL/results/backup/seed_0/CEETOX_H295R_PROG_gbt_Morgan/model.joblib
1	CEETOX_H295R_PROG	gbt	Morgan	/home1/won0316/_RESEARCH/0817_Genotoxicity/1_Git_upload/ChemBAI/ToxCast_model/experiments/training/DART_MTL/logs/seed_multi/multi_CEETOX_H295R_PROG_gbt_Morgan.log	/home1/won0316/_RESEARCH/0817_Genotoxicity/1_Git_upload/ChemBAI/ToxCast_model/experiments/training/DART_MTL/results/backup/seed_1/CEETOX_H295R_PROG_gbt_Morgan/model.joblib
2	CEETOX_H295R_PROG	gbt	Morgan	/home1/won0316/_RESEARCH/0817_Genotoxicity/1_Git_upload/ChemBAI/ToxCast_model/experiments/training/DART_MTL/logs/seed_multi/multi_CEETOX_H295R_PROG_gbt_Morgan.log	/home1/won0316/_RESEARCH/0817_Genotoxicity/1_Git_upload/ChemBAI/ToxCast_model/experiments/training/DART_MTL/results/backup/seed_2/CEETOX_H295R_PROG_gbt_Morgan/model.joblib
0	CEETOX_H295R_PROG	gbt	Pattern	/home1/won0316/_RESEARCH/0817_Genotoxicity/1_Git_upload/ChemBAI/ToxCast_model/experiments/training/DART_MTL/logs/seed_multi/multi_CEETOX_H295R_PROG_gbt_Pattern.log	/home1/won0316/_RESEARCH/0817_Genotoxicity/1_Git_upload/ChemBAI/ToxCast_model/experiments/training/DART_MTL/results/backup/seed_0/CEETOX_H295R_PROG_gbt_Pattern/model.joblib
1	CEETOX_H295R_PROG	gbt	Pattern	/home1/won0316/_RESEARCH/0817_Genotoxicity/1_Git_upload/ChemBAI/ToxCast_model/experiments/training/DART_MTL/logs/seed_multi/multi_CEETOX_H295R_PROG_gbt_Pattern.log	/home1/won0316/_RESEARCH/0817_Genotoxicity/1_Git_upload/ChemBAI/ToxCast_model/experiments/training/DART_MTL/results/backup/seed_1/CEETOX_H295R_PROG_gbt_Pattern/model.joblib
2	CEETOX_H295R_PROG	gbt	Pattern	/home1/won0316/_RESEARCH/0817_Genotoxicity/1_Git_upload/ChemBAI/ToxCast_model/experiments/training/DART_MTL/logs/seed_multi/multi_CEETOX_H295R_PROG_gbt_Pattern.log	/home1/won0316/_RESEARCH/0817_Genotoxicity/1_Git_upload/ChemBAI/ToxCast_model/experiments/training/DART_MTL/results/backup/seed_2/CEETOX_H295R_PROG_gbt_Pattern/model.joblib
0	CEETOX_H295R_PROG	gbt	RDKit	/home1/won0316/_RESEARCH/0817_Genotoxicity/1_Git_upload/ChemBAI/ToxCast_model/experiments/training/DART_MTL/logs/seed_multi/multi_CEETOX_H295R_PROG_gbt_RDKit.log	/home1/won0316/_RESEARCH/0817_Genotoxicity/1_Git_upload/ChemBAI/ToxCast_model/experiments/training/DART_MTL/results/backup/seed_0/CEETOX_H295R_PROG_gbt_RDKit/model.joblib
1	CEETOX_H295R_PROG	gbt	RDKit	/home1/won0316/_RESEARCH/0817_Genotoxicity/1_Git_upload/ChemBAI/ToxCast_model/experiments/training/DART_MTL/logs/seed_multi/multi_CEETOX_H295R_PROG_gbt_RDKit.log	/home1/won0316/_RESEARCH/0817_Genotoxicity/1_Git_upload/ChemBAI/ToxCast_model/experiments/training/DART_MTL/results/backup/seed_1/CEETOX_H295R_PROG_gbt_RDKit/model.joblib
2	CEETOX_H295R_PROG	gbt	RDKit	/home1/won0316/_RESEARCH/0817_Genotoxicity/1_Git_upload/ChemBAI/ToxCast_model/experiments/training/DART_MTL/logs/seed_multi/multi_CEETOX_H295R_PROG_gbt_RDKit.log	/home1/won0316/_RESEARCH/0817_Genotoxicity/1_Git_upload/ChemBAI/ToxCast_model/experiments/training/DART_MTL/results/backup/seed_2/CEETOX_H295R_PROG_gbt_RDKit/model.joblib
0	CEETOX_H295R_PROG	logistic	Layered	/home1/won0316/_RESEARCH/0817_Genotoxicity/1_Git_upload/ChemBAI/ToxCast_model/experiments/training/DART_MTL/logs/seed_multi/multi_CEETOX_H295R_PROG_logistic_Layered.log	/home1/won0316/_RESEARCH/0817_Genotoxicity/1_Git_upload/ChemBAI/ToxCast_model/experiments/training/DART_MTL/results/backup/seed_0/CEETOX_H295R_PROG_logistic_Layered/model.joblib
1	CEETOX_H295R_PROG	logistic	Layered	/home1/won0316/_RESEARCH/0817_Genotoxicity/1_Git_upload/ChemBAI/ToxCast_model/experiments/training/DART_MTL/logs/seed_multi/multi_CEETOX_H295R_PROG_logistic_Layered.log	/home1/won0316/_RESEARCH/0817_Genotoxicity/1_Git_upload/ChemBAI/ToxCast_model/experiments/training/DART_MTL/results/backup/seed_1/CEETOX_H295R_PROG_logistic_Layered/model.joblib
2	CEETOX_H295R_PROG	logistic	Layered	/home1/won0316/_RESEARCH/0817_Genotoxicity/1_Git_upload/ChemBAI/ToxCast_model/experiments/training/DART_MTL/logs/seed_multi/multi_CEETOX_H295R_PROG_logistic_Layered.log	/home1/won0316/_RESEARCH/0817_Genotoxicity/1_Git_upload/ChemBAI/ToxCast_model/experiments/training/DART_MTL/results/backup/seed_2/CEETOX_H295R_PROG_logistic_Layered/model.joblib
0	CEETOX_H295R_PROG	logistic	MACCS	/home1/won0316/_RESEARCH/0817_Genotoxicity/1_Git_upload/ChemBAI/ToxCast_model/experiments/training/DART_MTL/logs/seed_multi/multi_CEETOX_H295R_PROG_logistic_MACCS.log	/home1/won0316/_RESEARCH/0817_Genotoxicity/1_Git_upload/ChemBAI/ToxCast_model/experiments/training/DART_MTL/results/backup/seed_0/CEETOX_H295R_PROG_logistic_MACCS/model.joblib
1	CEETOX_H295R_PROG	logistic	MACCS	/home1/won0316/_RESEARCH/0817_Genotoxicity/1_Git_upload/ChemBAI/ToxCast_model/experiments/training/DART_MTL/logs/seed_multi/multi_CEETOX_H295R_PROG_logistic_MACCS.log	/home1/won0316/_RESEARCH/0817_Genotoxicity/1_Git_upload/ChemBAI/ToxCast_model/experiments/training/DART_MTL/results/backup/seed_1/CEETOX_H295R_PROG_logistic_MACCS/model.joblib
2	CEETOX_H295R_PROG	logistic	MACCS	/home1/won0316/_RESEARCH/0817_Genotoxicity/1_Git_upload/ChemBAI/ToxCast_model/experiments/training/DART_MTL/logs/seed_multi/multi_CEETOX_H295R_PROG_logistic_MACCS.log	/home1/won0316/_RESEARCH/0817_Genotoxicity/1_Git_upload/ChemBAI/ToxCast_model/experiments/training/DART_MTL/results/backup/seed_2/CEETOX_H295R_PROG_logistic_MACCS/model.joblib
0	CEETOX_H295R_PROG	logistic	Morgan	/home1/won0316/_RESEARCH/0817_Genotoxicity/1_Git_upload/ChemBAI/ToxCast_model/experiments/training/DART_MTL/logs/seed_multi/multi_CEETOX_H295R_PROG_logistic_Morgan.log	/home1/won0316/_RESEARCH/0817_Genotoxicity/1_Git_upload/ChemBAI/ToxCast_model/experiments/training/DART_MTL/results/backup/seed_0/CEETOX_H295R_PROG_logistic_Morgan/model.joblib
1	CEETOX_H295R_PROG	logistic	Morgan	/home1/won0316/_RESEARCH/0817_Genotoxicity/1_Git_upload/ChemBAI/ToxCast_model/experiments/training/DART_MTL/logs/seed_multi/multi_CEETOX_H295R_PROG_logistic_Morgan.log	/home1/won0316/_RESEARCH/0817_Genotoxicity/1_Git_upload/ChemBAI/ToxCast_model/experiments/training/DART_MTL/results/backup/seed_1/CEETOX_H295R_PROG_logistic_Morgan/model.joblib
2	CEETOX_H295R_PROG	logistic	Morgan	/home1/won0316/_RESEARCH/0817_Genotoxicity/1_Git_upload/ChemBAI/ToxCast_model/experiments/training/DART_MTL/logs/seed_multi/multi_CEETOX_H295R_PROG_logistic_Morgan.log	/home1/won0316/_RESEARCH/0817_Genotoxicity/1_Git_upload/ChemBAI/ToxCast_model/experiments/training/DART_MTL/results/backup/seed_2/CEETOX_H295R_PROG_logistic_Morgan/model.joblib
0	CEETOX_H295R_PROG	logistic	Pattern	/home1/won0316/_RESEARCH/0817_Genotoxicity/1_Git_upload/ChemBAI/ToxCast_model/experiments/training/DART_MTL/logs/seed_multi/multi_CEETOX_H295R_PROG_logistic_Pattern.log	/home1/won0316/_RESEARCH/0817_Genotoxicity/1_Git_upload/ChemBAI/ToxCast_model/experiments/training/DART_MTL/results/backup/seed_0/CEETOX_H295R_PROG_logistic_Pattern/model.joblib
1	CEETOX_H295R_PROG	logistic	Pattern	/home1/won0316/_RESEARCH/0817_Genotoxicity/1_Git_upload/ChemBAI/ToxCast_model/experiments/training/DART_MTL/logs/seed_multi/multi_CEETOX_H295R_PROG_logistic_Pattern.log	/home1/won0316/_RESEARCH/0817_Genotoxicity/1_Git_upload/ChemBAI/ToxCast_model/experiments/training/DART_MTL/results/backup/seed_1/CEETOX_H295R_PROG_logistic_Pattern/model.joblib
2	CEETOX_H295R_PROG	logistic	Pattern	/home1/won0316/_RESEARCH/0817_Genotoxicity/1_Git_upload/ChemBAI/ToxCast_model/experiments/training/DART_MTL/logs/seed_multi/multi_CEETOX_H295R_PROG_logistic_Pattern.log	/home1/won0316/_RESEARCH/0817_Genotoxicity/1_Git_upload/ChemBAI/ToxCast_model/experiments/training/DART_MTL/results/backup/seed_2/CEETOX_H295R_PROG_logistic_Pattern/model.joblib
0	CEETOX_H295R_PROG	logistic	RDKit	/home1/won0316/_RESEARCH/0817_Genotoxicity/1_Git_upload/ChemBAI/ToxCast_model/experiments/training/DART_MTL/logs/seed_multi/multi_CEETOX_H295R_PROG_logistic_RDKit.log	/home1/won0316/_RESEARCH/0817_Genotoxicity/1_Git_upload/ChemBAI/ToxCast_model/experiments/training/DART_MTL/results/backup/seed_0/CEETOX_H295R_PROG_logistic_RDKit/model.joblib
1	CEETOX_H295R_PROG	logistic	RDKit	/home1/won0316/_RESEARCH/0817_Genotoxicity/1_Git_upload/ChemBAI/ToxCast_model/experiments/training/DART_MTL/logs/seed_multi/multi_CEETOX_H295R_PROG_logistic_RDKit.log	/home1/won0316/_RESEARCH/0817_Genotoxicity/1_Git_upload/ChemBAI/ToxCast_model/experiments/training/DART_MTL/results/backup/seed_1/CEETOX_H295R_PROG_logistic_RDKit/model.joblib
2	CEETOX_H295R_PROG	logistic	RDKit	/home1/won0316/_RESEARCH/0817_Genotoxicity/1_Git_upload/ChemBAI/ToxCast_model/experiments/training/DART_MTL/logs/seed_multi/multi_CEETOX_H295R_PROG_logistic_RDKit.log	/home1/won0316/_RESEARCH/0817_Genotoxicity/1_Git_upload/ChemBAI/ToxCast_model/experiments/training/DART_MTL/results/backup/seed_2/CEETOX_H295R_PROG_logistic_RDKit/model.joblib
0	CEETOX_H295R_PROG	rf	Layered	/home1/won0316/_RESEARCH/0817_Genotoxicity/1_Git_upload/ChemBAI/ToxCast_model/experiments/training/DART_MTL/logs/seed_multi/multi_CEETOX_H295R_PROG_rf_Layered.log	/home1/won0316/_RESEARCH/0817_Genotoxicity/1_Git_upload/ChemBAI/ToxCast_model/experiments/training/DART_MTL/results/backup/seed_0/CEETOX_H295R_PROG_rf_Layered/model.joblib
1	CEETOX_H295R_PROG	rf	Layered	/home1/won0316/_RESEARCH/0817_Genotoxicity/1_Git_upload/ChemBAI/ToxCast_model/experiments/training/DART_MTL/logs/seed_multi/multi_CEETOX_H295R_PROG_rf_Layered.log	/home1/won0316/_RESEARCH/0817_Genotoxicity/1_Git_upload/ChemBAI/ToxCast_model/experiments/training/DART_MTL/results/backup/seed_1/CEETOX_H295R_PROG_rf_Layered/model.joblib
2	CEETOX_H295R_PROG	rf	Layered	/home1/won0316/_RESEARCH/0817_Genotoxicity/1_Git_upload/ChemBAI/ToxCast_model/experiments/training/DART_MTL/logs/seed_multi/multi_CEETOX_H295R_PROG_rf_Layered.log	/home1/won0316/_RESEARCH/0817_Genotoxicity/1_Git_upload/ChemBAI/ToxCast_model/experiments/training/DART_MTL/results/backup/seed_2/CEETOX_H295R_PROG_rf_Layered/model.joblib
0	CEETOX_H295R_PROG	rf	MACCS	/home1/won0316/_RESEARCH/0817_Genotoxicity/1_Git_upload/ChemBAI/ToxCast_model/experiments/training/DART_MTL/logs/seed_multi/multi_CEETOX_H295R_PROG_rf_MACCS.log	/home1/won0316/_RESEARCH/0817_Genotoxicity/1_Git_upload/ChemBAI/ToxCast_model/experiments/training/DART_MTL/results/backup/seed_0/CEETOX_H295R_PROG_rf_MACCS/model.joblib
1	CEETOX_H295R_PROG	rf	MACCS	/home1/won0316/_RESEARCH/0817_Genotoxicity/1_Git_upload/ChemBAI/ToxCast_model/experiments/training/DART_MTL/logs/seed_multi/multi_CEETOX_H295R_PROG_rf_MACCS.log	/home1/won0316/_RESEARCH/0817_Genotoxicity/1_Git_upload/ChemBAI/ToxCast_model/experiments/training/DART_MTL/results/backup/seed_1/CEETOX_H295R_PROG_rf_MACCS/model.joblib
2	CEETOX_H295R_PROG	rf	MACCS	/home1/won0316/_RESEARCH/0817_Genotoxicity/1_Git_upload/ChemBAI/ToxCast_model/experiments/training/DART_MTL/logs/seed_multi/multi_CEETOX_H295R_PROG_rf_MACCS.log	/home1/won0316/_RESEARCH/0817_Genotoxicity/1_Git_upload/ChemBAI/ToxCast_model/experiments/training/DART_MTL/results/backup/seed_2/CEETOX_H295R_PROG_rf_MACCS/model.joblib
0	CEETOX_H295R_PROG	rf	Morgan	/home1/won0316/_RESEARCH/0817_Genotoxicity/1_Git_upload/ChemBAI/ToxCast_model/experiments/training/DART_MTL/logs/seed_multi/multi_CEETOX_H295R_PROG_rf_Morgan.log	/home1/won0316/_RESEARCH/0817_Genotoxicity/1_Git_upload/ChemBAI/ToxCast_model/experiments/training/DART_MTL/results/backup/seed_0/CEETOX_H295R_PROG_rf_Morgan/model.joblib
1	CEETOX_H295R_PROG	rf	Morgan	/home1/won0316/_RESEARCH/0817_Genotoxicity/1_Git_upload/ChemBAI/ToxCast_model/experiments/training/DART_MTL/logs/seed_multi/multi_CEETOX_H295R_PROG_rf_Morgan.log	/home1/won0316/_RESEARCH/0817_Genotoxicity/1_Git_upload/ChemBAI/ToxCast_model/experiments/training/DART_MTL/results/backup/seed_1/CEETOX_H295R_PROG_rf_Morgan/model.joblib
2	CEETOX_H295R_PROG	rf	Morgan	/home1/won0316/_RESEARCH/0817_Genotoxicity/1_Git_upload/ChemBAI/ToxCast_model/experiments/training/DART_MTL/logs/seed_multi/multi_CEETOX_H295R_PROG_rf_Morgan.log	/home1/won0316/_RESEARCH/0817_Genotoxicity/1_Git_upload/ChemBAI/ToxCast_model/experiments/training/DART_MTL/results/backup/seed_2/CEETOX_H295R_PROG_rf_Morgan/model.joblib
0	CEETOX_H295R_PROG	rf	Pattern	/home1/won0316/_RESEARCH/0817_Genotoxicity/1_Git_upload/ChemBAI/ToxCast_model/experiments/training/DART_MTL/logs/seed_multi/multi_CEETOX_H295R_PROG_rf_Pattern.log	/home1/won0316/_RESEARCH/0817_Genotoxicity/1_Git_upload/ChemBAI/ToxCast_model/experiments/training/DART_MTL/results/backup/seed_0/CEETOX_H295R_PROG_rf_Pattern/model.joblib
1	CEETOX_H295R_PROG	rf	Pattern	/home1/won0316/_RESEARCH/0817_Genotoxicity/1_Git_upload/ChemBAI/ToxCast_model/experiments/training/DART_MTL/logs/seed_multi/multi_CEETOX_H295R_PROG_rf_Pattern.log	/home1/won0316/_RESEARCH/0817_Genotoxicity/1_Git_upload/ChemBAI/ToxCast_model/experiments/training/DART_MTL/results/backup/seed_1/CEETOX_H295R_PROG_rf_Pattern/model.joblib
2	CEETOX_H295R_PROG	rf	Pattern	/home1/won0316/_RESEARCH/0817_Genotoxicity/1_Git_upload/ChemBAI/ToxCast_model/experiments/training/DART_MTL/logs/seed_multi/multi_CEETOX_H295R_PROG_rf_Pattern.log	/home1/won0316/_RESEARCH/0817_Genotoxicity/1_Git_upload/ChemBAI/ToxCast_model/experiments/training/DART_MTL/results/backup/seed_2/CEETOX_H295R_PROG_rf_Pattern/model.joblib
0	CEETOX_H295R_PROG	rf	RDKit	/home1/won0316/_RESEARCH/0817_Genotoxicity/1_Git_upload/ChemBAI/ToxCast_model/experiments/training/DART_MTL/logs/seed_multi/multi_CEETOX_H295R_PROG_rf_RDKit.log	/home1/won0316/_RESEARCH/0817_Genotoxicity/1_Git_upload/ChemBAI/ToxCast_model/experiments/training/DART_MTL/results/backup/seed_0/CEETOX_H295R_PROG_rf_RDKit/model.joblib
1	CEETOX_H295R_PROG	rf	RDKit	/home1/won0316/_RESEARCH/0817_Genotoxicity/1_Git_upload/ChemBAI/ToxCast_model/experiments/training/DART_MTL/logs/seed_multi/multi_CEETOX_H295R_PROG_rf_RDKit.log	/home1/won0316/_RESEARCH/0817_Genotoxicity/1_Git_upload/ChemBAI/ToxCast_model/experiments/training/DART_MTL/results/backup/seed_1/CEETOX_H295R_PROG_rf_RDKit/model.joblib
2	CEETOX_H295R_PROG	rf	RDKit	/home1/won0316/_RESEARCH/0817_Genotoxicity/1_Git_upload/ChemBAI/ToxCast_model/experiments/training/DART_MTL/logs/seed_multi/multi_CEETOX_H295R_PROG_rf_RDKit.log	/home1/won0316/_RESEARCH/0817_Genotoxicity/1_Git_upload/ChemBAI/ToxCast_model/experiments/training/DART_MTL/results/backup/seed_2/CEETOX_H295R_PROG_rf_RDKit/model.joblib
0	CEETOX_H295R_PROG	xgb	Layered	/home1/won0316/_RESEARCH/0817_Genotoxicity/1_Git_upload/ChemBAI/ToxCast_model/experiments/training/DART_MTL/logs/seed_multi/multi_CEETOX_H295R_PROG_xgb_Layered.log	/home1/won0316/_RESEARCH/0817_Genotoxicity/1_Git_upload/ChemBAI/ToxCast_model/experiments/training/DART_MTL/results/backup/seed_0/CEETOX_H295R_PROG_xgb_Layered/model.joblib
1	CEETOX_H295R_PROG	xgb	Layered	/home1/won0316/_RESEARCH/0817_Genotoxicity/1_Git_upload/ChemBAI/ToxCast_model/experiments/training/DART_MTL/logs/seed_multi/multi_CEETOX_H295R_PROG_xgb_Layered.log	/home1/won0316/_RESEARCH/0817_Genotoxicity/1_Git_upload/ChemBAI/ToxCast_model/experiments/training/DART_MTL/results/backup/seed_1/CEETOX_H295R_PROG_xgb_Layered/model.joblib
2	CEETOX_H295R_PROG	xgb	Layered	/home1/won0316/_RESEARCH/0817_Genotoxicity/1_Git_upload/ChemBAI/ToxCast_model/experiments/training/DART_MTL/logs/seed_multi/multi_CEETOX_H295R_PROG_xgb_Layered.log	/home1/won0316/_RESEARCH/0817_Genotoxicity/1_Git_upload/ChemBAI/ToxCast_model/experiments/training/DART_MTL/results/backup/seed_2/CEETOX_H295R_PROG_xgb_Layered/model.joblib
0	CEETOX_H295R_PROG	xgb	MACCS	/home1/won0316/_RESEARCH/0817_Genotoxicity/1_Git_upload/ChemBAI/ToxCast_model/experiments/training/DART_MTL/logs/seed_multi/multi_CEETOX_H295R_PROG_xgb_MACCS.log	/home1/won0316/_RESEARCH/0817_Genotoxicity/1_Git_upload/ChemBAI/ToxCast_model/experiments/training/DART_MTL/results/backup/seed_0/CEETOX_H295R_PROG_xgb_MACCS/model.joblib
1	CEETOX_H295R_PROG	xgb	MACCS	/home1/won0316/_RESEARCH/0817_Genotoxicity/1_Git_upload/ChemBAI/ToxCast_model/experiments/training/DART_MTL/logs/seed_multi/multi_CEETOX_H295R_PROG_xgb_MACCS.log	/home1/won0316/_RESEARCH/0817_Genotoxicity/1_Git_upload/ChemBAI/ToxCast_model/experiments/training/DART_MTL/results/backup/seed_1/CEETOX_H295R_PROG_xgb_MACCS/model.joblib
2	CEETOX_H295R_PROG	xgb	MACCS	/home1/won0316/_RESEARCH/0817_Genotoxicity/1_Git_upload/ChemBAI/ToxCast_model/experiments/training/DART_MTL/logs/seed_multi/multi_CEETOX_H295R_PROG_xgb_MACCS.log	/home1/won0316/_RESEARCH/0817_Genotoxicity/1_Git_upload/ChemBAI/ToxCast_model/experiments/training/DART_MTL/results/backup/seed_2/CEETOX_H295R_PROG_xgb_MACCS/model.joblib
0	CEETOX_H295R_PROG	xgb	Morgan	/home1/won0316/_RESEARCH/0817_Genotoxicity/1_Git_upload/ChemBAI/ToxCast_model/experiments/training/DART_MTL/logs/seed_multi/multi_CEETOX_H295R_PROG_xgb_Morgan.log	/home1/won0316/_RESEARCH/0817_Genotoxicity/1_Git_upload/ChemBAI/ToxCast_model/experiments/training/DART_MTL/results/backup/seed_0/CEETOX_H295R_PROG_xgb_Morgan/model.joblib
1	CEETOX_H295R_PROG	xgb	Morgan	/home1/won0316/_RESEARCH/0817_Genotoxicity/1_Git_upload/ChemBAI/ToxCast_model/experiments/training/DART_MTL/logs/seed_multi/multi_CEETOX_H295R_PROG_xgb_Morgan.log	/home1/won0316/_RESEARCH/0817_Genotoxicity/1_Git_upload/ChemBAI/ToxCast_model/experiments/training/DART_MTL/results/backup/seed_1/CEETOX_H295R_PROG_xgb_Morgan/model.joblib
2	CEETOX_H295R_PROG	xgb	Morgan	/home1/won0316/_RESEARCH/0817_Genotoxicity/1_Git_upload/ChemBAI/ToxCast_model/experiments/training/DART_MTL/logs/seed_multi/multi_CEETOX_H295R_PROG_xgb_Morgan.log	/home1/won0316/_RESEARCH/0817_Genotoxicity/1_Git_upload/ChemBAI/ToxCast_model/experiments/training/DART_MTL/results/backup/seed_2/CEETOX_H295R_PROG_xgb_Morgan/model.joblib
0	CEETOX_H295R_PROG	xgb	Pattern	/home1/won0316/_RESEARCH/0817_Genotoxicity/1_Git_upload/ChemBAI/ToxCast_model/experiments/training/DART_MTL/logs/seed_multi/multi_CEETOX_H295R_PROG_xgb_Pattern.log	/home1/won0316/_RESEARCH/0817_Genotoxicity/1_Git_upload/ChemBAI/ToxCast_model/experiments/training/DART_MTL/results/backup/seed_0/CEETOX_H295R_PROG_xgb_Pattern/model.joblib
1	CEETOX_H295R_PROG	xgb	Pattern	/home1/won0316/_RESEARCH/0817_Genotoxicity/1_Git_upload/ChemBAI/ToxCast_model/experiments/training/DART_MTL/logs/seed_multi/multi_CEETOX_H295R_PROG_xgb_Pattern.log	/home1/won0316/_RESEARCH/0817_Genotoxicity/1_Git_upload/ChemBAI/ToxCast_model/experiments/training/DART_MTL/results/backup/seed_1/CEETOX_H295R_PROG_xgb_Pattern/model.joblib
2	CEETOX_H295R_PROG	xgb	Pattern	/home1/won0316/_RESEARCH/0817_Genotoxicity/1_Git_upload/ChemBAI/ToxCast_model/experiments/training/DART_MTL/logs/seed_multi/multi_CEETOX_H295R_PROG_xgb_Pattern.log	/home1/won0316/_RESEARCH/0817_Genotoxicity/1_Git_upload/ChemBAI/ToxCast_model/experiments/training/DART_MTL/results/backup/seed_2/CEETOX_H295R_PROG_xgb_Pattern/model.joblib
0	CEETOX_H295R_PROG	xgb	RDKit	/home1/won0316/_RESEARCH/0817_Genotoxicity/1_Git_upload/ChemBAI/ToxCast_model/experiments/training/DART_MTL/logs/seed_multi/multi_CEETOX_H295R_PROG_xgb_RDKit.log	/home1/won0316/_RESEARCH/0817_Genotoxicity/1_Git_upload/ChemBAI/ToxCast_model/experiments/training/DART_MTL/results/backup/seed_0/CEETOX_H295R_PROG_xgb_RDKit/model.joblib
1	CEETOX_H295R_PROG	xgb	RDKit	/home1/won0316/_RESEARCH/0817_Genotoxicity/1_Git_upload/ChemBAI/ToxCast_model/experiments/training/DART_MTL/logs/seed_multi/multi_CEETOX_H295R_PROG_xgb_RDKit.log	/home1/won0316/_RESEARCH/0817_Genotoxicity/1_Git_upload/ChemBAI/ToxCast_model/experiments/training/DART_MTL/results/backup/seed_1/CEETOX_H295R_PROG_xgb_RDKit/model.joblib
2	CEETOX_H295R_PROG	xgb	RDKit	/home1/won0316/_RESEARCH/0817_Genotoxicity/1_Git_upload/ChemBAI/ToxCast_model/experiments/training/DART_MTL/logs/seed_multi/multi_CEETOX_H295R_PROG_xgb_RDKit.log	/home1/won0316/_RESEARCH/0817_Genotoxicity/1_Git_upload/ChemBAI/ToxCast_model/experiments/training/DART_MTL/results/backup/seed_2/CEETOX_H295R_PROG_xgb_RDKit/model.joblib
0	TOX21_ERa_BLA_Antagonist_ratio	dt	Layered	/home1/won0316/_RESEARCH/0817_Genotoxicity/1_Git_upload/ChemBAI/ToxCast_model/experiments/training/DART_MTL/logs/seed_multi/multi_TOX21_ERa_BLA_Antagonist_ratio_dt_Layered.log	/home1/won0316/_RESEARCH/0817_Genotoxicity/1_Git_upload/ChemBAI/ToxCast_model/experiments/training/DART_MTL/results/backup/seed_0/TOX21_ERa_BLA_Antagonist_ratio_dt_Layered/model.joblib
1	TOX21_ERa_BLA_Antagonist_ratio	dt	Layered	/home1/won0316/_RESEARCH/0817_Genotoxicity/1_Git_upload/ChemBAI/ToxCast_model/experiments/training/DART_MTL/logs/seed_multi/multi_TOX21_ERa_BLA_Antagonist_ratio_dt_Layered.log	/home1/won0316/_RESEARCH/0817_Genotoxicity/1_Git_upload/ChemBAI/ToxCast_model/experiments/training/DART_MTL/results/backup/seed_1/TOX21_ERa_BLA_Antagonist_ratio_dt_Layered/model.joblib
2	TOX21_ERa_BLA_Antagonist_ratio	dt	Layered	/home1/won0316/_RESEARCH/0817_Genotoxicity/1_Git_upload/ChemBAI/ToxCast_model/experiments/training/DART_MTL/logs/seed_multi/multi_TOX21_ERa_BLA_Antagonist_ratio_dt_Layered.log	/home1/won0316/_RESEARCH/0817_Genotoxicity/1_Git_upload/ChemBAI/ToxCast_model/experiments/training/DART_MTL/results/backup/seed_2/TOX21_ERa_BLA_Antagonist_ratio_dt_Layered/model.joblib
0	TOX21_ERa_BLA_Antagonist_ratio	dt	MACCS	/home1/won0316/_RESEARCH/0817_Genotoxicity/1_Git_upload/ChemBAI/ToxCast_model/experiments/training/DART_MTL/logs/seed_multi/multi_TOX21_ERa_BLA_Antagonist_ratio_dt_MACCS.log	/home1/won0316/_RESEARCH/0817_Genotoxicity/1_Git_upload/ChemBAI/ToxCast_model/experiments/training/DART_MTL/results/backup/seed_0/TOX21_ERa_BLA_Antagonist_ratio_dt_MACCS/model.joblib
1	TOX21_ERa_BLA_Antagonist_ratio	dt	MACCS	/home1/won0316/_RESEARCH/0817_Genotoxicity/1_Git_upload/ChemBAI/ToxCast_model/experiments/training/DART_MTL/logs/seed_multi/multi_TOX21_ERa_BLA_Antagonist_ratio_dt_MACCS.log	/home1/won0316/_RESEARCH/0817_Genotoxicity/1_Git_upload/ChemBAI/ToxCast_model/experiments/training/DART_MTL/results/backup/seed_1/TOX21_ERa_BLA_Antagonist_ratio_dt_MACCS/model.joblib
2	TOX21_ERa_BLA_Antagonist_ratio	dt	MACCS	/home1/won0316/_RESEARCH/0817_Genotoxicity/1_Git_upload/ChemBAI/ToxCast_model/experiments/training/DART_MTL/logs/seed_multi/multi_TOX21_ERa_BLA_Antagonist_ratio_dt_MACCS.log	/home1/won0316/_RESEARCH/0817_Genotoxicity/1_Git_upload/ChemBAI/ToxCast_model/experiments/training/DART_MTL/results/backup/seed_2/TOX21_ERa_BLA_Antagonist_ratio_dt_MACCS/model.joblib
0	TOX21_ERa_BLA_Antagonist_ratio	dt	Morgan	/home1/won0316/_RESEARCH/0817_Genotoxicity/1_Git_upload/ChemBAI/ToxCast_model/experiments/training/DART_MTL/logs/seed_multi/multi_TOX21_ERa_BLA_Antagonist_ratio_dt_Morgan.log	/home1/won0316/_RESEARCH/0817_Genotoxicity/1_Git_upload/ChemBAI/ToxCast_model/experiments/training/DART_MTL/results/backup/seed_0/TOX21_ERa_BLA_Antagonist_ratio_dt_Morgan/model.joblib
1	TOX21_ERa_BLA_Antagonist_ratio	dt	Morgan	/home1/won0316/_RESEARCH/0817_Genotoxicity/1_Git_upload/ChemBAI/ToxCast_model/experiments/training/DART_MTL/logs/seed_multi/multi_TOX21_ERa_BLA_Antagonist_ratio_dt_Morgan.log	/home1/won0316/_RESEARCH/0817_Genotoxicity/1_Git_upload/ChemBAI/ToxCast_model/experiments/training/DART_MTL/results/backup/seed_1/TOX21_ERa_BLA_Antagonist_ratio_dt_Morgan/model.joblib
2	TOX21_ERa_BLA_Antagonist_ratio	dt	Morgan	/home1/won0316/_RESEARCH/0817_Genotoxicity/1_Git_upload/ChemBAI/ToxCast_model/experiments/training/DART_MTL/logs/seed_multi/multi_TOX21_ERa_BLA_Antagonist_ratio_dt_Morgan.log	/home1/won0316/_RESEARCH/0817_Genotoxicity/1_Git_upload/ChemBAI/ToxCast_model/experiments/training/DART_MTL/results/backup/seed_2/TOX21_ERa_BLA_Antagonist_ratio_dt_Morgan/model.joblib
0	TOX21_ERa_BLA_Antagonist_ratio	dt	Pattern	/home1/won0316/_RESEARCH/0817_Genotoxicity/1_Git_upload/ChemBAI/ToxCast_model/experiments/training/DART_MTL/logs/seed_multi/multi_TOX21_ERa_BLA_Antagonist_ratio_dt_Pattern.log	/home1/won0316/_RESEARCH/0817_Genotoxicity/1_Git_upload/ChemBAI/ToxCast_model/experiments/training/DART_MTL/results/backup/seed_0/TOX21_ERa_BLA_Antagonist_ratio_dt_Pattern/model.joblib
1	TOX21_ERa_BLA_Antagonist_ratio	dt	Pattern	/home1/won0316/_RESEARCH/0817_Genotoxicity/1_Git_upload/ChemBAI/ToxCast_model/experiments/training/DART_MTL/logs/seed_multi/multi_TOX21_ERa_BLA_Antagonist_ratio_dt_Pattern.log	/home1/won0316/_RESEARCH/0817_Genotoxicity/1_Git_upload/ChemBAI/ToxCast_model/experiments/training/DART_MTL/results/backup/seed_1/TOX21_ERa_BLA_Antagonist_ratio_dt_Pattern/model.joblib
2	TOX21_ERa_BLA_Antagonist_ratio	dt	Pattern	/home1/won0316/_RESEARCH/0817_Genotoxicity/1_Git_upload/ChemBAI/ToxCast_model/experiments/training/DART_MTL/logs/seed_multi/multi_TOX21_ERa_BLA_Antagonist_ratio_dt_Pattern.log	/home1/won0316/_RESEARCH/0817_Genotoxicity/1_Git_upload/ChemBAI/ToxCast_model/experiments/training/DART_MTL/results/backup/seed_2/TOX21_ERa_BLA_Antagonist_ratio_dt_Pattern/model.joblib
0	TOX21_ERa_BLA_Antagonist_ratio	dt	RDKit	/home1/won0316/_RESEARCH/0817_Genotoxicity/1_Git_upload/ChemBAI/ToxCast_model/experiments/training/DART_MTL/logs/seed_multi/multi_TOX21_ERa_BLA_Antagonist_ratio_dt_RDKit.log	/home1/won0316/_RESEARCH/0817_Genotoxicity/1_Git_upload/ChemBAI/ToxCast_model/experiments/training/DART_MTL/results/backup/seed_0/TOX21_ERa_BLA_Antagonist_ratio_dt_RDKit/model.joblib
1	TOX21_ERa_BLA_Antagonist_ratio	dt	RDKit	/home1/won0316/_RESEARCH/0817_Genotoxicity/1_Git_upload/ChemBAI/ToxCast_model/experiments/training/DART_MTL/logs/seed_multi/multi_TOX21_ERa_BLA_Antagonist_ratio_dt_RDKit.log	/home1/won0316/_RESEARCH/0817_Genotoxicity/1_Git_upload/ChemBAI/ToxCast_model/experiments/training/DART_MTL/results/backup/seed_1/TOX21_ERa_BLA_Antagonist_ratio_dt_RDKit/model.joblib
2	TOX21_ERa_BLA_Antagonist_ratio	dt	RDKit	/home1/won0316/_RESEARCH/0817_Genotoxicity/1_Git_upload/ChemBAI/ToxCast_model/experiments/training/DART_MTL/logs/seed_multi/multi_TOX21_ERa_BLA_Antagonist_ratio_dt_RDKit.log	/home1/won0316/_RESEARCH/0817_Genotoxicity/1_Git_upload/ChemBAI/ToxCast_model/experiments/training/DART_MTL/results/backup/seed_2/TOX21_ERa_BLA_Antagonist_ratio_dt_RDKit/model.joblib
0	TOX21_ERa_BLA_Antagonist_ratio	gbt	Layered	/home1/won0316/_RESEARCH/0817_Genotoxicity/1_Git_upload/ChemBAI/ToxCast_model/experiments/training/DART_MTL/logs/seed_multi/multi_TOX21_ERa_BLA_Antagonist_ratio_gbt_Layered.log	/home1/won0316/_RESEARCH/0817_Genotoxicity/1_Git_upload/ChemBAI/ToxCast_model/experiments/training/DART_MTL/results/backup/seed_0/TOX21_ERa_BLA_Antagonist_ratio_gbt_Layered/model.joblib
1	TOX21_ERa_BLA_Antagonist_ratio	gbt	Layered	/home1/won0316/_RESEARCH/0817_Genotoxicity/1_Git_upload/ChemBAI/ToxCast_model/experiments/training/DART_MTL/logs/seed_multi/multi_TOX21_ERa_BLA_Antagonist_ratio_gbt_Layered.log	/home1/won0316/_RESEARCH/0817_Genotoxicity/1_Git_upload/ChemBAI/ToxCast_model/experiments/training/DART_MTL/results/backup/seed_1/TOX21_ERa_BLA_Antagonist_ratio_gbt_Layered/model.joblib
2	TOX21_ERa_BLA_Antagonist_ratio	gbt	Layered	/home1/won0316/_RESEARCH/0817_Genotoxicity/1_Git_upload/ChemBAI/ToxCast_model/experiments/training/DART_MTL/logs/seed_multi/multi_TOX21_ERa_BLA_Antagonist_ratio_gbt_Layered.log	/home1/won0316/_RESEARCH/0817_Genotoxicity/1_Git_upload/ChemBAI/ToxCast_model/experiments/training/DART_MTL/results/backup/seed_2/TOX21_ERa_BLA_Antagonist_ratio_gbt_Layered/model.joblib
0	TOX21_ERa_BLA_Antagonist_ratio	gbt	MACCS	/home1/won0316/_RESEARCH/0817_Genotoxicity/1_Git_upload/ChemBAI/ToxCast_model/experiments/training/DART_MTL/logs/seed_multi/multi_TOX21_ERa_BLA_Antagonist_ratio_gbt_MACCS.log	/home1/won0316/_RESEARCH/0817_Genotoxicity/1_Git_upload/ChemBAI/ToxCast_model/experiments/training/DART_MTL/results/backup/seed_0/TOX21_ERa_BLA_Antagonist_ratio_gbt_MACCS/model.joblib
1	TOX21_ERa_BLA_Antagonist_ratio	gbt	MACCS	/home1/won0316/_RESEARCH/0817_Genotoxicity/1_Git_upload/ChemBAI/ToxCast_model/experiments/training/DART_MTL/logs/seed_multi/multi_TOX21_ERa_BLA_Antagonist_ratio_gbt_MACCS.log	/home1/won0316/_RESEARCH/0817_Genotoxicity/1_Git_upload/ChemBAI/ToxCast_model/experiments/training/DART_MTL/results/backup/seed_1/TOX21_ERa_BLA_Antagonist_ratio_gbt_MACCS/model.joblib
2	TOX21_ERa_BLA_Antagonist_ratio	gbt	MACCS	/home1/won0316/_RESEARCH/0817_Genotoxicity/1_Git_upload/ChemBAI/ToxCast_model/experiments/training/DART_MTL/logs/seed_multi/multi_TOX21_ERa_BLA_Antagonist_ratio_gbt_MACCS.log	/home1/won0316/_RESEARCH/0817_Genotoxicity/1_Git_upload/ChemBAI/ToxCast_model/experiments/training/DART_MTL/results/backup/seed_2/TOX21_ERa_BLA_Antagonist_ratio_gbt_MACCS/model.joblib
0	TOX21_ERa_BLA_Antagonist_ratio	gbt	Morgan	/home1/won0316/_RESEARCH/0817_Genotoxicity/1_Git_upload/ChemBAI/ToxCast_model/experiments/training/DART_MTL/logs/seed_multi/multi_TOX21_ERa_BLA_Antagonist_ratio_gbt_Morgan.log	/home1/won0316/_RESEARCH/0817_Genotoxicity/1_Git_upload/ChemBAI/ToxCast_model/experiments/training/DART_MTL/results/backup/seed_0/TOX21_ERa_BLA_Antagonist_ratio_gbt_Morgan/model.joblib
1	TOX21_ERa_BLA_Antagonist_ratio	gbt	Morgan	/home1/won0316/_RESEARCH/0817_Genotoxicity/1_Git_upload/ChemBAI/ToxCast_model/experiments/training/DART_MTL/logs/seed_multi/multi_TOX21_ERa_BLA_Antagonist_ratio_gbt_Morgan.log	/home1/won0316/_RESEARCH/0817_Genotoxicity/1_Git_upload/ChemBAI/ToxCast_model/experiments/training/DART_MTL/results/backup/seed_1/TOX21_ERa_BLA_Antagonist_ratio_gbt_Morgan/model.joblib
2	TOX21_ERa_BLA_Antagonist_ratio	gbt	Morgan	/home1/won0316/_RESEARCH/0817_Genotoxicity/1_Git_upload/ChemBAI/ToxCast_model/experiments/training/DART_MTL/logs/seed_multi/multi_TOX21_ERa_BLA_Antagonist_ratio_gbt_Morgan.log	/home1/won0316/_RESEARCH/0817_Genotoxicity/1_Git_upload/ChemBAI/ToxCast_model/experiments/training/DART_MTL/results/backup/seed_2/TOX21_ERa_BLA_Antagonist_ratio_gbt_Morgan/model.joblib
0	TOX21_ERa_BLA_Antagonist_ratio	gbt	Pattern	/home1/won0316/_RESEARCH/0817_Genotoxicity/1_Git_upload/ChemBAI/ToxCast_model/experiments/training/DART_MTL/logs/seed_multi/multi_TOX21_ERa_BLA_Antagonist_ratio_gbt_Pattern.log	/home1/won0316/_RESEARCH/0817_Genotoxicity/1_Git_upload/ChemBAI/ToxCast_model/experiments/training/DART_MTL/results/backup/seed_0/TOX21_ERa_BLA_Antagonist_ratio_gbt_Pattern/model.joblib
1	TOX21_ERa_BLA_Antagonist_ratio	gbt	Pattern	/home1/won0316/_RESEARCH/0817_Genotoxicity/1_Git_upload/ChemBAI/ToxCast_model/experiments/training/DART_MTL/logs/seed_multi/multi_TOX21_ERa_BLA_Antagonist_ratio_gbt_Pattern.log	/home1/won0316/_RESEARCH/0817_Genotoxicity/1_Git_upload/ChemBAI/ToxCast_model/experiments/training/DART_MTL/results/backup/seed_1/TOX21_ERa_BLA_Antagonist_ratio_gbt_Pattern/model.joblib
2	TOX21_ERa_BLA_Antagonist_ratio	gbt	Pattern	/home1/won0316/_RESEARCH/0817_Genotoxicity/1_Git_upload/ChemBAI/ToxCast_model/experiments/training/DART_MTL/logs/seed_multi/multi_TOX21_ERa_BLA_Antagonist_ratio_gbt_Pattern.log	/home1/won0316/_RESEARCH/0817_Genotoxicity/1_Git_upload/ChemBAI/ToxCast_model/experiments/training/DART_MTL/results/backup/seed_2/TOX21_ERa_BLA_Antagonist_ratio_gbt_Pattern/model.joblib
0	TOX21_ERa_BLA_Antagonist_ratio	gbt	RDKit	/home1/won0316/_RESEARCH/0817_Genotoxicity/1_Git_upload/ChemBAI/ToxCast_model/experiments/training/DART_MTL/logs/seed_multi/multi_TOX21_ERa_BLA_Antagonist_ratio_gbt_RDKit.log	/home1/won0316/_RESEARCH/0817_Genotoxicity/1_Git_upload/ChemBAI/ToxCast_model/experiments/training/DART_MTL/results/backup/seed_0/TOX21_ERa_BLA_Antagonist_ratio_gbt_RDKit/model.joblib
1	TOX21_ERa_BLA_Antagonist_ratio	gbt	RDKit	/home1/won0316/_RESEARCH/0817_Genotoxicity/1_Git_upload/ChemBAI/ToxCast_model/experiments/training/DART_MTL/logs/seed_multi/multi_TOX21_ERa_BLA_Antagonist_ratio_gbt_RDKit.log	/home1/won0316/_RESEARCH/0817_Genotoxicity/1_Git_upload/ChemBAI/ToxCast_model/experiments/training/DART_MTL/results/backup/seed_1/TOX21_ERa_BLA_Antagonist_ratio_gbt_RDKit/model.joblib
2	TOX21_ERa_BLA_Antagonist_ratio	gbt	RDKit	/home1/won0316/_RESEARCH/0817_Genotoxicity/1_Git_upload/ChemBAI/ToxCast_model/experiments/training/DART_MTL/logs/seed_multi/multi_TOX21_ERa_BLA_Antagonist_ratio_gbt_RDKit.log	/home1/won0316/_RESEARCH/0817_Genotoxicity/1_Git_upload/ChemBAI/ToxCast_model/experiments/training/DART_MTL/results/backup/seed_2/TOX21_ERa_BLA_Antagonist_ratio_gbt_RDKit/model.joblib
0	TOX21_ERa_BLA_Antagonist_ratio	logistic	Layered	/home1/won0316/_RESEARCH/0817_Genotoxicity/1_Git_upload/ChemBAI/ToxCast_model/experiments/training/DART_MTL/logs/seed_multi/multi_TOX21_ERa_BLA_Antagonist_ratio_logistic_Layered.log	/home1/won0316/_RESEARCH/0817_Genotoxicity/1_Git_upload/ChemBAI/ToxCast_model/experiments/training/DART_MTL/results/backup/seed_0/TOX21_ERa_BLA_Antagonist_ratio_logistic_Layered/model.joblib
1	TOX21_ERa_BLA_Antagonist_ratio	logistic	Layered	/home1/won0316/_RESEARCH/0817_Genotoxicity/1_Git_upload/ChemBAI/ToxCast_model/experiments/training/DART_MTL/logs/seed_multi/multi_TOX21_ERa_BLA_Antagonist_ratio_logistic_Layered.log	/home1/won0316/_RESEARCH/0817_Genotoxicity/1_Git_upload/ChemBAI/ToxCast_model/experiments/training/DART_MTL/results/backup/seed_1/TOX21_ERa_BLA_Antagonist_ratio_logistic_Layered/model.joblib
2	TOX21_ERa_BLA_Antagonist_ratio	logistic	Layered	/home1/won0316/_RESEARCH/0817_Genotoxicity/1_Git_upload/ChemBAI/ToxCast_model/experiments/training/DART_MTL/logs/seed_multi/multi_TOX21_ERa_BLA_Antagonist_ratio_logistic_Layered.log	/home1/won0316/_RESEARCH/0817_Genotoxicity/1_Git_upload/ChemBAI/ToxCast_model/experiments/training/DART_MTL/results/backup/seed_2/TOX21_ERa_BLA_Antagonist_ratio_logistic_Layered/model.joblib
0	TOX21_ERa_BLA_Antagonist_ratio	logistic	MACCS	/home1/won0316/_RESEARCH/0817_Genotoxicity/1_Git_upload/ChemBAI/ToxCast_model/experiments/training/DART_MTL/logs/seed_multi/multi_TOX21_ERa_BLA_Antagonist_ratio_logistic_MACCS.log	/home1/won0316/_RESEARCH/0817_Genotoxicity/1_Git_upload/ChemBAI/ToxCast_model/experiments/training/DART_MTL/results/backup/seed_0/TOX21_ERa_BLA_Antagonist_ratio_logistic_MACCS/model.joblib
1	TOX21_ERa_BLA_Antagonist_ratio	logistic	MACCS	/home1/won0316/_RESEARCH/0817_Genotoxicity/1_Git_upload/ChemBAI/ToxCast_model/experiments/training/DART_MTL/logs/seed_multi/multi_TOX21_ERa_BLA_Antagonist_ratio_logistic_MACCS.log	/home1/won0316/_RESEARCH/0817_Genotoxicity/1_Git_upload/ChemBAI/ToxCast_model/experiments/training/DART_MTL/results/backup/seed_1/TOX21_ERa_BLA_Antagonist_ratio_logistic_MACCS/model.joblib
2	TOX21_ERa_BLA_Antagonist_ratio	logistic	MACCS	/home1/won0316/_RESEARCH/0817_Genotoxicity/1_Git_upload/ChemBAI/ToxCast_model/experiments/training/DART_MTL/logs/seed_multi/multi_TOX21_ERa_BLA_Antagonist_ratio_logistic_MACCS.log	/home1/won0316/_RESEARCH/0817_Genotoxicity/1_Git_upload/ChemBAI/ToxCast_model/experiments/training/DART_MTL/results/backup/seed_2/TOX21_ERa_BLA_Antagonist_ratio_logistic_MACCS/model.joblib
0	TOX21_ERa_BLA_Antagonist_ratio	logistic	Morgan	/home1/won0316/_RESEARCH/0817_Genotoxicity/1_Git_upload/ChemBAI/ToxCast_model/experiments/training/DART_MTL/logs/seed_multi/multi_TOX21_ERa_BLA_Antagonist_ratio_logistic_Morgan.log	/home1/won0316/_RESEARCH/0817_Genotoxicity/1_Git_upload/ChemBAI/ToxCast_model/experiments/training/DART_MTL/results/backup/seed_0/TOX21_ERa_BLA_Antagonist_ratio_logistic_Morgan/model.joblib
1	TOX21_ERa_BLA_Antagonist_ratio	logistic	Morgan	/home1/won0316/_RESEARCH/0817_Genotoxicity/1_Git_upload/ChemBAI/ToxCast_model/experiments/training/DART_MTL/logs/seed_multi/multi_TOX21_ERa_BLA_Antagonist_ratio_logistic_Morgan.log	/home1/won0316/_RESEARCH/0817_Genotoxicity/1_Git_upload/ChemBAI/ToxCast_model/experiments/training/DART_MTL/results/backup/seed_1/TOX21_ERa_BLA_Antagonist_ratio_logistic_Morgan/model.joblib
2	TOX21_ERa_BLA_Antagonist_ratio	logistic	Morgan	/home1/won0316/_RESEARCH/0817_Genotoxicity/1_Git_upload/ChemBAI/ToxCast_model/experiments/training/DART_MTL/logs/seed_multi/multi_TOX21_ERa_BLA_Antagonist_ratio_logistic_Morgan.log	/home1/won0316/_RESEARCH/0817_Genotoxicity/1_Git_upload/ChemBAI/ToxCast_model/experiments/training/DART_MTL/results/backup/seed_2/TOX21_ERa_BLA_Antagonist_ratio_logistic_Morgan/model.joblib
0	TOX21_ERa_BLA_Antagonist_ratio	logistic	Pattern	/home1/won0316/_RESEARCH/0817_Genotoxicity/1_Git_upload/ChemBAI/ToxCast_model/experiments/training/DART_MTL/logs/seed_multi/multi_TOX21_ERa_BLA_Antagonist_ratio_logistic_Pattern.log	/home1/won0316/_RESEARCH/0817_Genotoxicity/1_Git_upload/ChemBAI/ToxCast_model/experiments/training/DART_MTL/results/backup/seed_0/TOX21_ERa_BLA_Antagonist_ratio_logistic_Pattern/model.joblib
1	TOX21_ERa_BLA_Antagonist_ratio	logistic	Pattern	/home1/won0316/_RESEARCH/0817_Genotoxicity/1_Git_upload/ChemBAI/ToxCast_model/experiments/training/DART_MTL/logs/seed_multi/multi_TOX21_ERa_BLA_Antagonist_ratio_logistic_Pattern.log	/home1/won0316/_RESEARCH/0817_Genotoxicity/1_Git_upload/ChemBAI/ToxCast_model/experiments/training/DART_MTL/results/backup/seed_1/TOX21_ERa_BLA_Antagonist_ratio_logistic_Pattern/model.joblib
2	TOX21_ERa_BLA_Antagonist_ratio	logistic	Pattern	/home1/won0316/_RESEARCH/0817_Genotoxicity/1_Git_upload/ChemBAI/ToxCast_model/experiments/training/DART_MTL/logs/seed_multi/multi_TOX21_ERa_BLA_Antagonist_ratio_logistic_Pattern.log	/home1/won0316/_RESEARCH/0817_Genotoxicity/1_Git_upload/ChemBAI/ToxCast_model/experiments/training/DART_MTL/results/backup/seed_2/TOX21_ERa_BLA_Antagonist_ratio_logistic_Pattern/model.joblib
0	TOX21_ERa_BLA_Antagonist_ratio	logistic	RDKit	/home1/won0316/_RESEARCH/0817_Genotoxicity/1_Git_upload/ChemBAI/ToxCast_model/experiments/training/DART_MTL/logs/seed_multi/multi_TOX21_ERa_BLA_Antagonist_ratio_logistic_RDKit.log	/home1/won0316/_RESEARCH/0817_Genotoxicity/1_Git_upload/ChemBAI/ToxCast_model/experiments/training/DART_MTL/results/backup/seed_0/TOX21_ERa_BLA_Antagonist_ratio_logistic_RDKit/model.joblib
1	TOX21_ERa_BLA_Antagonist_ratio	logistic	RDKit	/home1/won0316/_RESEARCH/0817_Genotoxicity/1_Git_upload/ChemBAI/ToxCast_model/experiments/training/DART_MTL/logs/seed_multi/multi_TOX21_ERa_BLA_Antagonist_ratio_logistic_RDKit.log	/home1/won0316/_RESEARCH/0817_Genotoxicity/1_Git_upload/ChemBAI/ToxCast_model/experiments/training/DART_MTL/results/backup/seed_1/TOX21_ERa_BLA_Antagonist_ratio_logistic_RDKit/model.joblib
2	TOX21_ERa_BLA_Antagonist_ratio	logistic	RDKit	/home1/won0316/_RESEARCH/0817_Genotoxicity/1_Git_upload/ChemBAI/ToxCast_model/experiments/training/DART_MTL/logs/seed_multi/multi_TOX21_ERa_BLA_Antagonist_ratio_logistic_RDKit.log	/home1/won0316/_RESEARCH/0817_Genotoxicity/1_Git_upload/ChemBAI/ToxCast_model/experiments/training/DART_MTL/results/backup/seed_2/TOX21_ERa_BLA_Antagonist_ratio_logistic_RDKit/model.joblib
0	TOX21_ERa_BLA_Antagonist_ratio	rf	Layered	/home1/won0316/_RESEARCH/0817_Genotoxicity/1_Git_upload/ChemBAI/ToxCast_model/experiments/training/DART_MTL/logs/seed_multi/multi_TOX21_ERa_BLA_Antagonist_ratio_rf_Layered.log	/home1/won0316/_RESEARCH/0817_Genotoxicity/1_Git_upload/ChemBAI/ToxCast_model/experiments/training/DART_MTL/results/backup/seed_0/TOX21_ERa_BLA_Antagonist_ratio_rf_Layered/model.joblib
1	TOX21_ERa_BLA_Antagonist_ratio	rf	Layered	/home1/won0316/_RESEARCH/0817_Genotoxicity/1_Git_upload/ChemBAI/ToxCast_model/experiments/training/DART_MTL/logs/seed_multi/multi_TOX21_ERa_BLA_Antagonist_ratio_rf_Layered.log	/home1/won0316/_RESEARCH/0817_Genotoxicity/1_Git_upload/ChemBAI/ToxCast_model/experiments/training/DART_MTL/results/backup/seed_1/TOX21_ERa_BLA_Antagonist_ratio_rf_Layered/model.joblib
2	TOX21_ERa_BLA_Antagonist_ratio	rf	Layered	/home1/won0316/_RESEARCH/0817_Genotoxicity/1_Git_upload/ChemBAI/ToxCast_model/experiments/training/DART_MTL/logs/seed_multi/multi_TOX21_ERa_BLA_Antagonist_ratio_rf_Layered.log	/home1/won0316/_RESEARCH/0817_Genotoxicity/1_Git_upload/ChemBAI/ToxCast_model/experiments/training/DART_MTL/results/backup/seed_2/TOX21_ERa_BLA_Antagonist_ratio_rf_Layered/model.joblib
0	TOX21_ERa_BLA_Antagonist_ratio	rf	MACCS	/home1/won0316/_RESEARCH/0817_Genotoxicity/1_Git_upload/ChemBAI/ToxCast_model/experiments/training/DART_MTL/logs/seed_multi/multi_TOX21_ERa_BLA_Antagonist_ratio_rf_MACCS.log	/home1/won0316/_RESEARCH/0817_Genotoxicity/1_Git_upload/ChemBAI/ToxCast_model/experiments/training/DART_MTL/results/backup/seed_0/TOX21_ERa_BLA_Antagonist_ratio_rf_MACCS/model.joblib
1	TOX21_ERa_BLA_Antagonist_ratio	rf	MACCS	/home1/won0316/_RESEARCH/0817_Genotoxicity/1_Git_upload/ChemBAI/ToxCast_model/experiments/training/DART_MTL/logs/seed_multi/multi_TOX21_ERa_BLA_Antagonist_ratio_rf_MACCS.log	/home1/won0316/_RESEARCH/0817_Genotoxicity/1_Git_upload/ChemBAI/ToxCast_model/experiments/training/DART_MTL/results/backup/seed_1/TOX21_ERa_BLA_Antagonist_ratio_rf_MACCS/model.joblib
2	TOX21_ERa_BLA_Antagonist_ratio	rf	MACCS	/home1/won0316/_RESEARCH/0817_Genotoxicity/1_Git_upload/ChemBAI/ToxCast_model/experiments/training/DART_MTL/logs/seed_multi/multi_TOX21_ERa_BLA_Antagonist_ratio_rf_MACCS.log	/home1/won0316/_RESEARCH/0817_Genotoxicity/1_Git_upload/ChemBAI/ToxCast_model/experiments/training/DART_MTL/results/backup/seed_2/TOX21_ERa_BLA_Antagonist_ratio_rf_MACCS/model.joblib
0	TOX21_ERa_BLA_Antagonist_ratio	rf	Morgan	/home1/won0316/_RESEARCH/0817_Genotoxicity/1_Git_upload/ChemBAI/ToxCast_model/experiments/training/DART_MTL/logs/seed_multi/multi_TOX21_ERa_BLA_Antagonist_ratio_rf_Morgan.log	/home1/won0316/_RESEARCH/0817_Genotoxicity/1_Git_upload/ChemBAI/ToxCast_model/experiments/training/DART_MTL/results/backup/seed_0/TOX21_ERa_BLA_Antagonist_ratio_rf_Morgan/model.joblib
1	TOX21_ERa_BLA_Antagonist_ratio	rf	Morgan	/home1/won0316/_RESEARCH/0817_Genotoxicity/1_Git_upload/ChemBAI/ToxCast_model/experiments/training/DART_MTL/logs/seed_multi/multi_TOX21_ERa_BLA_Antagonist_ratio_rf_Morgan.log	/home1/won0316/_RESEARCH/0817_Genotoxicity/1_Git_upload/ChemBAI/ToxCast_model/experiments/training/DART_MTL/results/backup/seed_1/TOX21_ERa_BLA_Antagonist_ratio_rf_Morgan/model.joblib
2	TOX21_ERa_BLA_Antagonist_ratio	rf	Morgan	/home1/won0316/_RESEARCH/0817_Genotoxicity/1_Git_upload/ChemBAI/ToxCast_model/experiments/training/DART_MTL/logs/seed_multi/multi_TOX21_ERa_BLA_Antagonist_ratio_rf_Morgan.log	/home1/won0316/_RESEARCH/0817_Genotoxicity/1_Git_upload/ChemBAI/ToxCast_model/experiments/training/DART_MTL/results/backup/seed_2/TOX21_ERa_BLA_Antagonist_ratio_rf_Morgan/model.joblib
0	TOX21_ERa_BLA_Antagonist_ratio	rf	Pattern	/home1/won0316/_RESEARCH/0817_Genotoxicity/1_Git_upload/ChemBAI/ToxCast_model/experiments/training/DART_MTL/logs/seed_multi/multi_TOX21_ERa_BLA_Antagonist_ratio_rf_Pattern.log	/home1/won0316/_RESEARCH/0817_Genotoxicity/1_Git_upload/ChemBAI/ToxCast_model/experiments/training/DART_MTL/results/backup/seed_0/TOX21_ERa_BLA_Antagonist_ratio_rf_Pattern/model.joblib
1	TOX21_ERa_BLA_Antagonist_ratio	rf	Pattern	/home1/won0316/_RESEARCH/0817_Genotoxicity/1_Git_upload/ChemBAI/ToxCast_model/experiments/training/DART_MTL/logs/seed_multi/multi_TOX21_ERa_BLA_Antagonist_ratio_rf_Pattern.log	/home1/won0316/_RESEARCH/0817_Genotoxicity/1_Git_upload/ChemBAI/ToxCast_model/experiments/training/DART_MTL/results/backup/seed_1/TOX21_ERa_BLA_Antagonist_ratio_rf_Pattern/model.joblib
2	TOX21_ERa_BLA_Antagonist_ratio	rf	Pattern	/home1/won0316/_RESEARCH/0817_Genotoxicity/1_Git_upload/ChemBAI/ToxCast_model/experiments/training/DART_MTL/logs/seed_multi/multi_TOX21_ERa_BLA_Antagonist_ratio_rf_Pattern.log	/home1/won0316/_RESEARCH/0817_Genotoxicity/1_Git_upload/ChemBAI/ToxCast_model/experiments/training/DART_MTL/results/backup/seed_2/TOX21_ERa_BLA_Antagonist_ratio_rf_Pattern/model.joblib
0	TOX21_ERa_BLA_Antagonist_ratio	rf	RDKit	/home1/won0316/_RESEARCH/0817_Genotoxicity/1_Git_upload/ChemBAI/ToxCast_model/experiments/training/DART_MTL/logs/seed_multi/multi_TOX21_ERa_BLA_Antagonist_ratio_rf_RDKit.log	/home1/won0316/_RESEARCH/0817_Genotoxicity/1_Git_upload/ChemBAI/ToxCast_model/experiments/training/DART_MTL/results/backup/seed_0/TOX21_ERa_BLA_Antagonist_ratio_rf_RDKit/model.joblib
1	TOX21_ERa_BLA_Antagonist_ratio	rf	RDKit	/home1/won0316/_RESEARCH/0817_Genotoxicity/1_Git_upload/ChemBAI/ToxCast_model/experiments/training/DART_MTL/logs/seed_multi/multi_TOX21_ERa_BLA_Antagonist_ratio_rf_RDKit.log	/home1/won0316/_RESEARCH/0817_Genotoxicity/1_Git_upload/ChemBAI/ToxCast_model/experiments/training/DART_MTL/results/backup/seed_1/TOX21_ERa_BLA_Antagonist_ratio_rf_RDKit/model.joblib
2	TOX21_ERa_BLA_Antagonist_ratio	rf	RDKit	/home1/won0316/_RESEARCH/0817_Genotoxicity/1_Git_upload/ChemBAI/ToxCast_model/experiments/training/DART_MTL/logs/seed_multi/multi_TOX21_ERa_BLA_Antagonist_ratio_rf_RDKit.log	/home1/won0316/_RESEARCH/0817_Genotoxicity/1_Git_upload/ChemBAI/ToxCast_model/experiments/training/DART_MTL/results/backup/seed_2/TOX21_ERa_BLA_Antagonist_ratio_rf_RDKit/model.joblib
0	TOX21_ERa_BLA_Antagonist_ratio	xgb	Layered	/home1/won0316/_RESEARCH/0817_Genotoxicity/1_Git_upload/ChemBAI/ToxCast_model/experiments/training/DART_MTL/logs/seed_multi/multi_TOX21_ERa_BLA_Antagonist_ratio_xgb_Layered.log	/home1/won0316/_RESEARCH/0817_Genotoxicity/1_Git_upload/ChemBAI/ToxCast_model/experiments/training/DART_MTL/results/backup/seed_0/TOX21_ERa_BLA_Antagonist_ratio_xgb_Layered/model.joblib
1	TOX21_ERa_BLA_Antagonist_ratio	xgb	Layered	/home1/won0316/_RESEARCH/0817_Genotoxicity/1_Git_upload/ChemBAI/ToxCast_model/experiments/training/DART_MTL/logs/seed_multi/multi_TOX21_ERa_BLA_Antagonist_ratio_xgb_Layered.log	/home1/won0316/_RESEARCH/0817_Genotoxicity/1_Git_upload/ChemBAI/ToxCast_model/experiments/training/DART_MTL/results/backup/seed_1/TOX21_ERa_BLA_Antagonist_ratio_xgb_Layered/model.joblib
2	TOX21_ERa_BLA_Antagonist_ratio	xgb	Layered	/home1/won0316/_RESEARCH/0817_Genotoxicity/1_Git_upload/ChemBAI/ToxCast_model/experiments/training/DART_MTL/logs/seed_multi/multi_TOX21_ERa_BLA_Antagonist_ratio_xgb_Layered.log	/home1/won0316/_RESEARCH/0817_Genotoxicity/1_Git_upload/ChemBAI/ToxCast_model/experiments/training/DART_MTL/results/backup/seed_2/TOX21_ERa_BLA_Antagonist_ratio_xgb_Layered/model.joblib
0	TOX21_ERa_BLA_Antagonist_ratio	xgb	MACCS	/home1/won0316/_RESEARCH/0817_Genotoxicity/1_Git_upload/ChemBAI/ToxCast_model/experiments/training/DART_MTL/logs/seed_multi/multi_TOX21_ERa_BLA_Antagonist_ratio_xgb_MACCS.log	/home1/won0316/_RESEARCH/0817_Genotoxicity/1_Git_upload/ChemBAI/ToxCast_model/experiments/training/DART_MTL/results/backup/seed_0/TOX21_ERa_BLA_Antagonist_ratio_xgb_MACCS/model.joblib
1	TOX21_ERa_BLA_Antagonist_ratio	xgb	MACCS	/home1/won0316/_RESEARCH/0817_Genotoxicity/1_Git_upload/ChemBAI/ToxCast_model/experiments/training/DART_MTL/logs/seed_multi/multi_TOX21_ERa_BLA_Antagonist_ratio_xgb_MACCS.log	/home1/won0316/_RESEARCH/0817_Genotoxicity/1_Git_upload/ChemBAI/ToxCast_model/experiments/training/DART_MTL/results/backup/seed_1/TOX21_ERa_BLA_Antagonist_ratio_xgb_MACCS/model.joblib
2	TOX21_ERa_BLA_Antagonist_ratio	xgb	MACCS	/home1/won0316/_RESEARCH/0817_Genotoxicity/1_Git_upload/ChemBAI/ToxCast_model/experiments/training/DART_MTL/logs/seed_multi/multi_TOX21_ERa_BLA_Antagonist_ratio_xgb_MACCS.log	/home1/won0316/_RESEARCH/0817_Genotoxicity/1_Git_upload/ChemBAI/ToxCast_model/experiments/training/DART_MTL/results/backup/seed_2/TOX21_ERa_BLA_Antagonist_ratio_xgb_MACCS/model.joblib
0	TOX21_ERa_BLA_Antagonist_ratio	xgb	Morgan	/home1/won0316/_RESEARCH/0817_Genotoxicity/1_Git_upload/ChemBAI/ToxCast_model/experiments/training/DART_MTL/logs/seed_multi/multi_TOX21_ERa_BLA_Antagonist_ratio_xgb_Morgan.log	/home1/won0316/_RESEARCH/0817_Genotoxicity/1_Git_upload/ChemBAI/ToxCast_model/experiments/training/DART_MTL/results/backup/seed_0/TOX21_ERa_BLA_Antagonist_ratio_xgb_Morgan/model.joblib
1	TOX21_ERa_BLA_Antagonist_ratio	xgb	Morgan	/home1/won0316/_RESEARCH/0817_Genotoxicity/1_Git_upload/ChemBAI/ToxCast_model/experiments/training/DART_MTL/logs/seed_multi/multi_TOX21_ERa_BLA_Antagonist_ratio_xgb_Morgan.log	/home1/won0316/_RESEARCH/0817_Genotoxicity/1_Git_upload/ChemBAI/ToxCast_model/experiments/training/DART_MTL/results/backup/seed_1/TOX21_ERa_BLA_Antagonist_ratio_xgb_Morgan/model.joblib
2	TOX21_ERa_BLA_Antagonist_ratio	xgb	Morgan	/home1/won0316/_RESEARCH/0817_Genotoxicity/1_Git_upload/ChemBAI/ToxCast_model/experiments/training/DART_MTL/logs/seed_multi/multi_TOX21_ERa_BLA_Antagonist_ratio_xgb_Morgan.log	/home1/won0316/_RESEARCH/0817_Genotoxicity/1_Git_upload/ChemBAI/ToxCast_model/experiments/training/DART_MTL/results/backup/seed_2/TOX21_ERa_BLA_Antagonist_ratio_xgb_Morgan/model.joblib
0	TOX21_ERa_BLA_Antagonist_ratio	xgb	Pattern	/home1/won0316/_RESEARCH/0817_Genotoxicity/1_Git_upload/ChemBAI/ToxCast_model/experiments/training/DART_MTL/logs/seed_multi/multi_TOX21_ERa_BLA_Antagonist_ratio_xgb_Pattern.log	/home1/won0316/_RESEARCH/0817_Genotoxicity/1_Git_upload/ChemBAI/ToxCast_model/experiments/training/DART_MTL/results/backup/seed_0/TOX21_ERa_BLA_Antagonist_ratio_xgb_Pattern/model.joblib
1	TOX21_ERa_BLA_Antagonist_ratio	xgb	Pattern	/home1/won0316/_RESEARCH/0817_Genotoxicity/1_Git_upload/ChemBAI/ToxCast_model/experiments/training/DART_MTL/logs/seed_multi/multi_TOX21_ERa_BLA_Antagonist_ratio_xgb_Pattern.log	/home1/won0316/_RESEARCH/0817_Genotoxicity/1_Git_upload/ChemBAI/ToxCast_model/experiments/training/DART_MTL/results/backup/seed_1/TOX21_ERa_BLA_Antagonist_ratio_xgb_Pattern/model.joblib
2	TOX21_ERa_BLA_Antagonist_ratio	xgb	Pattern	/home1/won0316/_RESEARCH/0817_Genotoxicity/1_Git_upload/ChemBAI/ToxCast_model/experiments/training/DART_MTL/logs/seed_multi/multi_TOX21_ERa_BLA_Antagonist_ratio_xgb_Pattern.log	/home1/won0316/_RESEARCH/0817_Genotoxicity/1_Git_upload/ChemBAI/ToxCast_model/experiments/training/DART_MTL/results/backup/seed_2/TOX21_ERa_BLA_Antagonist_ratio_xgb_Pattern/model.joblib
0	TOX21_ERa_BLA_Antagonist_ratio	xgb	RDKit	/home1/won0316/_RESEARCH/0817_Genotoxicity/1_Git_upload/ChemBAI/ToxCast_model/experiments/training/DART_MTL/logs/seed_multi/multi_TOX21_ERa_BLA_Antagonist_ratio_xgb_RDKit.log	/home1/won0316/_RESEARCH/0817_Genotoxicity/1_Git_upload/ChemBAI/ToxCast_model/experiments/training/DART_MTL/results/backup/seed_0/TOX21_ERa_BLA_Antagonist_ratio_xgb_RDKit/model.joblib
1	TOX21_ERa_BLA_Antagonist_ratio	xgb	RDKit	/home1/won0316/_RESEARCH/0817_Genotoxicity/1_Git_upload/ChemBAI/ToxCast_model/experiments/training/DART_MTL/logs/seed_multi/multi_TOX21_ERa_BLA_Antagonist_ratio_xgb_RDKit.log	/home1/won0316/_RESEARCH/0817_Genotoxicity/1_Git_upload/ChemBAI/ToxCast_model/experiments/training/DART_MTL/results/backup/seed_1/TOX21_ERa_BLA_Antagonist_ratio_xgb_RDKit/model.joblib
2	TOX21_ERa_BLA_Antagonist_ratio	xgb	RDKit	/home1/won0316/_RESEARCH/0817_Genotoxicity/1_Git_upload/ChemBAI/ToxCast_model/experiments/training/DART_MTL/logs/seed_multi/multi_TOX21_ERa_BLA_Antagonist_ratio_xgb_RDKit.log	/home1/won0316/_RESEARCH/0817_Genotoxicity/1_Git_upload/ChemBAI/ToxCast_model/experiments/training/DART_MTL/results/backup/seed_2/TOX21_ERa_BLA_Antagonist_ratio_xgb_RDKit/model.joblib
0	TOX21_p53_BLA_p2_ratio	dt	Layered	/home1/won0316/_RESEARCH/0817_Genotoxicity/1_Git_upload/ChemBAI/ToxCast_model/experiments/training/DART_MTL/logs/seed_multi/multi_TOX21_p53_BLA_p2_ratio_dt_Layered.log	/home1/won0316/_RESEARCH/0817_Genotoxicity/1_Git_upload/ChemBAI/ToxCast_model/experiments/training/DART_MTL/results/backup/seed_0/TOX21_p53_BLA_p2_ratio_dt_Layered/model.joblib
1	TOX21_p53_BLA_p2_ratio	dt	Layered	/home1/won0316/_RESEARCH/0817_Genotoxicity/1_Git_upload/ChemBAI/ToxCast_model/experiments/training/DART_MTL/logs/seed_multi/multi_TOX21_p53_BLA_p2_ratio_dt_Layered.log	/home1/won0316/_RESEARCH/0817_Genotoxicity/1_Git_upload/ChemBAI/ToxCast_model/experiments/training/DART_MTL/results/backup/seed_1/TOX21_p53_BLA_p2_ratio_dt_Layered/model.joblib
2	TOX21_p53_BLA_p2_ratio	dt	Layered	/home1/won0316/_RESEARCH/0817_Genotoxicity/1_Git_upload/ChemBAI/ToxCast_model/experiments/training/DART_MTL/logs/seed_multi/multi_TOX21_p53_BLA_p2_ratio_dt_Layered.log	/home1/won0316/_RESEARCH/0817_Genotoxicity/1_Git_upload/ChemBAI/ToxCast_model/experiments/training/DART_MTL/results/backup/seed_2/TOX21_p53_BLA_p2_ratio_dt_Layered/model.joblib
0	TOX21_p53_BLA_p2_ratio	dt	MACCS	/home1/won0316/_RESEARCH/0817_Genotoxicity/1_Git_upload/ChemBAI/ToxCast_model/experiments/training/DART_MTL/logs/seed_multi/multi_TOX21_p53_BLA_p2_ratio_dt_MACCS.log	/home1/won0316/_RESEARCH/0817_Genotoxicity/1_Git_upload/ChemBAI/ToxCast_model/experiments/training/DART_MTL/results/backup/seed_0/TOX21_p53_BLA_p2_ratio_dt_MACCS/model.joblib
1	TOX21_p53_BLA_p2_ratio	dt	MACCS	/home1/won0316/_RESEARCH/0817_Genotoxicity/1_Git_upload/ChemBAI/ToxCast_model/experiments/training/DART_MTL/logs/seed_multi/multi_TOX21_p53_BLA_p2_ratio_dt_MACCS.log	/home1/won0316/_RESEARCH/0817_Genotoxicity/1_Git_upload/ChemBAI/ToxCast_model/experiments/training/DART_MTL/results/backup/seed_1/TOX21_p53_BLA_p2_ratio_dt_MACCS/model.joblib
2	TOX21_p53_BLA_p2_ratio	dt	MACCS	/home1/won0316/_RESEARCH/0817_Genotoxicity/1_Git_upload/ChemBAI/ToxCast_model/experiments/training/DART_MTL/logs/seed_multi/multi_TOX21_p53_BLA_p2_ratio_dt_MACCS.log	/home1/won0316/_RESEARCH/0817_Genotoxicity/1_Git_upload/ChemBAI/ToxCast_model/experiments/training/DART_MTL/results/backup/seed_2/TOX21_p53_BLA_p2_ratio_dt_MACCS/model.joblib
0	TOX21_p53_BLA_p2_ratio	dt	Morgan	/home1/won0316/_RESEARCH/0817_Genotoxicity/1_Git_upload/ChemBAI/ToxCast_model/experiments/training/DART_MTL/logs/seed_multi/multi_TOX21_p53_BLA_p2_ratio_dt_Morgan.log	/home1/won0316/_RESEARCH/0817_Genotoxicity/1_Git_upload/ChemBAI/ToxCast_model/experiments/training/DART_MTL/results/backup/seed_0/TOX21_p53_BLA_p2_ratio_dt_Morgan/model.joblib
1	TOX21_p53_BLA_p2_ratio	dt	Morgan	/home1/won0316/_RESEARCH/0817_Genotoxicity/1_Git_upload/ChemBAI/ToxCast_model/experiments/training/DART_MTL/logs/seed_multi/multi_TOX21_p53_BLA_p2_ratio_dt_Morgan.log	/home1/won0316/_RESEARCH/0817_Genotoxicity/1_Git_upload/ChemBAI/ToxCast_model/experiments/training/DART_MTL/results/backup/seed_1/TOX21_p53_BLA_p2_ratio_dt_Morgan/model.joblib
2	TOX21_p53_BLA_p2_ratio	dt	Morgan	/home1/won0316/_RESEARCH/0817_Genotoxicity/1_Git_upload/ChemBAI/ToxCast_model/experiments/training/DART_MTL/logs/seed_multi/multi_TOX21_p53_BLA_p2_ratio_dt_Morgan.log	/home1/won0316/_RESEARCH/0817_Genotoxicity/1_Git_upload/ChemBAI/ToxCast_model/experiments/training/DART_MTL/results/backup/seed_2/TOX21_p53_BLA_p2_ratio_dt_Morgan/model.joblib
0	TOX21_p53_BLA_p2_ratio	dt	Pattern	/home1/won0316/_RESEARCH/0817_Genotoxicity/1_Git_upload/ChemBAI/ToxCast_model/experiments/training/DART_MTL/logs/seed_multi/multi_TOX21_p53_BLA_p2_ratio_dt_Pattern.log	/home1/won0316/_RESEARCH/0817_Genotoxicity/1_Git_upload/ChemBAI/ToxCast_model/experiments/training/DART_MTL/results/backup/seed_0/TOX21_p53_BLA_p2_ratio_dt_Pattern/model.joblib
1	TOX21_p53_BLA_p2_ratio	dt	Pattern	/home1/won0316/_RESEARCH/0817_Genotoxicity/1_Git_upload/ChemBAI/ToxCast_model/experiments/training/DART_MTL/logs/seed_multi/multi_TOX21_p53_BLA_p2_ratio_dt_Pattern.log	/home1/won0316/_RESEARCH/0817_Genotoxicity/1_Git_upload/ChemBAI/ToxCast_model/experiments/training/DART_MTL/results/backup/seed_1/TOX21_p53_BLA_p2_ratio_dt_Pattern/model.joblib
2	TOX21_p53_BLA_p2_ratio	dt	Pattern	/home1/won0316/_RESEARCH/0817_Genotoxicity/1_Git_upload/ChemBAI/ToxCast_model/experiments/training/DART_MTL/logs/seed_multi/multi_TOX21_p53_BLA_p2_ratio_dt_Pattern.log	/home1/won0316/_RESEARCH/0817_Genotoxicity/1_Git_upload/ChemBAI/ToxCast_model/experiments/training/DART_MTL/results/backup/seed_2/TOX21_p53_BLA_p2_ratio_dt_Pattern/model.joblib
0	TOX21_p53_BLA_p2_ratio	dt	RDKit	/home1/won0316/_RESEARCH/0817_Genotoxicity/1_Git_upload/ChemBAI/ToxCast_model/experiments/training/DART_MTL/logs/seed_multi/multi_TOX21_p53_BLA_p2_ratio_dt_RDKit.log	/home1/won0316/_RESEARCH/0817_Genotoxicity/1_Git_upload/ChemBAI/ToxCast_model/experiments/training/DART_MTL/results/backup/seed_0/TOX21_p53_BLA_p2_ratio_dt_RDKit/model.joblib
1	TOX21_p53_BLA_p2_ratio	dt	RDKit	/home1/won0316/_RESEARCH/0817_Genotoxicity/1_Git_upload/ChemBAI/ToxCast_model/experiments/training/DART_MTL/logs/seed_multi/multi_TOX21_p53_BLA_p2_ratio_dt_RDKit.log	/home1/won0316/_RESEARCH/0817_Genotoxicity/1_Git_upload/ChemBAI/ToxCast_model/experiments/training/DART_MTL/results/backup/seed_1/TOX21_p53_BLA_p2_ratio_dt_RDKit/model.joblib
2	TOX21_p53_BLA_p2_ratio	dt	RDKit	/home1/won0316/_RESEARCH/0817_Genotoxicity/1_Git_upload/ChemBAI/ToxCast_model/experiments/training/DART_MTL/logs/seed_multi/multi_TOX21_p53_BLA_p2_ratio_dt_RDKit.log	/home1/won0316/_RESEARCH/0817_Genotoxicity/1_Git_upload/ChemBAI/ToxCast_model/experiments/training/DART_MTL/results/backup/seed_2/TOX21_p53_BLA_p2_ratio_dt_RDKit/model.joblib
0	TOX21_p53_BLA_p2_ratio	gbt	Layered	/home1/won0316/_RESEARCH/0817_Genotoxicity/1_Git_upload/ChemBAI/ToxCast_model/experiments/training/DART_MTL/logs/seed_multi/multi_TOX21_p53_BLA_p2_ratio_gbt_Layered.log	/home1/won0316/_RESEARCH/0817_Genotoxicity/1_Git_upload/ChemBAI/ToxCast_model/experiments/training/DART_MTL/results/backup/seed_0/TOX21_p53_BLA_p2_ratio_gbt_Layered/model.joblib
1	TOX21_p53_BLA_p2_ratio	gbt	Layered	/home1/won0316/_RESEARCH/0817_Genotoxicity/1_Git_upload/ChemBAI/ToxCast_model/experiments/training/DART_MTL/logs/seed_multi/multi_TOX21_p53_BLA_p2_ratio_gbt_Layered.log	/home1/won0316/_RESEARCH/0817_Genotoxicity/1_Git_upload/ChemBAI/ToxCast_model/experiments/training/DART_MTL/results/backup/seed_1/TOX21_p53_BLA_p2_ratio_gbt_Layered/model.joblib
2	TOX21_p53_BLA_p2_ratio	gbt	Layered	/home1/won0316/_RESEARCH/0817_Genotoxicity/1_Git_upload/ChemBAI/ToxCast_model/experiments/training/DART_MTL/logs/seed_multi/multi_TOX21_p53_BLA_p2_ratio_gbt_Layered.log	/home1/won0316/_RESEARCH/0817_Genotoxicity/1_Git_upload/ChemBAI/ToxCast_model/experiments/training/DART_MTL/results/backup/seed_2/TOX21_p53_BLA_p2_ratio_gbt_Layered/model.joblib
0	TOX21_p53_BLA_p2_ratio	gbt	MACCS	/home1/won0316/_RESEARCH/0817_Genotoxicity/1_Git_upload/ChemBAI/ToxCast_model/experiments/training/DART_MTL/logs/seed_multi/multi_TOX21_p53_BLA_p2_ratio_gbt_MACCS.log	/home1/won0316/_RESEARCH/0817_Genotoxicity/1_Git_upload/ChemBAI/ToxCast_model/experiments/training/DART_MTL/results/backup/seed_0/TOX21_p53_BLA_p2_ratio_gbt_MACCS/model.joblib
1	TOX21_p53_BLA_p2_ratio	gbt	MACCS	/home1/won0316/_RESEARCH/0817_Genotoxicity/1_Git_upload/ChemBAI/ToxCast_model/experiments/training/DART_MTL/logs/seed_multi/multi_TOX21_p53_BLA_p2_ratio_gbt_MACCS.log	/home1/won0316/_RESEARCH/0817_Genotoxicity/1_Git_upload/ChemBAI/ToxCast_model/experiments/training/DART_MTL/results/backup/seed_1/TOX21_p53_BLA_p2_ratio_gbt_MACCS/model.joblib
2	TOX21_p53_BLA_p2_ratio	gbt	MACCS	/home1/won0316/_RESEARCH/0817_Genotoxicity/1_Git_upload/ChemBAI/ToxCast_model/experiments/training/DART_MTL/logs/seed_multi/multi_TOX21_p53_BLA_p2_ratio_gbt_MACCS.log	/home1/won0316/_RESEARCH/0817_Genotoxicity/1_Git_upload/ChemBAI/ToxCast_model/experiments/training/DART_MTL/results/backup/seed_2/TOX21_p53_BLA_p2_ratio_gbt_MACCS/model.joblib
0	TOX21_p53_BLA_p2_ratio	gbt	Morgan	/home1/won0316/_RESEARCH/0817_Genotoxicity/1_Git_upload/ChemBAI/ToxCast_model/experiments/training/DART_MTL/logs/seed_multi/multi_TOX21_p53_BLA_p2_ratio_gbt_Morgan.log	/home1/won0316/_RESEARCH/0817_Genotoxicity/1_Git_upload/ChemBAI/ToxCast_model/experiments/training/DART_MTL/results/backup/seed_0/TOX21_p53_BLA_p2_ratio_gbt_Morgan/model.joblib
1	TOX21_p53_BLA_p2_ratio	gbt	Morgan	/home1/won0316/_RESEARCH/0817_Genotoxicity/1_Git_upload/ChemBAI/ToxCast_model/experiments/training/DART_MTL/logs/seed_multi/multi_TOX21_p53_BLA_p2_ratio_gbt_Morgan.log	/home1/won0316/_RESEARCH/0817_Genotoxicity/1_Git_upload/ChemBAI/ToxCast_model/experiments/training/DART_MTL/results/backup/seed_1/TOX21_p53_BLA_p2_ratio_gbt_Morgan/model.joblib
2	TOX21_p53_BLA_p2_ratio	gbt	Morgan	/home1/won0316/_RESEARCH/0817_Genotoxicity/1_Git_upload/ChemBAI/ToxCast_model/experiments/training/DART_MTL/logs/seed_multi/multi_TOX21_p53_BLA_p2_ratio_gbt_Morgan.log	/home1/won0316/_RESEARCH/0817_Genotoxicity/1_Git_upload/ChemBAI/ToxCast_model/experiments/training/DART_MTL/results/backup/seed_2/TOX21_p53_BLA_p2_ratio_gbt_Morgan/model.joblib
0	TOX21_p53_BLA_p2_ratio	gbt	Pattern	/home1/won0316/_RESEARCH/0817_Genotoxicity/1_Git_upload/ChemBAI/ToxCast_model/experiments/training/DART_MTL/logs/seed_multi/multi_TOX21_p53_BLA_p2_ratio_gbt_Pattern.log	/home1/won0316/_RESEARCH/0817_Genotoxicity/1_Git_upload/ChemBAI/ToxCast_model/experiments/training/DART_MTL/results/backup/seed_0/TOX21_p53_BLA_p2_ratio_gbt_Pattern/model.joblib
1	TOX21_p53_BLA_p2_ratio	gbt	Pattern	/home1/won0316/_RESEARCH/0817_Genotoxicity/1_Git_upload/ChemBAI/ToxCast_model/experiments/training/DART_MTL/logs/seed_multi/multi_TOX21_p53_BLA_p2_ratio_gbt_Pattern.log	/home1/won0316/_RESEARCH/0817_Genotoxicity/1_Git_upload/ChemBAI/ToxCast_model/experiments/training/DART_MTL/results/backup/seed_1/TOX21_p53_BLA_p2_ratio_gbt_Pattern/model.joblib
2	TOX21_p53_BLA_p2_ratio	gbt	Pattern	/home1/won0316/_RESEARCH/0817_Genotoxicity/1_Git_upload/ChemBAI/ToxCast_model/experiments/training/DART_MTL/logs/seed_multi/multi_TOX21_p53_BLA_p2_ratio_gbt_Pattern.log	/home1/won0316/_RESEARCH/0817_Genotoxicity/1_Git_upload/ChemBAI/ToxCast_model/experiments/training/DART_MTL/results/backup/seed_2/TOX21_p53_BLA_p2_ratio_gbt_Pattern/model.joblib
0	TOX21_p53_BLA_p2_ratio	gbt	RDKit	/home1/won0316/_RESEARCH/0817_Genotoxicity/1_Git_upload/ChemBAI/ToxCast_model/experiments/training/DART_MTL/logs/seed_multi/multi_TOX21_p53_BLA_p2_ratio_gbt_RDKit.log	/home1/won0316/_RESEARCH/0817_Genotoxicity/1_Git_upload/ChemBAI/ToxCast_model/experiments/training/DART_MTL/results/backup/seed_0/TOX21_p53_BLA_p2_ratio_gbt_RDKit/model.joblib
1	TOX21_p53_BLA_p2_ratio	gbt	RDKit	/home1/won0316/_RESEARCH/0817_Genotoxicity/1_Git_upload/ChemBAI/ToxCast_model/experiments/training/DART_MTL/logs/seed_multi/multi_TOX21_p53_BLA_p2_ratio_gbt_RDKit.log	/home1/won0316/_RESEARCH/0817_Genotoxicity/1_Git_upload/ChemBAI/ToxCast_model/experiments/training/DART_MTL/results/backup/seed_1/TOX21_p53_BLA_p2_ratio_gbt_RDKit/model.joblib
2	TOX21_p53_BLA_p2_ratio	gbt	RDKit	/home1/won0316/_RESEARCH/0817_Genotoxicity/1_Git_upload/ChemBAI/ToxCast_model/experiments/training/DART_MTL/logs/seed_multi/multi_TOX21_p53_BLA_p2_ratio_gbt_RDKit.log	/home1/won0316/_RESEARCH/0817_Genotoxicity/1_Git_upload/ChemBAI/ToxCast_model/experiments/training/DART_MTL/results/backup/seed_2/TOX21_p53_BLA_p2_ratio_gbt_RDKit/model.joblib
0	TOX21_p53_BLA_p2_ratio	logistic	Layered	/home1/won0316/_RESEARCH/0817_Genotoxicity/1_Git_upload/ChemBAI/ToxCast_model/experiments/training/DART_MTL/logs/seed_multi/multi_TOX21_p53_BLA_p2_ratio_logistic_Layered.log	/home1/won0316/_RESEARCH/0817_Genotoxicity/1_Git_upload/ChemBAI/ToxCast_model/experiments/training/DART_MTL/results/backup/seed_0/TOX21_p53_BLA_p2_ratio_logistic_Layered/model.joblib
1	TOX21_p53_BLA_p2_ratio	logistic	Layered	/home1/won0316/_RESEARCH/0817_Genotoxicity/1_Git_upload/ChemBAI/ToxCast_model/experiments/training/DART_MTL/logs/seed_multi/multi_TOX21_p53_BLA_p2_ratio_logistic_Layered.log	/home1/won0316/_RESEARCH/0817_Genotoxicity/1_Git_upload/ChemBAI/ToxCast_model/experiments/training/DART_MTL/results/backup/seed_1/TOX21_p53_BLA_p2_ratio_logistic_Layered/model.joblib
2	TOX21_p53_BLA_p2_ratio	logistic	Layered	/home1/won0316/_RESEARCH/0817_Genotoxicity/1_Git_upload/ChemBAI/ToxCast_model/experiments/training/DART_MTL/logs/seed_multi/multi_TOX21_p53_BLA_p2_ratio_logistic_Layered.log	/home1/won0316/_RESEARCH/0817_Genotoxicity/1_Git_upload/ChemBAI/ToxCast_model/experiments/training/DART_MTL/results/backup/seed_2/TOX21_p53_BLA_p2_ratio_logistic_Layered/model.joblib
0	TOX21_p53_BLA_p2_ratio	logistic	MACCS	/home1/won0316/_RESEARCH/0817_Genotoxicity/1_Git_upload/ChemBAI/ToxCast_model/experiments/training/DART_MTL/logs/seed_multi/multi_TOX21_p53_BLA_p2_ratio_logistic_MACCS.log	/home1/won0316/_RESEARCH/0817_Genotoxicity/1_Git_upload/ChemBAI/ToxCast_model/experiments/training/DART_MTL/results/backup/seed_0/TOX21_p53_BLA_p2_ratio_logistic_MACCS/model.joblib
1	TOX21_p53_BLA_p2_ratio	logistic	MACCS	/home1/won0316/_RESEARCH/0817_Genotoxicity/1_Git_upload/ChemBAI/ToxCast_model/experiments/training/DART_MTL/logs/seed_multi/multi_TOX21_p53_BLA_p2_ratio_logistic_MACCS.log	/home1/won0316/_RESEARCH/0817_Genotoxicity/1_Git_upload/ChemBAI/ToxCast_model/experiments/training/DART_MTL/results/backup/seed_1/TOX21_p53_BLA_p2_ratio_logistic_MACCS/model.joblib
2	TOX21_p53_BLA_p2_ratio	logistic	MACCS	/home1/won0316/_RESEARCH/0817_Genotoxicity/1_Git_upload/ChemBAI/ToxCast_model/experiments/training/DART_MTL/logs/seed_multi/multi_TOX21_p53_BLA_p2_ratio_logistic_MACCS.log	/home1/won0316/_RESEARCH/0817_Genotoxicity/1_Git_upload/ChemBAI/ToxCast_model/experiments/training/DART_MTL/results/backup/seed_2/TOX21_p53_BLA_p2_ratio_logistic_MACCS/model.joblib
0	TOX21_p53_BLA_p2_ratio	logistic	Morgan	/home1/won0316/_RESEARCH/0817_Genotoxicity/1_Git_upload/ChemBAI/ToxCast_model/experiments/training/DART_MTL/logs/seed_multi/multi_TOX21_p53_BLA_p2_ratio_logistic_Morgan.log	/home1/won0316/_RESEARCH/0817_Genotoxicity/1_Git_upload/ChemBAI/ToxCast_model/experiments/training/DART_MTL/results/backup/seed_0/TOX21_p53_BLA_p2_ratio_logistic_Morgan/model.joblib
1	TOX21_p53_BLA_p2_ratio	logistic	Morgan	/home1/won0316/_RESEARCH/0817_Genotoxicity/1_Git_upload/ChemBAI/ToxCast_model/experiments/training/DART_MTL/logs/seed_multi/multi_TOX21_p53_BLA_p2_ratio_logistic_Morgan.log	/home1/won0316/_RESEARCH/0817_Genotoxicity/1_Git_upload/ChemBAI/ToxCast_model/experiments/training/DART_MTL/results/backup/seed_1/TOX21_p53_BLA_p2_ratio_logistic_Morgan/model.joblib
2	TOX21_p53_BLA_p2_ratio	logistic	Morgan	/home1/won0316/_RESEARCH/0817_Genotoxicity/1_Git_upload/ChemBAI/ToxCast_model/experiments/training/DART_MTL/logs/seed_multi/multi_TOX21_p53_BLA_p2_ratio_logistic_Morgan.log	/home1/won0316/_RESEARCH/0817_Genotoxicity/1_Git_upload/ChemBAI/ToxCast_model/experiments/training/DART_MTL/results/backup/seed_2/TOX21_p53_BLA_p2_ratio_logistic_Morgan/model.joblib
0	TOX21_p53_BLA_p2_ratio	logistic	Pattern	/home1/won0316/_RESEARCH/0817_Genotoxicity/1_Git_upload/ChemBAI/ToxCast_model/experiments/training/DART_MTL/logs/seed_multi/multi_TOX21_p53_BLA_p2_ratio_logistic_Pattern.log	/home1/won0316/_RESEARCH/0817_Genotoxicity/1_Git_upload/ChemBAI/ToxCast_model/experiments/training/DART_MTL/results/backup/seed_0/TOX21_p53_BLA_p2_ratio_logistic_Pattern/model.joblib
1	TOX21_p53_BLA_p2_ratio	logistic	Pattern	/home1/won0316/_RESEARCH/0817_Genotoxicity/1_Git_upload/ChemBAI/ToxCast_model/experiments/training/DART_MTL/logs/seed_multi/multi_TOX21_p53_BLA_p2_ratio_logistic_Pattern.log	/home1/won0316/_RESEARCH/0817_Genotoxicity/1_Git_upload/ChemBAI/ToxCast_model/experiments/training/DART_MTL/results/backup/seed_1/TOX21_p53_BLA_p2_ratio_logistic_Pattern/model.joblib
2	TOX21_p53_BLA_p2_ratio	logistic	Pattern	/home1/won0316/_RESEARCH/0817_Genotoxicity/1_Git_upload/ChemBAI/ToxCast_model/experiments/training/DART_MTL/logs/seed_multi/multi_TOX21_p53_BLA_p2_ratio_logistic_Pattern.log	/home1/won0316/_RESEARCH/0817_Genotoxicity/1_Git_upload/ChemBAI/ToxCast_model/experiments/training/DART_MTL/results/backup/seed_2/TOX21_p53_BLA_p2_ratio_logistic_Pattern/model.joblib
0	TOX21_p53_BLA_p2_ratio	logistic	RDKit	/home1/won0316/_RESEARCH/0817_Genotoxicity/1_Git_upload/ChemBAI/ToxCast_model/experiments/training/DART_MTL/logs/seed_multi/multi_TOX21_p53_BLA_p2_ratio_logistic_RDKit.log	/home1/won0316/_RESEARCH/0817_Genotoxicity/1_Git_upload/ChemBAI/ToxCast_model/experiments/training/DART_MTL/results/backup/seed_0/TOX21_p53_BLA_p2_ratio_logistic_RDKit/model.joblib
1	TOX21_p53_BLA_p2_ratio	logistic	RDKit	/home1/won0316/_RESEARCH/0817_Genotoxicity/1_Git_upload/ChemBAI/ToxCast_model/experiments/training/DART_MTL/logs/seed_multi/multi_TOX21_p53_BLA_p2_ratio_logistic_RDKit.log	/home1/won0316/_RESEARCH/0817_Genotoxicity/1_Git_upload/ChemBAI/ToxCast_model/experiments/training/DART_MTL/results/backup/seed_1/TOX21_p53_BLA_p2_ratio_logistic_RDKit/model.joblib
2	TOX21_p53_BLA_p2_ratio	logistic	RDKit	/home1/won0316/_RESEARCH/0817_Genotoxicity/1_Git_upload/ChemBAI/ToxCast_model/experiments/training/DART_MTL/logs/seed_multi/multi_TOX21_p53_BLA_p2_ratio_logistic_RDKit.log	/home1/won0316/_RESEARCH/0817_Genotoxicity/1_Git_upload/ChemBAI/ToxCast_model/experiments/training/DART_MTL/results/backup/seed_2/TOX21_p53_BLA_p2_ratio_logistic_RDKit/model.joblib
0	TOX21_p53_BLA_p2_ratio	rf	Layered	/home1/won0316/_RESEARCH/0817_Genotoxicity/1_Git_upload/ChemBAI/ToxCast_model/experiments/training/DART_MTL/logs/seed_multi/multi_TOX21_p53_BLA_p2_ratio_rf_Layered.log	/home1/won0316/_RESEARCH/0817_Genotoxicity/1_Git_upload/ChemBAI/ToxCast_model/experiments/training/DART_MTL/results/backup/seed_0/TOX21_p53_BLA_p2_ratio_rf_Layered/model.joblib
1	TOX21_p53_BLA_p2_ratio	rf	Layered	/home1/won0316/_RESEARCH/0817_Genotoxicity/1_Git_upload/ChemBAI/ToxCast_model/experiments/training/DART_MTL/logs/seed_multi/multi_TOX21_p53_BLA_p2_ratio_rf_Layered.log	/home1/won0316/_RESEARCH/0817_Genotoxicity/1_Git_upload/ChemBAI/ToxCast_model/experiments/training/DART_MTL/results/backup/seed_1/TOX21_p53_BLA_p2_ratio_rf_Layered/model.joblib
2	TOX21_p53_BLA_p2_ratio	rf	Layered	/home1/won0316/_RESEARCH/0817_Genotoxicity/1_Git_upload/ChemBAI/ToxCast_model/experiments/training/DART_MTL/logs/seed_multi/multi_TOX21_p53_BLA_p2_ratio_rf_Layered.log	/home1/won0316/_RESEARCH/0817_Genotoxicity/1_Git_upload/ChemBAI/ToxCast_model/experiments/training/DART_MTL/results/backup/seed_2/TOX21_p53_BLA_p2_ratio_rf_Layered/model.joblib
0	TOX21_p53_BLA_p2_ratio	rf	MACCS	/home1/won0316/_RESEARCH/0817_Genotoxicity/1_Git_upload/ChemBAI/ToxCast_model/experiments/training/DART_MTL/logs/seed_multi/multi_TOX21_p53_BLA_p2_ratio_rf_MACCS.log	/home1/won0316/_RESEARCH/0817_Genotoxicity/1_Git_upload/ChemBAI/ToxCast_model/experiments/training/DART_MTL/results/backup/seed_0/TOX21_p53_BLA_p2_ratio_rf_MACCS/model.joblib
1	TOX21_p53_BLA_p2_ratio	rf	MACCS	/home1/won0316/_RESEARCH/0817_Genotoxicity/1_Git_upload/ChemBAI/ToxCast_model/experiments/training/DART_MTL/logs/seed_multi/multi_TOX21_p53_BLA_p2_ratio_rf_MACCS.log	/home1/won0316/_RESEARCH/0817_Genotoxicity/1_Git_upload/ChemBAI/ToxCast_model/experiments/training/DART_MTL/results/backup/seed_1/TOX21_p53_BLA_p2_ratio_rf_MACCS/model.joblib
2	TOX21_p53_BLA_p2_ratio	rf	MACCS	/home1/won0316/_RESEARCH/0817_Genotoxicity/1_Git_upload/ChemBAI/ToxCast_model/experiments/training/DART_MTL/logs/seed_multi/multi_TOX21_p53_BLA_p2_ratio_rf_MACCS.log	/home1/won0316/_RESEARCH/0817_Genotoxicity/1_Git_upload/ChemBAI/ToxCast_model/experiments/training/DART_MTL/results/backup/seed_2/TOX21_p53_BLA_p2_ratio_rf_MACCS/model.joblib
0	TOX21_p53_BLA_p2_ratio	rf	Morgan	/home1/won0316/_RESEARCH/0817_Genotoxicity/1_Git_upload/ChemBAI/ToxCast_model/experiments/training/DART_MTL/logs/seed_multi/multi_TOX21_p53_BLA_p2_ratio_rf_Morgan.log	/home1/won0316/_RESEARCH/0817_Genotoxicity/1_Git_upload/ChemBAI/ToxCast_model/experiments/training/DART_MTL/results/backup/seed_0/TOX21_p53_BLA_p2_ratio_rf_Morgan/model.joblib
1	TOX21_p53_BLA_p2_ratio	rf	Morgan	/home1/won0316/_RESEARCH/0817_Genotoxicity/1_Git_upload/ChemBAI/ToxCast_model/experiments/training/DART_MTL/logs/seed_multi/multi_TOX21_p53_BLA_p2_ratio_rf_Morgan.log	/home1/won0316/_RESEARCH/0817_Genotoxicity/1_Git_upload/ChemBAI/ToxCast_model/experiments/training/DART_MTL/results/backup/seed_1/TOX21_p53_BLA_p2_ratio_rf_Morgan/model.joblib
2	TOX21_p53_BLA_p2_ratio	rf	Morgan	/home1/won0316/_RESEARCH/0817_Genotoxicity/1_Git_upload/ChemBAI/ToxCast_model/experiments/training/DART_MTL/logs/seed_multi/multi_TOX21_p53_BLA_p2_ratio_rf_Morgan.log	/home1/won0316/_RESEARCH/0817_Genotoxicity/1_Git_upload/ChemBAI/ToxCast_model/experiments/training/DART_MTL/results/backup/seed_2/TOX21_p53_BLA_p2_ratio_rf_Morgan/model.joblib
0	TOX21_p53_BLA_p2_ratio	rf	Pattern	/home1/won0316/_RESEARCH/0817_Genotoxicity/1_Git_upload/ChemBAI/ToxCast_model/experiments/training/DART_MTL/logs/seed_multi/multi_TOX21_p53_BLA_p2_ratio_rf_Pattern.log	/home1/won0316/_RESEARCH/0817_Genotoxicity/1_Git_upload/ChemBAI/ToxCast_model/experiments/training/DART_MTL/results/backup/seed_0/TOX21_p53_BLA_p2_ratio_rf_Pattern/model.joblib
1	TOX21_p53_BLA_p2_ratio	rf	Pattern	/home1/won0316/_RESEARCH/0817_Genotoxicity/1_Git_upload/ChemBAI/ToxCast_model/experiments/training/DART_MTL/logs/seed_multi/multi_TOX21_p53_BLA_p2_ratio_rf_Pattern.log	/home1/won0316/_RESEARCH/0817_Genotoxicity/1_Git_upload/ChemBAI/ToxCast_model/experiments/training/DART_MTL/results/backup/seed_1/TOX21_p53_BLA_p2_ratio_rf_Pattern/model.joblib
2	TOX21_p53_BLA_p2_ratio	rf	Pattern	/home1/won0316/_RESEARCH/0817_Genotoxicity/1_Git_upload/ChemBAI/ToxCast_model/experiments/training/DART_MTL/logs/seed_multi/multi_TOX21_p53_BLA_p2_ratio_rf_Pattern.log	/home1/won0316/_RESEARCH/0817_Genotoxicity/1_Git_upload/ChemBAI/ToxCast_model/experiments/training/DART_MTL/results/backup/seed_2/TOX21_p53_BLA_p2_ratio_rf_Pattern/model.joblib
0	TOX21_p53_BLA_p2_ratio	rf	RDKit	/home1/won0316/_RESEARCH/0817_Genotoxicity/1_Git_upload/ChemBAI/ToxCast_model/experiments/training/DART_MTL/logs/seed_multi/multi_TOX21_p53_BLA_p2_ratio_rf_RDKit.log	/home1/won0316/_RESEARCH/0817_Genotoxicity/1_Git_upload/ChemBAI/ToxCast_model/experiments/training/DART_MTL/results/backup/seed_0/TOX21_p53_BLA_p2_ratio_rf_RDKit/model.joblib
1	TOX21_p53_BLA_p2_ratio	rf	RDKit	/home1/won0316/_RESEARCH/0817_Genotoxicity/1_Git_upload/ChemBAI/ToxCast_model/experiments/training/DART_MTL/logs/seed_multi/multi_TOX21_p53_BLA_p2_ratio_rf_RDKit.log	/home1/won0316/_RESEARCH/0817_Genotoxicity/1_Git_upload/ChemBAI/ToxCast_model/experiments/training/DART_MTL/results/backup/seed_1/TOX21_p53_BLA_p2_ratio_rf_RDKit/model.joblib
2	TOX21_p53_BLA_p2_ratio	rf	RDKit	/home1/won0316/_RESEARCH/0817_Genotoxicity/1_Git_upload/ChemBAI/ToxCast_model/experiments/training/DART_MTL/logs/seed_multi/multi_TOX21_p53_BLA_p2_ratio_rf_RDKit.log	/home1/won0316/_RESEARCH/0817_Genotoxicity/1_Git_upload/ChemBAI/ToxCast_model/experiments/training/DART_MTL/results/backup/seed_2/TOX21_p53_BLA_p2_ratio_rf_RDKit/model.joblib
0	TOX21_p53_BLA_p2_ratio	xgb	Layered	/home1/won0316/_RESEARCH/0817_Genotoxicity/1_Git_upload/ChemBAI/ToxCast_model/experiments/training/DART_MTL/logs/seed_multi/multi_TOX21_p53_BLA_p2_ratio_xgb_Layered.log	/home1/won0316/_RESEARCH/0817_Genotoxicity/1_Git_upload/ChemBAI/ToxCast_model/experiments/training/DART_MTL/results/backup/seed_0/TOX21_p53_BLA_p2_ratio_xgb_Layered/model.joblib
1	TOX21_p53_BLA_p2_ratio	xgb	Layered	/home1/won0316/_RESEARCH/0817_Genotoxicity/1_Git_upload/ChemBAI/ToxCast_model/experiments/training/DART_MTL/logs/seed_multi/multi_TOX21_p53_BLA_p2_ratio_xgb_Layered.log	/home1/won0316/_RESEARCH/0817_Genotoxicity/1_Git_upload/ChemBAI/ToxCast_model/experiments/training/DART_MTL/results/backup/seed_1/TOX21_p53_BLA_p2_ratio_xgb_Layered/model.joblib
2	TOX21_p53_BLA_p2_ratio	xgb	Layered	/home1/won0316/_RESEARCH/0817_Genotoxicity/1_Git_upload/ChemBAI/ToxCast_model/experiments/training/DART_MTL/logs/seed_multi/multi_TOX21_p53_BLA_p2_ratio_xgb_Layered.log	/home1/won0316/_RESEARCH/0817_Genotoxicity/1_Git_upload/ChemBAI/ToxCast_model/experiments/training/DART_MTL/results/backup/seed_2/TOX21_p53_BLA_p2_ratio_xgb_Layered/model.joblib
0	TOX21_p53_BLA_p2_ratio	xgb	MACCS	/home1/won0316/_RESEARCH/0817_Genotoxicity/1_Git_upload/ChemBAI/ToxCast_model/experiments/training/DART_MTL/logs/seed_multi/multi_TOX21_p53_BLA_p2_ratio_xgb_MACCS.log	/home1/won0316/_RESEARCH/0817_Genotoxicity/1_Git_upload/ChemBAI/ToxCast_model/experiments/training/DART_MTL/results/backup/seed_0/TOX21_p53_BLA_p2_ratio_xgb_MACCS/model.joblib
1	TOX21_p53_BLA_p2_ratio	xgb	MACCS	/home1/won0316/_RESEARCH/0817_Genotoxicity/1_Git_upload/ChemBAI/ToxCast_model/experiments/training/DART_MTL/logs/seed_multi/multi_TOX21_p53_BLA_p2_ratio_xgb_MACCS.log	/home1/won0316/_RESEARCH/0817_Genotoxicity/1_Git_upload/ChemBAI/ToxCast_model/experiments/training/DART_MTL/results/backup/seed_1/TOX21_p53_BLA_p2_ratio_xgb_MACCS/model.joblib
2	TOX21_p53_BLA_p2_ratio	xgb	MACCS	/home1/won0316/_RESEARCH/0817_Genotoxicity/1_Git_upload/ChemBAI/ToxCast_model/experiments/training/DART_MTL/logs/seed_multi/multi_TOX21_p53_BLA_p2_ratio_xgb_MACCS.log	/home1/won0316/_RESEARCH/0817_Genotoxicity/1_Git_upload/ChemBAI/ToxCast_model/experiments/training/DART_MTL/results/backup/seed_2/TOX21_p53_BLA_p2_ratio_xgb_MACCS/model.joblib
0	TOX21_p53_BLA_p2_ratio	xgb	Morgan	/home1/won0316/_RESEARCH/0817_Genotoxicity/1_Git_upload/ChemBAI/ToxCast_model/experiments/training/DART_MTL/logs/seed_multi/multi_TOX21_p53_BLA_p2_ratio_xgb_Morgan.log	/home1/won0316/_RESEARCH/0817_Genotoxicity/1_Git_upload/ChemBAI/ToxCast_model/experiments/training/DART_MTL/results/backup/seed_0/TOX21_p53_BLA_p2_ratio_xgb_Morgan/model.joblib
1	TOX21_p53_BLA_p2_ratio	xgb	Morgan	/home1/won0316/_RESEARCH/0817_Genotoxicity/1_Git_upload/ChemBAI/ToxCast_model/experiments/training/DART_MTL/logs/seed_multi/multi_TOX21_p53_BLA_p2_ratio_xgb_Morgan.log	/home1/won0316/_RESEARCH/0817_Genotoxicity/1_Git_upload/ChemBAI/ToxCast_model/experiments/training/DART_MTL/results/backup/seed_1/TOX21_p53_BLA_p2_ratio_xgb_Morgan/model.joblib
2	TOX21_p53_BLA_p2_ratio	xgb	Morgan	/home1/won0316/_RESEARCH/0817_Genotoxicity/1_Git_upload/ChemBAI/ToxCast_model/experiments/training/DART_MTL/logs/seed_multi/multi_TOX21_p53_BLA_p2_ratio_xgb_Morgan.log	/home1/won0316/_RESEARCH/0817_Genotoxicity/1_Git_upload/ChemBAI/ToxCast_model/experiments/training/DART_MTL/results/backup/seed_2/TOX21_p53_BLA_p2_ratio_xgb_Morgan/model.joblib
0	TOX21_p53_BLA_p2_ratio	xgb	Pattern	/home1/won0316/_RESEARCH/0817_Genotoxicity/1_Git_upload/ChemBAI/ToxCast_model/experiments/training/DART_MTL/logs/seed_multi/multi_TOX21_p53_BLA_p2_ratio_xgb_Pattern.log	/home1/won0316/_RESEARCH/0817_Genotoxicity/1_Git_upload/ChemBAI/ToxCast_model/experiments/training/DART_MTL/results/backup/seed_0/TOX21_p53_BLA_p2_ratio_xgb_Pattern/model.joblib
1	TOX21_p53_BLA_p2_ratio	xgb	Pattern	/home1/won0316/_RESEARCH/0817_Genotoxicity/1_Git_upload/ChemBAI/ToxCast_model/experiments/training/DART_MTL/logs/seed_multi/multi_TOX21_p53_BLA_p2_ratio_xgb_Pattern.log	/home1/won0316/_RESEARCH/0817_Genotoxicity/1_Git_upload/ChemBAI/ToxCast_model/experiments/training/DART_MTL/results/backup/seed_1/TOX21_p53_BLA_p2_ratio_xgb_Pattern/model.joblib
2	TOX21_p53_BLA_p2_ratio	xgb	Pattern	/home1/won0316/_RESEARCH/0817_Genotoxicity/1_Git_upload/ChemBAI/ToxCast_model/experiments/training/DART_MTL/logs/seed_multi/multi_TOX21_p53_BLA_p2_ratio_xgb_Pattern.log	/home1/won0316/_RESEARCH/0817_Genotoxicity/1_Git_upload/ChemBAI/ToxCast_model/experiments/training/DART_MTL/results/backup/seed_2/TOX21_p53_BLA_p2_ratio_xgb_Pattern/model.joblib
0	TOX21_p53_BLA_p2_ratio	xgb	RDKit	/home1/won0316/_RESEARCH/0817_Genotoxicity/1_Git_upload/ChemBAI/ToxCast_model/experiments/training/DART_MTL/logs/seed_multi/multi_TOX21_p53_BLA_p2_ratio_xgb_RDKit.log	/home1/won0316/_RESEARCH/0817_Genotoxicity/1_Git_upload/ChemBAI/ToxCast_model/experiments/training/DART_MTL/results/backup/seed_0/TOX21_p53_BLA_p2_ratio_xgb_RDKit/model.joblib
1	TOX21_p53_BLA_p2_ratio	xgb	RDKit	/home1/won0316/_RESEARCH/0817_Genotoxicity/1_Git_upload/ChemBAI/ToxCast_model/experiments/training/DART_MTL/logs/seed_multi/multi_TOX21_p53_BLA_p2_ratio_xgb_RDKit.log	/home1/won0316/_RESEARCH/0817_Genotoxicity/1_Git_upload/ChemBAI/ToxCast_model/experiments/training/DART_MTL/results/backup/seed_1/TOX21_p53_BLA_p2_ratio_xgb_RDKit/model.joblib
2	TOX21_p53_BLA_p2_ratio	xgb	RDKit	/home1/won0316/_RESEARCH/0817_Genotoxicity/1_Git_upload/ChemBAI/ToxCast_model/experiments/training/DART_MTL/logs/seed_multi/multi_TOX21_p53_BLA_p2_ratio_xgb_RDKit.log	/home1/won0316/_RESEARCH/0817_Genotoxicity/1_Git_upload/ChemBAI/ToxCast_model/experiments/training/DART_MTL/results/backup/seed_2/TOX21_p53_BLA_p2_ratio_xgb_RDKit/model.joblib
0	TOX21_PGC_ERR_Antagonist	dt	Layered	/home1/won0316/_RESEARCH/0817_Genotoxicity/1_Git_upload/ChemBAI/ToxCast_model/experiments/training/DART_MTL/logs/seed_multi/multi_TOX21_PGC_ERR_Antagonist_dt_Layered.log	/home1/won0316/_RESEARCH/0817_Genotoxicity/1_Git_upload/ChemBAI/ToxCast_model/experiments/training/DART_MTL/results/backup/seed_0/TOX21_PGC_ERR_Antagonist_dt_Layered/model.joblib
1	TOX21_PGC_ERR_Antagonist	dt	Layered	/home1/won0316/_RESEARCH/0817_Genotoxicity/1_Git_upload/ChemBAI/ToxCast_model/experiments/training/DART_MTL/logs/seed_multi/multi_TOX21_PGC_ERR_Antagonist_dt_Layered.log	/home1/won0316/_RESEARCH/0817_Genotoxicity/1_Git_upload/ChemBAI/ToxCast_model/experiments/training/DART_MTL/results/backup/seed_1/TOX21_PGC_ERR_Antagonist_dt_Layered/model.joblib
2	TOX21_PGC_ERR_Antagonist	dt	Layered	/home1/won0316/_RESEARCH/0817_Genotoxicity/1_Git_upload/ChemBAI/ToxCast_model/experiments/training/DART_MTL/logs/seed_multi/multi_TOX21_PGC_ERR_Antagonist_dt_Layered.log	/home1/won0316/_RESEARCH/0817_Genotoxicity/1_Git_upload/ChemBAI/ToxCast_model/experiments/training/DART_MTL/results/backup/seed_2/TOX21_PGC_ERR_Antagonist_dt_Layered/model.joblib
0	TOX21_PGC_ERR_Antagonist	dt	MACCS	/home1/won0316/_RESEARCH/0817_Genotoxicity/1_Git_upload/ChemBAI/ToxCast_model/experiments/training/DART_MTL/logs/seed_multi/multi_TOX21_PGC_ERR_Antagonist_dt_MACCS.log	/home1/won0316/_RESEARCH/0817_Genotoxicity/1_Git_upload/ChemBAI/ToxCast_model/experiments/training/DART_MTL/results/backup/seed_0/TOX21_PGC_ERR_Antagonist_dt_MACCS/model.joblib
1	TOX21_PGC_ERR_Antagonist	dt	MACCS	/home1/won0316/_RESEARCH/0817_Genotoxicity/1_Git_upload/ChemBAI/ToxCast_model/experiments/training/DART_MTL/logs/seed_multi/multi_TOX21_PGC_ERR_Antagonist_dt_MACCS.log	/home1/won0316/_RESEARCH/0817_Genotoxicity/1_Git_upload/ChemBAI/ToxCast_model/experiments/training/DART_MTL/results/backup/seed_1/TOX21_PGC_ERR_Antagonist_dt_MACCS/model.joblib
2	TOX21_PGC_ERR_Antagonist	dt	MACCS	/home1/won0316/_RESEARCH/0817_Genotoxicity/1_Git_upload/ChemBAI/ToxCast_model/experiments/training/DART_MTL/logs/seed_multi/multi_TOX21_PGC_ERR_Antagonist_dt_MACCS.log	/home1/won0316/_RESEARCH/0817_Genotoxicity/1_Git_upload/ChemBAI/ToxCast_model/experiments/training/DART_MTL/results/backup/seed_2/TOX21_PGC_ERR_Antagonist_dt_MACCS/model.joblib
0	TOX21_PGC_ERR_Antagonist	dt	Morgan	/home1/won0316/_RESEARCH/0817_Genotoxicity/1_Git_upload/ChemBAI/ToxCast_model/experiments/training/DART_MTL/logs/seed_multi/multi_TOX21_PGC_ERR_Antagonist_dt_Morgan.log	/home1/won0316/_RESEARCH/0817_Genotoxicity/1_Git_upload/ChemBAI/ToxCast_model/experiments/training/DART_MTL/results/backup/seed_0/TOX21_PGC_ERR_Antagonist_dt_Morgan/model.joblib
1	TOX21_PGC_ERR_Antagonist	dt	Morgan	/home1/won0316/_RESEARCH/0817_Genotoxicity/1_Git_upload/ChemBAI/ToxCast_model/experiments/training/DART_MTL/logs/seed_multi/multi_TOX21_PGC_ERR_Antagonist_dt_Morgan.log	/home1/won0316/_RESEARCH/0817_Genotoxicity/1_Git_upload/ChemBAI/ToxCast_model/experiments/training/DART_MTL/results/backup/seed_1/TOX21_PGC_ERR_Antagonist_dt_Morgan/model.joblib
2	TOX21_PGC_ERR_Antagonist	dt	Morgan	/home1/won0316/_RESEARCH/0817_Genotoxicity/1_Git_upload/ChemBAI/ToxCast_model/experiments/training/DART_MTL/logs/seed_multi/multi_TOX21_PGC_ERR_Antagonist_dt_Morgan.log	/home1/won0316/_RESEARCH/0817_Genotoxicity/1_Git_upload/ChemBAI/ToxCast_model/experiments/training/DART_MTL/results/backup/seed_2/TOX21_PGC_ERR_Antagonist_dt_Morgan/model.joblib
0	TOX21_PGC_ERR_Antagonist	dt	Pattern	/home1/won0316/_RESEARCH/0817_Genotoxicity/1_Git_upload/ChemBAI/ToxCast_model/experiments/training/DART_MTL/logs/seed_multi/multi_TOX21_PGC_ERR_Antagonist_dt_Pattern.log	/home1/won0316/_RESEARCH/0817_Genotoxicity/1_Git_upload/ChemBAI/ToxCast_model/experiments/training/DART_MTL/results/backup/seed_0/TOX21_PGC_ERR_Antagonist_dt_Pattern/model.joblib
1	TOX21_PGC_ERR_Antagonist	dt	Pattern	/home1/won0316/_RESEARCH/0817_Genotoxicity/1_Git_upload/ChemBAI/ToxCast_model/experiments/training/DART_MTL/logs/seed_multi/multi_TOX21_PGC_ERR_Antagonist_dt_Pattern.log	/home1/won0316/_RESEARCH/0817_Genotoxicity/1_Git_upload/ChemBAI/ToxCast_model/experiments/training/DART_MTL/results/backup/seed_1/TOX21_PGC_ERR_Antagonist_dt_Pattern/model.joblib
2	TOX21_PGC_ERR_Antagonist	dt	Pattern	/home1/won0316/_RESEARCH/0817_Genotoxicity/1_Git_upload/ChemBAI/ToxCast_model/experiments/training/DART_MTL/logs/seed_multi/multi_TOX21_PGC_ERR_Antagonist_dt_Pattern.log	/home1/won0316/_RESEARCH/0817_Genotoxicity/1_Git_upload/ChemBAI/ToxCast_model/experiments/training/DART_MTL/results/backup/seed_2/TOX21_PGC_ERR_Antagonist_dt_Pattern/model.joblib
0	TOX21_PGC_ERR_Antagonist	dt	RDKit	/home1/won0316/_RESEARCH/0817_Genotoxicity/1_Git_upload/ChemBAI/ToxCast_model/experiments/training/DART_MTL/logs/seed_multi/multi_TOX21_PGC_ERR_Antagonist_dt_RDKit.log	/home1/won0316/_RESEARCH/0817_Genotoxicity/1_Git_upload/ChemBAI/ToxCast_model/experiments/training/DART_MTL/results/backup/seed_0/TOX21_PGC_ERR_Antagonist_dt_RDKit/model.joblib
1	TOX21_PGC_ERR_Antagonist	dt	RDKit	/home1/won0316/_RESEARCH/0817_Genotoxicity/1_Git_upload/ChemBAI/ToxCast_model/experiments/training/DART_MTL/logs/seed_multi/multi_TOX21_PGC_ERR_Antagonist_dt_RDKit.log	/home1/won0316/_RESEARCH/0817_Genotoxicity/1_Git_upload/ChemBAI/ToxCast_model/experiments/training/DART_MTL/results/backup/seed_1/TOX21_PGC_ERR_Antagonist_dt_RDKit/model.joblib
2	TOX21_PGC_ERR_Antagonist	dt	RDKit	/home1/won0316/_RESEARCH/0817_Genotoxicity/1_Git_upload/ChemBAI/ToxCast_model/experiments/training/DART_MTL/logs/seed_multi/multi_TOX21_PGC_ERR_Antagonist_dt_RDKit.log	/home1/won0316/_RESEARCH/0817_Genotoxicity/1_Git_upload/ChemBAI/ToxCast_model/experiments/training/DART_MTL/results/backup/seed_2/TOX21_PGC_ERR_Antagonist_dt_RDKit/model.joblib
0	TOX21_PGC_ERR_Antagonist	gbt	Layered	/home1/won0316/_RESEARCH/0817_Genotoxicity/1_Git_upload/ChemBAI/ToxCast_model/experiments/training/DART_MTL/logs/seed_multi/multi_TOX21_PGC_ERR_Antagonist_gbt_Layered.log	/home1/won0316/_RESEARCH/0817_Genotoxicity/1_Git_upload/ChemBAI/ToxCast_model/experiments/training/DART_MTL/results/backup/seed_0/TOX21_PGC_ERR_Antagonist_gbt_Layered/model.joblib
1	TOX21_PGC_ERR_Antagonist	gbt	Layered	/home1/won0316/_RESEARCH/0817_Genotoxicity/1_Git_upload/ChemBAI/ToxCast_model/experiments/training/DART_MTL/logs/seed_multi/multi_TOX21_PGC_ERR_Antagonist_gbt_Layered.log	/home1/won0316/_RESEARCH/0817_Genotoxicity/1_Git_upload/ChemBAI/ToxCast_model/experiments/training/DART_MTL/results/backup/seed_1/TOX21_PGC_ERR_Antagonist_gbt_Layered/model.joblib
2	TOX21_PGC_ERR_Antagonist	gbt	Layered	/home1/won0316/_RESEARCH/0817_Genotoxicity/1_Git_upload/ChemBAI/ToxCast_model/experiments/training/DART_MTL/logs/seed_multi/multi_TOX21_PGC_ERR_Antagonist_gbt_Layered.log	/home1/won0316/_RESEARCH/0817_Genotoxicity/1_Git_upload/ChemBAI/ToxCast_model/experiments/training/DART_MTL/results/backup/seed_2/TOX21_PGC_ERR_Antagonist_gbt_Layered/model.joblib
0	TOX21_PGC_ERR_Antagonist	gbt	MACCS	/home1/won0316/_RESEARCH/0817_Genotoxicity/1_Git_upload/ChemBAI/ToxCast_model/experiments/training/DART_MTL/logs/seed_multi/multi_TOX21_PGC_ERR_Antagonist_gbt_MACCS.log	/home1/won0316/_RESEARCH/0817_Genotoxicity/1_Git_upload/ChemBAI/ToxCast_model/experiments/training/DART_MTL/results/backup/seed_0/TOX21_PGC_ERR_Antagonist_gbt_MACCS/model.joblib
1	TOX21_PGC_ERR_Antagonist	gbt	MACCS	/home1/won0316/_RESEARCH/0817_Genotoxicity/1_Git_upload/ChemBAI/ToxCast_model/experiments/training/DART_MTL/logs/seed_multi/multi_TOX21_PGC_ERR_Antagonist_gbt_MACCS.log	/home1/won0316/_RESEARCH/0817_Genotoxicity/1_Git_upload/ChemBAI/ToxCast_model/experiments/training/DART_MTL/results/backup/seed_1/TOX21_PGC_ERR_Antagonist_gbt_MACCS/model.joblib
2	TOX21_PGC_ERR_Antagonist	gbt	MACCS	/home1/won0316/_RESEARCH/0817_Genotoxicity/1_Git_upload/ChemBAI/ToxCast_model/experiments/training/DART_MTL/logs/seed_multi/multi_TOX21_PGC_ERR_Antagonist_gbt_MACCS.log	/home1/won0316/_RESEARCH/0817_Genotoxicity/1_Git_upload/ChemBAI/ToxCast_model/experiments/training/DART_MTL/results/backup/seed_2/TOX21_PGC_ERR_Antagonist_gbt_MACCS/model.joblib
0	TOX21_PGC_ERR_Antagonist	gbt	Morgan	/home1/won0316/_RESEARCH/0817_Genotoxicity/1_Git_upload/ChemBAI/ToxCast_model/experiments/training/DART_MTL/logs/seed_multi/multi_TOX21_PGC_ERR_Antagonist_gbt_Morgan.log	/home1/won0316/_RESEARCH/0817_Genotoxicity/1_Git_upload/ChemBAI/ToxCast_model/experiments/training/DART_MTL/results/backup/seed_0/TOX21_PGC_ERR_Antagonist_gbt_Morgan/model.joblib
1	TOX21_PGC_ERR_Antagonist	gbt	Morgan	/home1/won0316/_RESEARCH/0817_Genotoxicity/1_Git_upload/ChemBAI/ToxCast_model/experiments/training/DART_MTL/logs/seed_multi/multi_TOX21_PGC_ERR_Antagonist_gbt_Morgan.log	/home1/won0316/_RESEARCH/0817_Genotoxicity/1_Git_upload/ChemBAI/ToxCast_model/experiments/training/DART_MTL/results/backup/seed_1/TOX21_PGC_ERR_Antagonist_gbt_Morgan/model.joblib
2	TOX21_PGC_ERR_Antagonist	gbt	Morgan	/home1/won0316/_RESEARCH/0817_Genotoxicity/1_Git_upload/ChemBAI/ToxCast_model/experiments/training/DART_MTL/logs/seed_multi/multi_TOX21_PGC_ERR_Antagonist_gbt_Morgan.log	/home1/won0316/_RESEARCH/0817_Genotoxicity/1_Git_upload/ChemBAI/ToxCast_model/experiments/training/DART_MTL/results/backup/seed_2/TOX21_PGC_ERR_Antagonist_gbt_Morgan/model.joblib
0	TOX21_PGC_ERR_Antagonist	gbt	Pattern	/home1/won0316/_RESEARCH/0817_Genotoxicity/1_Git_upload/ChemBAI/ToxCast_model/experiments/training/DART_MTL/logs/seed_multi/multi_TOX21_PGC_ERR_Antagonist_gbt_Pattern.log	/home1/won0316/_RESEARCH/0817_Genotoxicity/1_Git_upload/ChemBAI/ToxCast_model/experiments/training/DART_MTL/results/backup/seed_0/TOX21_PGC_ERR_Antagonist_gbt_Pattern/model.joblib
1	TOX21_PGC_ERR_Antagonist	gbt	Pattern	/home1/won0316/_RESEARCH/0817_Genotoxicity/1_Git_upload/ChemBAI/ToxCast_model/experiments/training/DART_MTL/logs/seed_multi/multi_TOX21_PGC_ERR_Antagonist_gbt_Pattern.log	/home1/won0316/_RESEARCH/0817_Genotoxicity/1_Git_upload/ChemBAI/ToxCast_model/experiments/training/DART_MTL/results/backup/seed_1/TOX21_PGC_ERR_Antagonist_gbt_Pattern/model.joblib
2	TOX21_PGC_ERR_Antagonist	gbt	Pattern	/home1/won0316/_RESEARCH/0817_Genotoxicity/1_Git_upload/ChemBAI/ToxCast_model/experiments/training/DART_MTL/logs/seed_multi/multi_TOX21_PGC_ERR_Antagonist_gbt_Pattern.log	/home1/won0316/_RESEARCH/0817_Genotoxicity/1_Git_upload/ChemBAI/ToxCast_model/experiments/training/DART_MTL/results/backup/seed_2/TOX21_PGC_ERR_Antagonist_gbt_Pattern/model.joblib
0	TOX21_PGC_ERR_Antagonist	gbt	RDKit	/home1/won0316/_RESEARCH/0817_Genotoxicity/1_Git_upload/ChemBAI/ToxCast_model/experiments/training/DART_MTL/logs/seed_multi/multi_TOX21_PGC_ERR_Antagonist_gbt_RDKit.log	/home1/won0316/_RESEARCH/0817_Genotoxicity/1_Git_upload/ChemBAI/ToxCast_model/experiments/training/DART_MTL/results/backup/seed_0/TOX21_PGC_ERR_Antagonist_gbt_RDKit/model.joblib
1	TOX21_PGC_ERR_Antagonist	gbt	RDKit	/home1/won0316/_RESEARCH/0817_Genotoxicity/1_Git_upload/ChemBAI/ToxCast_model/experiments/training/DART_MTL/logs/seed_multi/multi_TOX21_PGC_ERR_Antagonist_gbt_RDKit.log	/home1/won0316/_RESEARCH/0817_Genotoxicity/1_Git_upload/ChemBAI/ToxCast_model/experiments/training/DART_MTL/results/backup/seed_1/TOX21_PGC_ERR_Antagonist_gbt_RDKit/model.joblib
2	TOX21_PGC_ERR_Antagonist	gbt	RDKit	/home1/won0316/_RESEARCH/0817_Genotoxicity/1_Git_upload/ChemBAI/ToxCast_model/experiments/training/DART_MTL/logs/seed_multi/multi_TOX21_PGC_ERR_Antagonist_gbt_RDKit.log	/home1/won0316/_RESEARCH/0817_Genotoxicity/1_Git_upload/ChemBAI/ToxCast_model/experiments/training/DART_MTL/results/backup/seed_2/TOX21_PGC_ERR_Antagonist_gbt_RDKit/model.joblib
0	TOX21_PGC_ERR_Antagonist	logistic	Layered	/home1/won0316/_RESEARCH/0817_Genotoxicity/1_Git_upload/ChemBAI/ToxCast_model/experiments/training/DART_MTL/logs/seed_multi/multi_TOX21_PGC_ERR_Antagonist_logistic_Layered.log	/home1/won0316/_RESEARCH/0817_Genotoxicity/1_Git_upload/ChemBAI/ToxCast_model/experiments/training/DART_MTL/results/backup/seed_0/TOX21_PGC_ERR_Antagonist_logistic_Layered/model.joblib
1	TOX21_PGC_ERR_Antagonist	logistic	Layered	/home1/won0316/_RESEARCH/0817_Genotoxicity/1_Git_upload/ChemBAI/ToxCast_model/experiments/training/DART_MTL/logs/seed_multi/multi_TOX21_PGC_ERR_Antagonist_logistic_Layered.log	/home1/won0316/_RESEARCH/0817_Genotoxicity/1_Git_upload/ChemBAI/ToxCast_model/experiments/training/DART_MTL/results/backup/seed_1/TOX21_PGC_ERR_Antagonist_logistic_Layered/model.joblib
2	TOX21_PGC_ERR_Antagonist	logistic	Layered	/home1/won0316/_RESEARCH/0817_Genotoxicity/1_Git_upload/ChemBAI/ToxCast_model/experiments/training/DART_MTL/logs/seed_multi/multi_TOX21_PGC_ERR_Antagonist_logistic_Layered.log	/home1/won0316/_RESEARCH/0817_Genotoxicity/1_Git_upload/ChemBAI/ToxCast_model/experiments/training/DART_MTL/results/backup/seed_2/TOX21_PGC_ERR_Antagonist_logistic_Layered/model.joblib
0	TOX21_PGC_ERR_Antagonist	logistic	MACCS	/home1/won0316/_RESEARCH/0817_Genotoxicity/1_Git_upload/ChemBAI/ToxCast_model/experiments/training/DART_MTL/logs/seed_multi/multi_TOX21_PGC_ERR_Antagonist_logistic_MACCS.log	/home1/won0316/_RESEARCH/0817_Genotoxicity/1_Git_upload/ChemBAI/ToxCast_model/experiments/training/DART_MTL/results/backup/seed_0/TOX21_PGC_ERR_Antagonist_logistic_MACCS/model.joblib
1	TOX21_PGC_ERR_Antagonist	logistic	MACCS	/home1/won0316/_RESEARCH/0817_Genotoxicity/1_Git_upload/ChemBAI/ToxCast_model/experiments/training/DART_MTL/logs/seed_multi/multi_TOX21_PGC_ERR_Antagonist_logistic_MACCS.log	/home1/won0316/_RESEARCH/0817_Genotoxicity/1_Git_upload/ChemBAI/ToxCast_model/experiments/training/DART_MTL/results/backup/seed_1/TOX21_PGC_ERR_Antagonist_logistic_MACCS/model.joblib
2	TOX21_PGC_ERR_Antagonist	logistic	MACCS	/home1/won0316/_RESEARCH/0817_Genotoxicity/1_Git_upload/ChemBAI/ToxCast_model/experiments/training/DART_MTL/logs/seed_multi/multi_TOX21_PGC_ERR_Antagonist_logistic_MACCS.log	/home1/won0316/_RESEARCH/0817_Genotoxicity/1_Git_upload/ChemBAI/ToxCast_model/experiments/training/DART_MTL/results/backup/seed_2/TOX21_PGC_ERR_Antagonist_logistic_MACCS/model.joblib
0	TOX21_PGC_ERR_Antagonist	logistic	Morgan	/home1/won0316/_RESEARCH/0817_Genotoxicity/1_Git_upload/ChemBAI/ToxCast_model/experiments/training/DART_MTL/logs/seed_multi/multi_TOX21_PGC_ERR_Antagonist_logistic_Morgan.log	/home1/won0316/_RESEARCH/0817_Genotoxicity/1_Git_upload/ChemBAI/ToxCast_model/experiments/training/DART_MTL/results/backup/seed_0/TOX21_PGC_ERR_Antagonist_logistic_Morgan/model.joblib
1	TOX21_PGC_ERR_Antagonist	logistic	Morgan	/home1/won0316/_RESEARCH/0817_Genotoxicity/1_Git_upload/ChemBAI/ToxCast_model/experiments/training/DART_MTL/logs/seed_multi/multi_TOX21_PGC_ERR_Antagonist_logistic_Morgan.log	/home1/won0316/_RESEARCH/0817_Genotoxicity/1_Git_upload/ChemBAI/ToxCast_model/experiments/training/DART_MTL/results/backup/seed_1/TOX21_PGC_ERR_Antagonist_logistic_Morgan/model.joblib
2	TOX21_PGC_ERR_Antagonist	logistic	Morgan	/home1/won0316/_RESEARCH/0817_Genotoxicity/1_Git_upload/ChemBAI/ToxCast_model/experiments/training/DART_MTL/logs/seed_multi/multi_TOX21_PGC_ERR_Antagonist_logistic_Morgan.log	/home1/won0316/_RESEARCH/0817_Genotoxicity/1_Git_upload/ChemBAI/ToxCast_model/experiments/training/DART_MTL/results/backup/seed_2/TOX21_PGC_ERR_Antagonist_logistic_Morgan/model.joblib
0	TOX21_PGC_ERR_Antagonist	logistic	Pattern	/home1/won0316/_RESEARCH/0817_Genotoxicity/1_Git_upload/ChemBAI/ToxCast_model/experiments/training/DART_MTL/logs/seed_multi/multi_TOX21_PGC_ERR_Antagonist_logistic_Pattern.log	/home1/won0316/_RESEARCH/0817_Genotoxicity/1_Git_upload/ChemBAI/ToxCast_model/experiments/training/DART_MTL/results/backup/seed_0/TOX21_PGC_ERR_Antagonist_logistic_Pattern/model.joblib
1	TOX21_PGC_ERR_Antagonist	logistic	Pattern	/home1/won0316/_RESEARCH/0817_Genotoxicity/1_Git_upload/ChemBAI/ToxCast_model/experiments/training/DART_MTL/logs/seed_multi/multi_TOX21_PGC_ERR_Antagonist_logistic_Pattern.log	/home1/won0316/_RESEARCH/0817_Genotoxicity/1_Git_upload/ChemBAI/ToxCast_model/experiments/training/DART_MTL/results/backup/seed_1/TOX21_PGC_ERR_Antagonist_logistic_Pattern/model.joblib
2	TOX21_PGC_ERR_Antagonist	logistic	Pattern	/home1/won0316/_RESEARCH/0817_Genotoxicity/1_Git_upload/ChemBAI/ToxCast_model/experiments/training/DART_MTL/logs/seed_multi/multi_TOX21_PGC_ERR_Antagonist_logistic_Pattern.log	/home1/won0316/_RESEARCH/0817_Genotoxicity/1_Git_upload/ChemBAI/ToxCast_model/experiments/training/DART_MTL/results/backup/seed_2/TOX21_PGC_ERR_Antagonist_logistic_Pattern/model.joblib
0	TOX21_PGC_ERR_Antagonist	logistic	RDKit	/home1/won0316/_RESEARCH/0817_Genotoxicity/1_Git_upload/ChemBAI/ToxCast_model/experiments/training/DART_MTL/logs/seed_multi/multi_TOX21_PGC_ERR_Antagonist_logistic_RDKit.log	/home1/won0316/_RESEARCH/0817_Genotoxicity/1_Git_upload/ChemBAI/ToxCast_model/experiments/training/DART_MTL/results/backup/seed_0/TOX21_PGC_ERR_Antagonist_logistic_RDKit/model.joblib
1	TOX21_PGC_ERR_Antagonist	logistic	RDKit	/home1/won0316/_RESEARCH/0817_Genotoxicity/1_Git_upload/ChemBAI/ToxCast_model/experiments/training/DART_MTL/logs/seed_multi/multi_TOX21_PGC_ERR_Antagonist_logistic_RDKit.log	/home1/won0316/_RESEARCH/0817_Genotoxicity/1_Git_upload/ChemBAI/ToxCast_model/experiments/training/DART_MTL/results/backup/seed_1/TOX21_PGC_ERR_Antagonist_logistic_RDKit/model.joblib
2	TOX21_PGC_ERR_Antagonist	logistic	RDKit	/home1/won0316/_RESEARCH/0817_Genotoxicity/1_Git_upload/ChemBAI/ToxCast_model/experiments/training/DART_MTL/logs/seed_multi/multi_TOX21_PGC_ERR_Antagonist_logistic_RDKit.log	/home1/won0316/_RESEARCH/0817_Genotoxicity/1_Git_upload/ChemBAI/ToxCast_model/experiments/training/DART_MTL/results/backup/seed_2/TOX21_PGC_ERR_Antagonist_logistic_RDKit/model.joblib
0	TOX21_PGC_ERR_Antagonist	rf	Layered	/home1/won0316/_RESEARCH/0817_Genotoxicity/1_Git_upload/ChemBAI/ToxCast_model/experiments/training/DART_MTL/logs/seed_multi/multi_TOX21_PGC_ERR_Antagonist_rf_Layered.log	/home1/won0316/_RESEARCH/0817_Genotoxicity/1_Git_upload/ChemBAI/ToxCast_model/experiments/training/DART_MTL/results/backup/seed_0/TOX21_PGC_ERR_Antagonist_rf_Layered/model.joblib
1	TOX21_PGC_ERR_Antagonist	rf	Layered	/home1/won0316/_RESEARCH/0817_Genotoxicity/1_Git_upload/ChemBAI/ToxCast_model/experiments/training/DART_MTL/logs/seed_multi/multi_TOX21_PGC_ERR_Antagonist_rf_Layered.log	/home1/won0316/_RESEARCH/0817_Genotoxicity/1_Git_upload/ChemBAI/ToxCast_model/experiments/training/DART_MTL/results/backup/seed_1/TOX21_PGC_ERR_Antagonist_rf_Layered/model.joblib
2	TOX21_PGC_ERR_Antagonist	rf	Layered	/home1/won0316/_RESEARCH/0817_Genotoxicity/1_Git_upload/ChemBAI/ToxCast_model/experiments/training/DART_MTL/logs/seed_multi/multi_TOX21_PGC_ERR_Antagonist_rf_Layered.log	/home1/won0316/_RESEARCH/0817_Genotoxicity/1_Git_upload/ChemBAI/ToxCast_model/experiments/training/DART_MTL/results/backup/seed_2/TOX21_PGC_ERR_Antagonist_rf_Layered/model.joblib
0	TOX21_PGC_ERR_Antagonist	rf	MACCS	/home1/won0316/_RESEARCH/0817_Genotoxicity/1_Git_upload/ChemBAI/ToxCast_model/experiments/training/DART_MTL/logs/seed_multi/multi_TOX21_PGC_ERR_Antagonist_rf_MACCS.log	/home1/won0316/_RESEARCH/0817_Genotoxicity/1_Git_upload/ChemBAI/ToxCast_model/experiments/training/DART_MTL/results/backup/seed_0/TOX21_PGC_ERR_Antagonist_rf_MACCS/model.joblib
1	TOX21_PGC_ERR_Antagonist	rf	MACCS	/home1/won0316/_RESEARCH/0817_Genotoxicity/1_Git_upload/ChemBAI/ToxCast_model/experiments/training/DART_MTL/logs/seed_multi/multi_TOX21_PGC_ERR_Antagonist_rf_MACCS.log	/home1/won0316/_RESEARCH/0817_Genotoxicity/1_Git_upload/ChemBAI/ToxCast_model/experiments/training/DART_MTL/results/backup/seed_1/TOX21_PGC_ERR_Antagonist_rf_MACCS/model.joblib
2	TOX21_PGC_ERR_Antagonist	rf	MACCS	/home1/won0316/_RESEARCH/0817_Genotoxicity/1_Git_upload/ChemBAI/ToxCast_model/experiments/training/DART_MTL/logs/seed_multi/multi_TOX21_PGC_ERR_Antagonist_rf_MACCS.log	/home1/won0316/_RESEARCH/0817_Genotoxicity/1_Git_upload/ChemBAI/ToxCast_model/experiments/training/DART_MTL/results/backup/seed_2/TOX21_PGC_ERR_Antagonist_rf_MACCS/model.joblib
0	TOX21_PGC_ERR_Antagonist	rf	Morgan	/home1/won0316/_RESEARCH/0817_Genotoxicity/1_Git_upload/ChemBAI/ToxCast_model/experiments/training/DART_MTL/logs/seed_multi/multi_TOX21_PGC_ERR_Antagonist_rf_Morgan.log	/home1/won0316/_RESEARCH/0817_Genotoxicity/1_Git_upload/ChemBAI/ToxCast_model/experiments/training/DART_MTL/results/backup/seed_0/TOX21_PGC_ERR_Antagonist_rf_Morgan/model.joblib
1	TOX21_PGC_ERR_Antagonist	rf	Morgan	/home1/won0316/_RESEARCH/0817_Genotoxicity/1_Git_upload/ChemBAI/ToxCast_model/experiments/training/DART_MTL/logs/seed_multi/multi_TOX21_PGC_ERR_Antagonist_rf_Morgan.log	/home1/won0316/_RESEARCH/0817_Genotoxicity/1_Git_upload/ChemBAI/ToxCast_model/experiments/training/DART_MTL/results/backup/seed_1/TOX21_PGC_ERR_Antagonist_rf_Morgan/model.joblib
2	TOX21_PGC_ERR_Antagonist	rf	Morgan	/home1/won0316/_RESEARCH/0817_Genotoxicity/1_Git_upload/ChemBAI/ToxCast_model/experiments/training/DART_MTL/logs/seed_multi/multi_TOX21_PGC_ERR_Antagonist_rf_Morgan.log	/home1/won0316/_RESEARCH/0817_Genotoxicity/1_Git_upload/ChemBAI/ToxCast_model/experiments/training/DART_MTL/results/backup/seed_2/TOX21_PGC_ERR_Antagonist_rf_Morgan/model.joblib
0	TOX21_PGC_ERR_Antagonist	rf	Pattern	/home1/won0316/_RESEARCH/0817_Genotoxicity/1_Git_upload/ChemBAI/ToxCast_model/experiments/training/DART_MTL/logs/seed_multi/multi_TOX21_PGC_ERR_Antagonist_rf_Pattern.log	/home1/won0316/_RESEARCH/0817_Genotoxicity/1_Git_upload/ChemBAI/ToxCast_model/experiments/training/DART_MTL/results/backup/seed_0/TOX21_PGC_ERR_Antagonist_rf_Pattern/model.joblib
1	TOX21_PGC_ERR_Antagonist	rf	Pattern	/home1/won0316/_RESEARCH/0817_Genotoxicity/1_Git_upload/ChemBAI/ToxCast_model/experiments/training/DART_MTL/logs/seed_multi/multi_TOX21_PGC_ERR_Antagonist_rf_Pattern.log	/home1/won0316/_RESEARCH/0817_Genotoxicity/1_Git_upload/ChemBAI/ToxCast_model/experiments/training/DART_MTL/results/backup/seed_1/TOX21_PGC_ERR_Antagonist_rf_Pattern/model.joblib
2	TOX21_PGC_ERR_Antagonist	rf	Pattern	/home1/won0316/_RESEARCH/0817_Genotoxicity/1_Git_upload/ChemBAI/ToxCast_model/experiments/training/DART_MTL/logs/seed_multi/multi_TOX21_PGC_ERR_Antagonist_rf_Pattern.log	/home1/won0316/_RESEARCH/0817_Genotoxicity/1_Git_upload/ChemBAI/ToxCast_model/experiments/training/DART_MTL/results/backup/seed_2/TOX21_PGC_ERR_Antagonist_rf_Pattern/model.joblib
0	TOX21_PGC_ERR_Antagonist	rf	RDKit	/home1/won0316/_RESEARCH/0817_Genotoxicity/1_Git_upload/ChemBAI/ToxCast_model/experiments/training/DART_MTL/logs/seed_multi/multi_TOX21_PGC_ERR_Antagonist_rf_RDKit.log	/home1/won0316/_RESEARCH/0817_Genotoxicity/1_Git_upload/ChemBAI/ToxCast_model/experiments/training/DART_MTL/results/backup/seed_0/TOX21_PGC_ERR_Antagonist_rf_RDKit/model.joblib
1	TOX21_PGC_ERR_Antagonist	rf	RDKit	/home1/won0316/_RESEARCH/0817_Genotoxicity/1_Git_upload/ChemBAI/ToxCast_model/experiments/training/DART_MTL/logs/seed_multi/multi_TOX21_PGC_ERR_Antagonist_rf_RDKit.log	/home1/won0316/_RESEARCH/0817_Genotoxicity/1_Git_upload/ChemBAI/ToxCast_model/experiments/training/DART_MTL/results/backup/seed_1/TOX21_PGC_ERR_Antagonist_rf_RDKit/model.joblib
2	TOX21_PGC_ERR_Antagonist	rf	RDKit	/home1/won0316/_RESEARCH/0817_Genotoxicity/1_Git_upload/ChemBAI/ToxCast_model/experiments/training/DART_MTL/logs/seed_multi/multi_TOX21_PGC_ERR_Antagonist_rf_RDKit.log	/home1/won0316/_RESEARCH/0817_Genotoxicity/1_Git_upload/ChemBAI/ToxCast_model/experiments/training/DART_MTL/results/backup/seed_2/TOX21_PGC_ERR_Antagonist_rf_RDKit/model.joblib
0	TOX21_PGC_ERR_Antagonist	xgb	Layered	/home1/won0316/_RESEARCH/0817_Genotoxicity/1_Git_upload/ChemBAI/ToxCast_model/experiments/training/DART_MTL/logs/seed_multi/multi_TOX21_PGC_ERR_Antagonist_xgb_Layered.log	/home1/won0316/_RESEARCH/0817_Genotoxicity/1_Git_upload/ChemBAI/ToxCast_model/experiments/training/DART_MTL/results/backup/seed_0/TOX21_PGC_ERR_Antagonist_xgb_Layered/model.joblib
1	TOX21_PGC_ERR_Antagonist	xgb	Layered	/home1/won0316/_RESEARCH/0817_Genotoxicity/1_Git_upload/ChemBAI/ToxCast_model/experiments/training/DART_MTL/logs/seed_multi/multi_TOX21_PGC_ERR_Antagonist_xgb_Layered.log	/home1/won0316/_RESEARCH/0817_Genotoxicity/1_Git_upload/ChemBAI/ToxCast_model/experiments/training/DART_MTL/results/backup/seed_1/TOX21_PGC_ERR_Antagonist_xgb_Layered/model.joblib
2	TOX21_PGC_ERR_Antagonist	xgb	Layered	/home1/won0316/_RESEARCH/0817_Genotoxicity/1_Git_upload/ChemBAI/ToxCast_model/experiments/training/DART_MTL/logs/seed_multi/multi_TOX21_PGC_ERR_Antagonist_xgb_Layered.log	/home1/won0316/_RESEARCH/0817_Genotoxicity/1_Git_upload/ChemBAI/ToxCast_model/experiments/training/DART_MTL/results/backup/seed_2/TOX21_PGC_ERR_Antagonist_xgb_Layered/model.joblib
0	TOX21_PGC_ERR_Antagonist	xgb	MACCS	/home1/won0316/_RESEARCH/0817_Genotoxicity/1_Git_upload/ChemBAI/ToxCast_model/experiments/training/DART_MTL/logs/seed_multi/multi_TOX21_PGC_ERR_Antagonist_xgb_MACCS.log	/home1/won0316/_RESEARCH/0817_Genotoxicity/1_Git_upload/ChemBAI/ToxCast_model/experiments/training/DART_MTL/results/backup/seed_0/TOX21_PGC_ERR_Antagonist_xgb_MACCS/model.joblib
1	TOX21_PGC_ERR_Antagonist	xgb	MACCS	/home1/won0316/_RESEARCH/0817_Genotoxicity/1_Git_upload/ChemBAI/ToxCast_model/experiments/training/DART_MTL/logs/seed_multi/multi_TOX21_PGC_ERR_Antagonist_xgb_MACCS.log	/home1/won0316/_RESEARCH/0817_Genotoxicity/1_Git_upload/ChemBAI/ToxCast_model/experiments/training/DART_MTL/results/backup/seed_1/TOX21_PGC_ERR_Antagonist_xgb_MACCS/model.joblib
2	TOX21_PGC_ERR_Antagonist	xgb	MACCS	/home1/won0316/_RESEARCH/0817_Genotoxicity/1_Git_upload/ChemBAI/ToxCast_model/experiments/training/DART_MTL/logs/seed_multi/multi_TOX21_PGC_ERR_Antagonist_xgb_MACCS.log	/home1/won0316/_RESEARCH/0817_Genotoxicity/1_Git_upload/ChemBAI/ToxCast_model/experiments/training/DART_MTL/results/backup/seed_2/TOX21_PGC_ERR_Antagonist_xgb_MACCS/model.joblib
0	TOX21_PGC_ERR_Antagonist	xgb	Morgan	/home1/won0316/_RESEARCH/0817_Genotoxicity/1_Git_upload/ChemBAI/ToxCast_model/experiments/training/DART_MTL/logs/seed_multi/multi_TOX21_PGC_ERR_Antagonist_xgb_Morgan.log	/home1/won0316/_RESEARCH/0817_Genotoxicity/1_Git_upload/ChemBAI/ToxCast_model/experiments/training/DART_MTL/results/backup/seed_0/TOX21_PGC_ERR_Antagonist_xgb_Morgan/model.joblib
1	TOX21_PGC_ERR_Antagonist	xgb	Morgan	/home1/won0316/_RESEARCH/0817_Genotoxicity/1_Git_upload/ChemBAI/ToxCast_model/experiments/training/DART_MTL/logs/seed_multi/multi_TOX21_PGC_ERR_Antagonist_xgb_Morgan.log	/home1/won0316/_RESEARCH/0817_Genotoxicity/1_Git_upload/ChemBAI/ToxCast_model/experiments/training/DART_MTL/results/backup/seed_1/TOX21_PGC_ERR_Antagonist_xgb_Morgan/model.joblib
2	TOX21_PGC_ERR_Antagonist	xgb	Morgan	/home1/won0316/_RESEARCH/0817_Genotoxicity/1_Git_upload/ChemBAI/ToxCast_model/experiments/training/DART_MTL/logs/seed_multi/multi_TOX21_PGC_ERR_Antagonist_xgb_Morgan.log	/home1/won0316/_RESEARCH/0817_Genotoxicity/1_Git_upload/ChemBAI/ToxCast_model/experiments/training/DART_MTL/results/backup/seed_2/TOX21_PGC_ERR_Antagonist_xgb_Morgan/model.joblib
0	TOX21_PGC_ERR_Antagonist	xgb	Pattern	/home1/won0316/_RESEARCH/0817_Genotoxicity/1_Git_upload/ChemBAI/ToxCast_model/experiments/training/DART_MTL/logs/seed_multi/multi_TOX21_PGC_ERR_Antagonist_xgb_Pattern.log	/home1/won0316/_RESEARCH/0817_Genotoxicity/1_Git_upload/ChemBAI/ToxCast_model/experiments/training/DART_MTL/results/backup/seed_0/TOX21_PGC_ERR_Antagonist_xgb_Pattern/model.joblib
1	TOX21_PGC_ERR_Antagonist	xgb	Pattern	/home1/won0316/_RESEARCH/0817_Genotoxicity/1_Git_upload/ChemBAI/ToxCast_model/experiments/training/DART_MTL/logs/seed_multi/multi_TOX21_PGC_ERR_Antagonist_xgb_Pattern.log	/home1/won0316/_RESEARCH/0817_Genotoxicity/1_Git_upload/ChemBAI/ToxCast_model/experiments/training/DART_MTL/results/backup/seed_1/TOX21_PGC_ERR_Antagonist_xgb_Pattern/model.joblib
2	TOX21_PGC_ERR_Antagonist	xgb	Pattern	/home1/won0316/_RESEARCH/0817_Genotoxicity/1_Git_upload/ChemBAI/ToxCast_model/experiments/training/DART_MTL/logs/seed_multi/multi_TOX21_PGC_ERR_Antagonist_xgb_Pattern.log	/home1/won0316/_RESEARCH/0817_Genotoxicity/1_Git_upload/ChemBAI/ToxCast_model/experiments/training/DART_MTL/results/backup/seed_2/TOX21_PGC_ERR_Antagonist_xgb_Pattern/model.joblib
0	TOX21_PGC_ERR_Antagonist	xgb	RDKit	/home1/won0316/_RESEARCH/0817_Genotoxicity/1_Git_upload/ChemBAI/ToxCast_model/experiments/training/DART_MTL/logs/seed_multi/multi_TOX21_PGC_ERR_Antagonist_xgb_RDKit.log	/home1/won0316/_RESEARCH/0817_Genotoxicity/1_Git_upload/ChemBAI/ToxCast_model/experiments/training/DART_MTL/results/backup/seed_0/TOX21_PGC_ERR_Antagonist_xgb_RDKit/model.joblib
1	TOX21_PGC_ERR_Antagonist	xgb	RDKit	/home1/won0316/_RESEARCH/0817_Genotoxicity/1_Git_upload/ChemBAI/ToxCast_model/experiments/training/DART_MTL/logs/seed_multi/multi_TOX21_PGC_ERR_Antagonist_xgb_RDKit.log	/home1/won0316/_RESEARCH/0817_Genotoxicity/1_Git_upload/ChemBAI/ToxCast_model/experiments/training/DART_MTL/results/backup/seed_1/TOX21_PGC_ERR_Antagonist_xgb_RDKit/model.joblib
2	TOX21_PGC_ERR_Antagonist	xgb	RDKit	/home1/won0316/_RESEARCH/0817_Genotoxicity/1_Git_upload/ChemBAI/ToxCast_model/experiments/training/DART_MTL/logs/seed_multi/multi_TOX21_PGC_ERR_Antagonist_xgb_RDKit.log	/home1/won0316/_RESEARCH/0817_Genotoxicity/1_Git_upload/ChemBAI/ToxCast_model/experiments/training/DART_MTL/results/backup/seed_2/TOX21_PGC_ERR_Antagonist_xgb_RDKit/model.joblib
0	TOX21_ERb_BLA_Antagonist_ratio	dt	Layered	/home1/won0316/_RESEARCH/0817_Genotoxicity/1_Git_upload/ChemBAI/ToxCast_model/experiments/training/DART_MTL/logs/seed_multi/multi_TOX21_ERb_BLA_Antagonist_ratio_dt_Layered.log	/home1/won0316/_RESEARCH/0817_Genotoxicity/1_Git_upload/ChemBAI/ToxCast_model/experiments/training/DART_MTL/results/backup/seed_0/TOX21_ERb_BLA_Antagonist_ratio_dt_Layered/model.joblib
1	TOX21_ERb_BLA_Antagonist_ratio	dt	Layered	/home1/won0316/_RESEARCH/0817_Genotoxicity/1_Git_upload/ChemBAI/ToxCast_model/experiments/training/DART_MTL/logs/seed_multi/multi_TOX21_ERb_BLA_Antagonist_ratio_dt_Layered.log	/home1/won0316/_RESEARCH/0817_Genotoxicity/1_Git_upload/ChemBAI/ToxCast_model/experiments/training/DART_MTL/results/backup/seed_1/TOX21_ERb_BLA_Antagonist_ratio_dt_Layered/model.joblib
2	TOX21_ERb_BLA_Antagonist_ratio	dt	Layered	/home1/won0316/_RESEARCH/0817_Genotoxicity/1_Git_upload/ChemBAI/ToxCast_model/experiments/training/DART_MTL/logs/seed_multi/multi_TOX21_ERb_BLA_Antagonist_ratio_dt_Layered.log	/home1/won0316/_RESEARCH/0817_Genotoxicity/1_Git_upload/ChemBAI/ToxCast_model/experiments/training/DART_MTL/results/backup/seed_2/TOX21_ERb_BLA_Antagonist_ratio_dt_Layered/model.joblib
0	TOX21_ERb_BLA_Antagonist_ratio	dt	MACCS	/home1/won0316/_RESEARCH/0817_Genotoxicity/1_Git_upload/ChemBAI/ToxCast_model/experiments/training/DART_MTL/logs/seed_multi/multi_TOX21_ERb_BLA_Antagonist_ratio_dt_MACCS.log	/home1/won0316/_RESEARCH/0817_Genotoxicity/1_Git_upload/ChemBAI/ToxCast_model/experiments/training/DART_MTL/results/backup/seed_0/TOX21_ERb_BLA_Antagonist_ratio_dt_MACCS/model.joblib
1	TOX21_ERb_BLA_Antagonist_ratio	dt	MACCS	/home1/won0316/_RESEARCH/0817_Genotoxicity/1_Git_upload/ChemBAI/ToxCast_model/experiments/training/DART_MTL/logs/seed_multi/multi_TOX21_ERb_BLA_Antagonist_ratio_dt_MACCS.log	/home1/won0316/_RESEARCH/0817_Genotoxicity/1_Git_upload/ChemBAI/ToxCast_model/experiments/training/DART_MTL/results/backup/seed_1/TOX21_ERb_BLA_Antagonist_ratio_dt_MACCS/model.joblib
2	TOX21_ERb_BLA_Antagonist_ratio	dt	MACCS	/home1/won0316/_RESEARCH/0817_Genotoxicity/1_Git_upload/ChemBAI/ToxCast_model/experiments/training/DART_MTL/logs/seed_multi/multi_TOX21_ERb_BLA_Antagonist_ratio_dt_MACCS.log	/home1/won0316/_RESEARCH/0817_Genotoxicity/1_Git_upload/ChemBAI/ToxCast_model/experiments/training/DART_MTL/results/backup/seed_2/TOX21_ERb_BLA_Antagonist_ratio_dt_MACCS/model.joblib
0	TOX21_ERb_BLA_Antagonist_ratio	dt	Morgan	/home1/won0316/_RESEARCH/0817_Genotoxicity/1_Git_upload/ChemBAI/ToxCast_model/experiments/training/DART_MTL/logs/seed_multi/multi_TOX21_ERb_BLA_Antagonist_ratio_dt_Morgan.log	/home1/won0316/_RESEARCH/0817_Genotoxicity/1_Git_upload/ChemBAI/ToxCast_model/experiments/training/DART_MTL/results/backup/seed_0/TOX21_ERb_BLA_Antagonist_ratio_dt_Morgan/model.joblib
1	TOX21_ERb_BLA_Antagonist_ratio	dt	Morgan	/home1/won0316/_RESEARCH/0817_Genotoxicity/1_Git_upload/ChemBAI/ToxCast_model/experiments/training/DART_MTL/logs/seed_multi/multi_TOX21_ERb_BLA_Antagonist_ratio_dt_Morgan.log	/home1/won0316/_RESEARCH/0817_Genotoxicity/1_Git_upload/ChemBAI/ToxCast_model/experiments/training/DART_MTL/results/backup/seed_1/TOX21_ERb_BLA_Antagonist_ratio_dt_Morgan/model.joblib
2	TOX21_ERb_BLA_Antagonist_ratio	dt	Morgan	/home1/won0316/_RESEARCH/0817_Genotoxicity/1_Git_upload/ChemBAI/ToxCast_model/experiments/training/DART_MTL/logs/seed_multi/multi_TOX21_ERb_BLA_Antagonist_ratio_dt_Morgan.log	/home1/won0316/_RESEARCH/0817_Genotoxicity/1_Git_upload/ChemBAI/ToxCast_model/experiments/training/DART_MTL/results/backup/seed_2/TOX21_ERb_BLA_Antagonist_ratio_dt_Morgan/model.joblib
0	TOX21_ERb_BLA_Antagonist_ratio	dt	Pattern	/home1/won0316/_RESEARCH/0817_Genotoxicity/1_Git_upload/ChemBAI/ToxCast_model/experiments/training/DART_MTL/logs/seed_multi/multi_TOX21_ERb_BLA_Antagonist_ratio_dt_Pattern.log	/home1/won0316/_RESEARCH/0817_Genotoxicity/1_Git_upload/ChemBAI/ToxCast_model/experiments/training/DART_MTL/results/backup/seed_0/TOX21_ERb_BLA_Antagonist_ratio_dt_Pattern/model.joblib
1	TOX21_ERb_BLA_Antagonist_ratio	dt	Pattern	/home1/won0316/_RESEARCH/0817_Genotoxicity/1_Git_upload/ChemBAI/ToxCast_model/experiments/training/DART_MTL/logs/seed_multi/multi_TOX21_ERb_BLA_Antagonist_ratio_dt_Pattern.log	/home1/won0316/_RESEARCH/0817_Genotoxicity/1_Git_upload/ChemBAI/ToxCast_model/experiments/training/DART_MTL/results/backup/seed_1/TOX21_ERb_BLA_Antagonist_ratio_dt_Pattern/model.joblib
2	TOX21_ERb_BLA_Antagonist_ratio	dt	Pattern	/home1/won0316/_RESEARCH/0817_Genotoxicity/1_Git_upload/ChemBAI/ToxCast_model/experiments/training/DART_MTL/logs/seed_multi/multi_TOX21_ERb_BLA_Antagonist_ratio_dt_Pattern.log	/home1/won0316/_RESEARCH/0817_Genotoxicity/1_Git_upload/ChemBAI/ToxCast_model/experiments/training/DART_MTL/results/backup/seed_2/TOX21_ERb_BLA_Antagonist_ratio_dt_Pattern/model.joblib
0	TOX21_ERb_BLA_Antagonist_ratio	dt	RDKit	/home1/won0316/_RESEARCH/0817_Genotoxicity/1_Git_upload/ChemBAI/ToxCast_model/experiments/training/DART_MTL/logs/seed_multi/multi_TOX21_ERb_BLA_Antagonist_ratio_dt_RDKit.log	/home1/won0316/_RESEARCH/0817_Genotoxicity/1_Git_upload/ChemBAI/ToxCast_model/experiments/training/DART_MTL/results/backup/seed_0/TOX21_ERb_BLA_Antagonist_ratio_dt_RDKit/model.joblib
1	TOX21_ERb_BLA_Antagonist_ratio	dt	RDKit	/home1/won0316/_RESEARCH/0817_Genotoxicity/1_Git_upload/ChemBAI/ToxCast_model/experiments/training/DART_MTL/logs/seed_multi/multi_TOX21_ERb_BLA_Antagonist_ratio_dt_RDKit.log	/home1/won0316/_RESEARCH/0817_Genotoxicity/1_Git_upload/ChemBAI/ToxCast_model/experiments/training/DART_MTL/results/backup/seed_1/TOX21_ERb_BLA_Antagonist_ratio_dt_RDKit/model.joblib
2	TOX21_ERb_BLA_Antagonist_ratio	dt	RDKit	/home1/won0316/_RESEARCH/0817_Genotoxicity/1_Git_upload/ChemBAI/ToxCast_model/experiments/training/DART_MTL/logs/seed_multi/multi_TOX21_ERb_BLA_Antagonist_ratio_dt_RDKit.log	/home1/won0316/_RESEARCH/0817_Genotoxicity/1_Git_upload/ChemBAI/ToxCast_model/experiments/training/DART_MTL/results/backup/seed_2/TOX21_ERb_BLA_Antagonist_ratio_dt_RDKit/model.joblib
0	TOX21_ERb_BLA_Antagonist_ratio	gbt	Layered	/home1/won0316/_RESEARCH/0817_Genotoxicity/1_Git_upload/ChemBAI/ToxCast_model/experiments/training/DART_MTL/logs/seed_multi/multi_TOX21_ERb_BLA_Antagonist_ratio_gbt_Layered.log	/home1/won0316/_RESEARCH/0817_Genotoxicity/1_Git_upload/ChemBAI/ToxCast_model/experiments/training/DART_MTL/results/backup/seed_0/TOX21_ERb_BLA_Antagonist_ratio_gbt_Layered/model.joblib
1	TOX21_ERb_BLA_Antagonist_ratio	gbt	Layered	/home1/won0316/_RESEARCH/0817_Genotoxicity/1_Git_upload/ChemBAI/ToxCast_model/experiments/training/DART_MTL/logs/seed_multi/multi_TOX21_ERb_BLA_Antagonist_ratio_gbt_Layered.log	/home1/won0316/_RESEARCH/0817_Genotoxicity/1_Git_upload/ChemBAI/ToxCast_model/experiments/training/DART_MTL/results/backup/seed_1/TOX21_ERb_BLA_Antagonist_ratio_gbt_Layered/model.joblib
2	TOX21_ERb_BLA_Antagonist_ratio	gbt	Layered	/home1/won0316/_RESEARCH/0817_Genotoxicity/1_Git_upload/ChemBAI/ToxCast_model/experiments/training/DART_MTL/logs/seed_multi/multi_TOX21_ERb_BLA_Antagonist_ratio_gbt_Layered.log	/home1/won0316/_RESEARCH/0817_Genotoxicity/1_Git_upload/ChemBAI/ToxCast_model/experiments/training/DART_MTL/results/backup/seed_2/TOX21_ERb_BLA_Antagonist_ratio_gbt_Layered/model.joblib
0	TOX21_ERb_BLA_Antagonist_ratio	gbt	MACCS	/home1/won0316/_RESEARCH/0817_Genotoxicity/1_Git_upload/ChemBAI/ToxCast_model/experiments/training/DART_MTL/logs/seed_multi/multi_TOX21_ERb_BLA_Antagonist_ratio_gbt_MACCS.log	/home1/won0316/_RESEARCH/0817_Genotoxicity/1_Git_upload/ChemBAI/ToxCast_model/experiments/training/DART_MTL/results/backup/seed_0/TOX21_ERb_BLA_Antagonist_ratio_gbt_MACCS/model.joblib
1	TOX21_ERb_BLA_Antagonist_ratio	gbt	MACCS	/home1/won0316/_RESEARCH/0817_Genotoxicity/1_Git_upload/ChemBAI/ToxCast_model/experiments/training/DART_MTL/logs/seed_multi/multi_TOX21_ERb_BLA_Antagonist_ratio_gbt_MACCS.log	/home1/won0316/_RESEARCH/0817_Genotoxicity/1_Git_upload/ChemBAI/ToxCast_model/experiments/training/DART_MTL/results/backup/seed_1/TOX21_ERb_BLA_Antagonist_ratio_gbt_MACCS/model.joblib
2	TOX21_ERb_BLA_Antagonist_ratio	gbt	MACCS	/home1/won0316/_RESEARCH/0817_Genotoxicity/1_Git_upload/ChemBAI/ToxCast_model/experiments/training/DART_MTL/logs/seed_multi/multi_TOX21_ERb_BLA_Antagonist_ratio_gbt_MACCS.log	/home1/won0316/_RESEARCH/0817_Genotoxicity/1_Git_upload/ChemBAI/ToxCast_model/experiments/training/DART_MTL/results/backup/seed_2/TOX21_ERb_BLA_Antagonist_ratio_gbt_MACCS/model.joblib
0	TOX21_ERb_BLA_Antagonist_ratio	gbt	Morgan	/home1/won0316/_RESEARCH/0817_Genotoxicity/1_Git_upload/ChemBAI/ToxCast_model/experiments/training/DART_MTL/logs/seed_multi/multi_TOX21_ERb_BLA_Antagonist_ratio_gbt_Morgan.log	/home1/won0316/_RESEARCH/0817_Genotoxicity/1_Git_upload/ChemBAI/ToxCast_model/experiments/training/DART_MTL/results/backup/seed_0/TOX21_ERb_BLA_Antagonist_ratio_gbt_Morgan/model.joblib
1	TOX21_ERb_BLA_Antagonist_ratio	gbt	Morgan	/home1/won0316/_RESEARCH/0817_Genotoxicity/1_Git_upload/ChemBAI/ToxCast_model/experiments/training/DART_MTL/logs/seed_multi/multi_TOX21_ERb_BLA_Antagonist_ratio_gbt_Morgan.log	/home1/won0316/_RESEARCH/0817_Genotoxicity/1_Git_upload/ChemBAI/ToxCast_model/experiments/training/DART_MTL/results/backup/seed_1/TOX21_ERb_BLA_Antagonist_ratio_gbt_Morgan/model.joblib
2	TOX21_ERb_BLA_Antagonist_ratio	gbt	Morgan	/home1/won0316/_RESEARCH/0817_Genotoxicity/1_Git_upload/ChemBAI/ToxCast_model/experiments/training/DART_MTL/logs/seed_multi/multi_TOX21_ERb_BLA_Antagonist_ratio_gbt_Morgan.log	/home1/won0316/_RESEARCH/0817_Genotoxicity/1_Git_upload/ChemBAI/ToxCast_model/experiments/training/DART_MTL/results/backup/seed_2/TOX21_ERb_BLA_Antagonist_ratio_gbt_Morgan/model.joblib
0	TOX21_ERb_BLA_Antagonist_ratio	gbt	Pattern	/home1/won0316/_RESEARCH/0817_Genotoxicity/1_Git_upload/ChemBAI/ToxCast_model/experiments/training/DART_MTL/logs/seed_multi/multi_TOX21_ERb_BLA_Antagonist_ratio_gbt_Pattern.log	/home1/won0316/_RESEARCH/0817_Genotoxicity/1_Git_upload/ChemBAI/ToxCast_model/experiments/training/DART_MTL/results/backup/seed_0/TOX21_ERb_BLA_Antagonist_ratio_gbt_Pattern/model.joblib
1	TOX21_ERb_BLA_Antagonist_ratio	gbt	Pattern	/home1/won0316/_RESEARCH/0817_Genotoxicity/1_Git_upload/ChemBAI/ToxCast_model/experiments/training/DART_MTL/logs/seed_multi/multi_TOX21_ERb_BLA_Antagonist_ratio_gbt_Pattern.log	/home1/won0316/_RESEARCH/0817_Genotoxicity/1_Git_upload/ChemBAI/ToxCast_model/experiments/training/DART_MTL/results/backup/seed_1/TOX21_ERb_BLA_Antagonist_ratio_gbt_Pattern/model.joblib
2	TOX21_ERb_BLA_Antagonist_ratio	gbt	Pattern	/home1/won0316/_RESEARCH/0817_Genotoxicity/1_Git_upload/ChemBAI/ToxCast_model/experiments/training/DART_MTL/logs/seed_multi/multi_TOX21_ERb_BLA_Antagonist_ratio_gbt_Pattern.log	/home1/won0316/_RESEARCH/0817_Genotoxicity/1_Git_upload/ChemBAI/ToxCast_model/experiments/training/DART_MTL/results/backup/seed_2/TOX21_ERb_BLA_Antagonist_ratio_gbt_Pattern/model.joblib
0	TOX21_ERb_BLA_Antagonist_ratio	gbt	RDKit	/home1/won0316/_RESEARCH/0817_Genotoxicity/1_Git_upload/ChemBAI/ToxCast_model/experiments/training/DART_MTL/logs/seed_multi/multi_TOX21_ERb_BLA_Antagonist_ratio_gbt_RDKit.log	/home1/won0316/_RESEARCH/0817_Genotoxicity/1_Git_upload/ChemBAI/ToxCast_model/experiments/training/DART_MTL/results/backup/seed_0/TOX21_ERb_BLA_Antagonist_ratio_gbt_RDKit/model.joblib
1	TOX21_ERb_BLA_Antagonist_ratio	gbt	RDKit	/home1/won0316/_RESEARCH/0817_Genotoxicity/1_Git_upload/ChemBAI/ToxCast_model/experiments/training/DART_MTL/logs/seed_multi/multi_TOX21_ERb_BLA_Antagonist_ratio_gbt_RDKit.log	/home1/won0316/_RESEARCH/0817_Genotoxicity/1_Git_upload/ChemBAI/ToxCast_model/experiments/training/DART_MTL/results/backup/seed_1/TOX21_ERb_BLA_Antagonist_ratio_gbt_RDKit/model.joblib
2	TOX21_ERb_BLA_Antagonist_ratio	gbt	RDKit	/home1/won0316/_RESEARCH/0817_Genotoxicity/1_Git_upload/ChemBAI/ToxCast_model/experiments/training/DART_MTL/logs/seed_multi/multi_TOX21_ERb_BLA_Antagonist_ratio_gbt_RDKit.log	/home1/won0316/_RESEARCH/0817_Genotoxicity/1_Git_upload/ChemBAI/ToxCast_model/experiments/training/DART_MTL/results/backup/seed_2/TOX21_ERb_BLA_Antagonist_ratio_gbt_RDKit/model.joblib
0	TOX21_ERb_BLA_Antagonist_ratio	logistic	Layered	/home1/won0316/_RESEARCH/0817_Genotoxicity/1_Git_upload/ChemBAI/ToxCast_model/experiments/training/DART_MTL/logs/seed_multi/multi_TOX21_ERb_BLA_Antagonist_ratio_logistic_Layered.log	/home1/won0316/_RESEARCH/0817_Genotoxicity/1_Git_upload/ChemBAI/ToxCast_model/experiments/training/DART_MTL/results/backup/seed_0/TOX21_ERb_BLA_Antagonist_ratio_logistic_Layered/model.joblib
1	TOX21_ERb_BLA_Antagonist_ratio	logistic	Layered	/home1/won0316/_RESEARCH/0817_Genotoxicity/1_Git_upload/ChemBAI/ToxCast_model/experiments/training/DART_MTL/logs/seed_multi/multi_TOX21_ERb_BLA_Antagonist_ratio_logistic_Layered.log	/home1/won0316/_RESEARCH/0817_Genotoxicity/1_Git_upload/ChemBAI/ToxCast_model/experiments/training/DART_MTL/results/backup/seed_1/TOX21_ERb_BLA_Antagonist_ratio_logistic_Layered/model.joblib
2	TOX21_ERb_BLA_Antagonist_ratio	logistic	Layered	/home1/won0316/_RESEARCH/0817_Genotoxicity/1_Git_upload/ChemBAI/ToxCast_model/experiments/training/DART_MTL/logs/seed_multi/multi_TOX21_ERb_BLA_Antagonist_ratio_logistic_Layered.log	/home1/won0316/_RESEARCH/0817_Genotoxicity/1_Git_upload/ChemBAI/ToxCast_model/experiments/training/DART_MTL/results/backup/seed_2/TOX21_ERb_BLA_Antagonist_ratio_logistic_Layered/model.joblib
0	TOX21_ERb_BLA_Antagonist_ratio	logistic	MACCS	/home1/won0316/_RESEARCH/0817_Genotoxicity/1_Git_upload/ChemBAI/ToxCast_model/experiments/training/DART_MTL/logs/seed_multi/multi_TOX21_ERb_BLA_Antagonist_ratio_logistic_MACCS.log	/home1/won0316/_RESEARCH/0817_Genotoxicity/1_Git_upload/ChemBAI/ToxCast_model/experiments/training/DART_MTL/results/backup/seed_0/TOX21_ERb_BLA_Antagonist_ratio_logistic_MACCS/model.joblib
1	TOX21_ERb_BLA_Antagonist_ratio	logistic	MACCS	/home1/won0316/_RESEARCH/0817_Genotoxicity/1_Git_upload/ChemBAI/ToxCast_model/experiments/training/DART_MTL/logs/seed_multi/multi_TOX21_ERb_BLA_Antagonist_ratio_logistic_MACCS.log	/home1/won0316/_RESEARCH/0817_Genotoxicity/1_Git_upload/ChemBAI/ToxCast_model/experiments/training/DART_MTL/results/backup/seed_1/TOX21_ERb_BLA_Antagonist_ratio_logistic_MACCS/model.joblib
2	TOX21_ERb_BLA_Antagonist_ratio	logistic	MACCS	/home1/won0316/_RESEARCH/0817_Genotoxicity/1_Git_upload/ChemBAI/ToxCast_model/experiments/training/DART_MTL/logs/seed_multi/multi_TOX21_ERb_BLA_Antagonist_ratio_logistic_MACCS.log	/home1/won0316/_RESEARCH/0817_Genotoxicity/1_Git_upload/ChemBAI/ToxCast_model/experiments/training/DART_MTL/results/backup/seed_2/TOX21_ERb_BLA_Antagonist_ratio_logistic_MACCS/model.joblib
0	TOX21_ERb_BLA_Antagonist_ratio	logistic	Morgan	/home1/won0316/_RESEARCH/0817_Genotoxicity/1_Git_upload/ChemBAI/ToxCast_model/experiments/training/DART_MTL/logs/seed_multi/multi_TOX21_ERb_BLA_Antagonist_ratio_logistic_Morgan.log	/home1/won0316/_RESEARCH/0817_Genotoxicity/1_Git_upload/ChemBAI/ToxCast_model/experiments/training/DART_MTL/results/backup/seed_0/TOX21_ERb_BLA_Antagonist_ratio_logistic_Morgan/model.joblib
1	TOX21_ERb_BLA_Antagonist_ratio	logistic	Morgan	/home1/won0316/_RESEARCH/0817_Genotoxicity/1_Git_upload/ChemBAI/ToxCast_model/experiments/training/DART_MTL/logs/seed_multi/multi_TOX21_ERb_BLA_Antagonist_ratio_logistic_Morgan.log	/home1/won0316/_RESEARCH/0817_Genotoxicity/1_Git_upload/ChemBAI/ToxCast_model/experiments/training/DART_MTL/results/backup/seed_1/TOX21_ERb_BLA_Antagonist_ratio_logistic_Morgan/model.joblib
2	TOX21_ERb_BLA_Antagonist_ratio	logistic	Morgan	/home1/won0316/_RESEARCH/0817_Genotoxicity/1_Git_upload/ChemBAI/ToxCast_model/experiments/training/DART_MTL/logs/seed_multi/multi_TOX21_ERb_BLA_Antagonist_ratio_logistic_Morgan.log	/home1/won0316/_RESEARCH/0817_Genotoxicity/1_Git_upload/ChemBAI/ToxCast_model/experiments/training/DART_MTL/results/backup/seed_2/TOX21_ERb_BLA_Antagonist_ratio_logistic_Morgan/model.joblib
0	TOX21_ERb_BLA_Antagonist_ratio	logistic	Pattern	/home1/won0316/_RESEARCH/0817_Genotoxicity/1_Git_upload/ChemBAI/ToxCast_model/experiments/training/DART_MTL/logs/seed_multi/multi_TOX21_ERb_BLA_Antagonist_ratio_logistic_Pattern.log	/home1/won0316/_RESEARCH/0817_Genotoxicity/1_Git_upload/ChemBAI/ToxCast_model/experiments/training/DART_MTL/results/backup/seed_0/TOX21_ERb_BLA_Antagonist_ratio_logistic_Pattern/model.joblib
1	TOX21_ERb_BLA_Antagonist_ratio	logistic	Pattern	/home1/won0316/_RESEARCH/0817_Genotoxicity/1_Git_upload/ChemBAI/ToxCast_model/experiments/training/DART_MTL/logs/seed_multi/multi_TOX21_ERb_BLA_Antagonist_ratio_logistic_Pattern.log	/home1/won0316/_RESEARCH/0817_Genotoxicity/1_Git_upload/ChemBAI/ToxCast_model/experiments/training/DART_MTL/results/backup/seed_1/TOX21_ERb_BLA_Antagonist_ratio_logistic_Pattern/model.joblib
2	TOX21_ERb_BLA_Antagonist_ratio	logistic	Pattern	/home1/won0316/_RESEARCH/0817_Genotoxicity/1_Git_upload/ChemBAI/ToxCast_model/experiments/training/DART_MTL/logs/seed_multi/multi_TOX21_ERb_BLA_Antagonist_ratio_logistic_Pattern.log	/home1/won0316/_RESEARCH/0817_Genotoxicity/1_Git_upload/ChemBAI/ToxCast_model/experiments/training/DART_MTL/results/backup/seed_2/TOX21_ERb_BLA_Antagonist_ratio_logistic_Pattern/model.joblib
0	TOX21_ERb_BLA_Antagonist_ratio	logistic	RDKit	/home1/won0316/_RESEARCH/0817_Genotoxicity/1_Git_upload/ChemBAI/ToxCast_model/experiments/training/DART_MTL/logs/seed_multi/multi_TOX21_ERb_BLA_Antagonist_ratio_logistic_RDKit.log	/home1/won0316/_RESEARCH/0817_Genotoxicity/1_Git_upload/ChemBAI/ToxCast_model/experiments/training/DART_MTL/results/backup/seed_0/TOX21_ERb_BLA_Antagonist_ratio_logistic_RDKit/model.joblib
1	TOX21_ERb_BLA_Antagonist_ratio	logistic	RDKit	/home1/won0316/_RESEARCH/0817_Genotoxicity/1_Git_upload/ChemBAI/ToxCast_model/experiments/training/DART_MTL/logs/seed_multi/multi_TOX21_ERb_BLA_Antagonist_ratio_logistic_RDKit.log	/home1/won0316/_RESEARCH/0817_Genotoxicity/1_Git_upload/ChemBAI/ToxCast_model/experiments/training/DART_MTL/results/backup/seed_1/TOX21_ERb_BLA_Antagonist_ratio_logistic_RDKit/model.joblib
2	TOX21_ERb_BLA_Antagonist_ratio	logistic	RDKit	/home1/won0316/_RESEARCH/0817_Genotoxicity/1_Git_upload/ChemBAI/ToxCast_model/experiments/training/DART_MTL/logs/seed_multi/multi_TOX21_ERb_BLA_Antagonist_ratio_logistic_RDKit.log	/home1/won0316/_RESEARCH/0817_Genotoxicity/1_Git_upload/ChemBAI/ToxCast_model/experiments/training/DART_MTL/results/backup/seed_2/TOX21_ERb_BLA_Antagonist_ratio_logistic_RDKit/model.joblib
0	TOX21_ERb_BLA_Antagonist_ratio	rf	Layered	/home1/won0316/_RESEARCH/0817_Genotoxicity/1_Git_upload/ChemBAI/ToxCast_model/experiments/training/DART_MTL/logs/seed_multi/multi_TOX21_ERb_BLA_Antagonist_ratio_rf_Layered.log	/home1/won0316/_RESEARCH/0817_Genotoxicity/1_Git_upload/ChemBAI/ToxCast_model/experiments/training/DART_MTL/results/backup/seed_0/TOX21_ERb_BLA_Antagonist_ratio_rf_Layered/model.joblib
1	TOX21_ERb_BLA_Antagonist_ratio	rf	Layered	/home1/won0316/_RESEARCH/0817_Genotoxicity/1_Git_upload/ChemBAI/ToxCast_model/experiments/training/DART_MTL/logs/seed_multi/multi_TOX21_ERb_BLA_Antagonist_ratio_rf_Layered.log	/home1/won0316/_RESEARCH/0817_Genotoxicity/1_Git_upload/ChemBAI/ToxCast_model/experiments/training/DART_MTL/results/backup/seed_1/TOX21_ERb_BLA_Antagonist_ratio_rf_Layered/model.joblib
2	TOX21_ERb_BLA_Antagonist_ratio	rf	Layered	/home1/won0316/_RESEARCH/0817_Genotoxicity/1_Git_upload/ChemBAI/ToxCast_model/experiments/training/DART_MTL/logs/seed_multi/multi_TOX21_ERb_BLA_Antagonist_ratio_rf_Layered.log	/home1/won0316/_RESEARCH/0817_Genotoxicity/1_Git_upload/ChemBAI/ToxCast_model/experiments/training/DART_MTL/results/backup/seed_2/TOX21_ERb_BLA_Antagonist_ratio_rf_Layered/model.joblib
0	TOX21_ERb_BLA_Antagonist_ratio	rf	MACCS	/home1/won0316/_RESEARCH/0817_Genotoxicity/1_Git_upload/ChemBAI/ToxCast_model/experiments/training/DART_MTL/logs/seed_multi/multi_TOX21_ERb_BLA_Antagonist_ratio_rf_MACCS.log	/home1/won0316/_RESEARCH/0817_Genotoxicity/1_Git_upload/ChemBAI/ToxCast_model/experiments/training/DART_MTL/results/backup/seed_0/TOX21_ERb_BLA_Antagonist_ratio_rf_MACCS/model.joblib
1	TOX21_ERb_BLA_Antagonist_ratio	rf	MACCS	/home1/won0316/_RESEARCH/0817_Genotoxicity/1_Git_upload/ChemBAI/ToxCast_model/experiments/training/DART_MTL/logs/seed_multi/multi_TOX21_ERb_BLA_Antagonist_ratio_rf_MACCS.log	/home1/won0316/_RESEARCH/0817_Genotoxicity/1_Git_upload/ChemBAI/ToxCast_model/experiments/training/DART_MTL/results/backup/seed_1/TOX21_ERb_BLA_Antagonist_ratio_rf_MACCS/model.joblib
2	TOX21_ERb_BLA_Antagonist_ratio	rf	MACCS	/home1/won0316/_RESEARCH/0817_Genotoxicity/1_Git_upload/ChemBAI/ToxCast_model/experiments/training/DART_MTL/logs/seed_multi/multi_TOX21_ERb_BLA_Antagonist_ratio_rf_MACCS.log	/home1/won0316/_RESEARCH/0817_Genotoxicity/1_Git_upload/ChemBAI/ToxCast_model/experiments/training/DART_MTL/results/backup/seed_2/TOX21_ERb_BLA_Antagonist_ratio_rf_MACCS/model.joblib
0	TOX21_ERb_BLA_Antagonist_ratio	rf	Morgan	/home1/won0316/_RESEARCH/0817_Genotoxicity/1_Git_upload/ChemBAI/ToxCast_model/experiments/training/DART_MTL/logs/seed_multi/multi_TOX21_ERb_BLA_Antagonist_ratio_rf_Morgan.log	/home1/won0316/_RESEARCH/0817_Genotoxicity/1_Git_upload/ChemBAI/ToxCast_model/experiments/training/DART_MTL/results/backup/seed_0/TOX21_ERb_BLA_Antagonist_ratio_rf_Morgan/model.joblib
1	TOX21_ERb_BLA_Antagonist_ratio	rf	Morgan	/home1/won0316/_RESEARCH/0817_Genotoxicity/1_Git_upload/ChemBAI/ToxCast_model/experiments/training/DART_MTL/logs/seed_multi/multi_TOX21_ERb_BLA_Antagonist_ratio_rf_Morgan.log	/home1/won0316/_RESEARCH/0817_Genotoxicity/1_Git_upload/ChemBAI/ToxCast_model/experiments/training/DART_MTL/results/backup/seed_1/TOX21_ERb_BLA_Antagonist_ratio_rf_Morgan/model.joblib
2	TOX21_ERb_BLA_Antagonist_ratio	rf	Morgan	/home1/won0316/_RESEARCH/0817_Genotoxicity/1_Git_upload/ChemBAI/ToxCast_model/experiments/training/DART_MTL/logs/seed_multi/multi_TOX21_ERb_BLA_Antagonist_ratio_rf_Morgan.log	/home1/won0316/_RESEARCH/0817_Genotoxicity/1_Git_upload/ChemBAI/ToxCast_model/experiments/training/DART_MTL/results/backup/seed_2/TOX21_ERb_BLA_Antagonist_ratio_rf_Morgan/model.joblib
0	TOX21_ERb_BLA_Antagonist_ratio	rf	Pattern	/home1/won0316/_RESEARCH/0817_Genotoxicity/1_Git_upload/ChemBAI/ToxCast_model/experiments/training/DART_MTL/logs/seed_multi/multi_TOX21_ERb_BLA_Antagonist_ratio_rf_Pattern.log	/home1/won0316/_RESEARCH/0817_Genotoxicity/1_Git_upload/ChemBAI/ToxCast_model/experiments/training/DART_MTL/results/backup/seed_0/TOX21_ERb_BLA_Antagonist_ratio_rf_Pattern/model.joblib
1	TOX21_ERb_BLA_Antagonist_ratio	rf	Pattern	/home1/won0316/_RESEARCH/0817_Genotoxicity/1_Git_upload/ChemBAI/ToxCast_model/experiments/training/DART_MTL/logs/seed_multi/multi_TOX21_ERb_BLA_Antagonist_ratio_rf_Pattern.log	/home1/won0316/_RESEARCH/0817_Genotoxicity/1_Git_upload/ChemBAI/ToxCast_model/experiments/training/DART_MTL/results/backup/seed_1/TOX21_ERb_BLA_Antagonist_ratio_rf_Pattern/model.joblib
2	TOX21_ERb_BLA_Antagonist_ratio	rf	Pattern	/home1/won0316/_RESEARCH/0817_Genotoxicity/1_Git_upload/ChemBAI/ToxCast_model/experiments/training/DART_MTL/logs/seed_multi/multi_TOX21_ERb_BLA_Antagonist_ratio_rf_Pattern.log	/home1/won0316/_RESEARCH/0817_Genotoxicity/1_Git_upload/ChemBAI/ToxCast_model/experiments/training/DART_MTL/results/backup/seed_2/TOX21_ERb_BLA_Antagonist_ratio_rf_Pattern/model.joblib
0	TOX21_ERb_BLA_Antagonist_ratio	rf	RDKit	/home1/won0316/_RESEARCH/0817_Genotoxicity/1_Git_upload/ChemBAI/ToxCast_model/experiments/training/DART_MTL/logs/seed_multi/multi_TOX21_ERb_BLA_Antagonist_ratio_rf_RDKit.log	/home1/won0316/_RESEARCH/0817_Genotoxicity/1_Git_upload/ChemBAI/ToxCast_model/experiments/training/DART_MTL/results/backup/seed_0/TOX21_ERb_BLA_Antagonist_ratio_rf_RDKit/model.joblib
1	TOX21_ERb_BLA_Antagonist_ratio	rf	RDKit	/home1/won0316/_RESEARCH/0817_Genotoxicity/1_Git_upload/ChemBAI/ToxCast_model/experiments/training/DART_MTL/logs/seed_multi/multi_TOX21_ERb_BLA_Antagonist_ratio_rf_RDKit.log	/home1/won0316/_RESEARCH/0817_Genotoxicity/1_Git_upload/ChemBAI/ToxCast_model/experiments/training/DART_MTL/results/backup/seed_1/TOX21_ERb_BLA_Antagonist_ratio_rf_RDKit/model.joblib
2	TOX21_ERb_BLA_Antagonist_ratio	rf	RDKit	/home1/won0316/_RESEARCH/0817_Genotoxicity/1_Git_upload/ChemBAI/ToxCast_model/experiments/training/DART_MTL/logs/seed_multi/multi_TOX21_ERb_BLA_Antagonist_ratio_rf_RDKit.log	/home1/won0316/_RESEARCH/0817_Genotoxicity/1_Git_upload/ChemBAI/ToxCast_model/experiments/training/DART_MTL/results/backup/seed_2/TOX21_ERb_BLA_Antagonist_ratio_rf_RDKit/model.joblib
0	TOX21_ERb_BLA_Antagonist_ratio	xgb	Layered	/home1/won0316/_RESEARCH/0817_Genotoxicity/1_Git_upload/ChemBAI/ToxCast_model/experiments/training/DART_MTL/logs/seed_multi/multi_TOX21_ERb_BLA_Antagonist_ratio_xgb_Layered.log	/home1/won0316/_RESEARCH/0817_Genotoxicity/1_Git_upload/ChemBAI/ToxCast_model/experiments/training/DART_MTL/results/backup/seed_0/TOX21_ERb_BLA_Antagonist_ratio_xgb_Layered/model.joblib
1	TOX21_ERb_BLA_Antagonist_ratio	xgb	Layered	/home1/won0316/_RESEARCH/0817_Genotoxicity/1_Git_upload/ChemBAI/ToxCast_model/experiments/training/DART_MTL/logs/seed_multi/multi_TOX21_ERb_BLA_Antagonist_ratio_xgb_Layered.log	/home1/won0316/_RESEARCH/0817_Genotoxicity/1_Git_upload/ChemBAI/ToxCast_model/experiments/training/DART_MTL/results/backup/seed_1/TOX21_ERb_BLA_Antagonist_ratio_xgb_Layered/model.joblib
2	TOX21_ERb_BLA_Antagonist_ratio	xgb	Layered	/home1/won0316/_RESEARCH/0817_Genotoxicity/1_Git_upload/ChemBAI/ToxCast_model/experiments/training/DART_MTL/logs/seed_multi/multi_TOX21_ERb_BLA_Antagonist_ratio_xgb_Layered.log	/home1/won0316/_RESEARCH/0817_Genotoxicity/1_Git_upload/ChemBAI/ToxCast_model/experiments/training/DART_MTL/results/backup/seed_2/TOX21_ERb_BLA_Antagonist_ratio_xgb_Layered/model.joblib
0	TOX21_ERb_BLA_Antagonist_ratio	xgb	MACCS	/home1/won0316/_RESEARCH/0817_Genotoxicity/1_Git_upload/ChemBAI/ToxCast_model/experiments/training/DART_MTL/logs/seed_multi/multi_TOX21_ERb_BLA_Antagonist_ratio_xgb_MACCS.log	/home1/won0316/_RESEARCH/0817_Genotoxicity/1_Git_upload/ChemBAI/ToxCast_model/experiments/training/DART_MTL/results/backup/seed_0/TOX21_ERb_BLA_Antagonist_ratio_xgb_MACCS/model.joblib
1	TOX21_ERb_BLA_Antagonist_ratio	xgb	MACCS	/home1/won0316/_RESEARCH/0817_Genotoxicity/1_Git_upload/ChemBAI/ToxCast_model/experiments/training/DART_MTL/logs/seed_multi/multi_TOX21_ERb_BLA_Antagonist_ratio_xgb_MACCS.log	/home1/won0316/_RESEARCH/0817_Genotoxicity/1_Git_upload/ChemBAI/ToxCast_model/experiments/training/DART_MTL/results/backup/seed_1/TOX21_ERb_BLA_Antagonist_ratio_xgb_MACCS/model.joblib
2	TOX21_ERb_BLA_Antagonist_ratio	xgb	MACCS	/home1/won0316/_RESEARCH/0817_Genotoxicity/1_Git_upload/ChemBAI/ToxCast_model/experiments/training/DART_MTL/logs/seed_multi/multi_TOX21_ERb_BLA_Antagonist_ratio_xgb_MACCS.log	/home1/won0316/_RESEARCH/0817_Genotoxicity/1_Git_upload/ChemBAI/ToxCast_model/experiments/training/DART_MTL/results/backup/seed_2/TOX21_ERb_BLA_Antagonist_ratio_xgb_MACCS/model.joblib
0	TOX21_ERb_BLA_Antagonist_ratio	xgb	Morgan	/home1/won0316/_RESEARCH/0817_Genotoxicity/1_Git_upload/ChemBAI/ToxCast_model/experiments/training/DART_MTL/logs/seed_multi/multi_TOX21_ERb_BLA_Antagonist_ratio_xgb_Morgan.log	/home1/won0316/_RESEARCH/0817_Genotoxicity/1_Git_upload/ChemBAI/ToxCast_model/experiments/training/DART_MTL/results/backup/seed_0/TOX21_ERb_BLA_Antagonist_ratio_xgb_Morgan/model.joblib
1	TOX21_ERb_BLA_Antagonist_ratio	xgb	Morgan	/home1/won0316/_RESEARCH/0817_Genotoxicity/1_Git_upload/ChemBAI/ToxCast_model/experiments/training/DART_MTL/logs/seed_multi/multi_TOX21_ERb_BLA_Antagonist_ratio_xgb_Morgan.log	/home1/won0316/_RESEARCH/0817_Genotoxicity/1_Git_upload/ChemBAI/ToxCast_model/experiments/training/DART_MTL/results/backup/seed_1/TOX21_ERb_BLA_Antagonist_ratio_xgb_Morgan/model.joblib
2	TOX21_ERb_BLA_Antagonist_ratio	xgb	Morgan	/home1/won0316/_RESEARCH/0817_Genotoxicity/1_Git_upload/ChemBAI/ToxCast_model/experiments/training/DART_MTL/logs/seed_multi/multi_TOX21_ERb_BLA_Antagonist_ratio_xgb_Morgan.log	/home1/won0316/_RESEARCH/0817_Genotoxicity/1_Git_upload/ChemBAI/ToxCast_model/experiments/training/DART_MTL/results/backup/seed_2/TOX21_ERb_BLA_Antagonist_ratio_xgb_Morgan/model.joblib
0	TOX21_ERb_BLA_Antagonist_ratio	xgb	Pattern	/home1/won0316/_RESEARCH/0817_Genotoxicity/1_Git_upload/ChemBAI/ToxCast_model/experiments/training/DART_MTL/logs/seed_multi/multi_TOX21_ERb_BLA_Antagonist_ratio_xgb_Pattern.log	/home1/won0316/_RESEARCH/0817_Genotoxicity/1_Git_upload/ChemBAI/ToxCast_model/experiments/training/DART_MTL/results/backup/seed_0/TOX21_ERb_BLA_Antagonist_ratio_xgb_Pattern/model.joblib
1	TOX21_ERb_BLA_Antagonist_ratio	xgb	Pattern	/home1/won0316/_RESEARCH/0817_Genotoxicity/1_Git_upload/ChemBAI/ToxCast_model/experiments/training/DART_MTL/logs/seed_multi/multi_TOX21_ERb_BLA_Antagonist_ratio_xgb_Pattern.log	/home1/won0316/_RESEARCH/0817_Genotoxicity/1_Git_upload/ChemBAI/ToxCast_model/experiments/training/DART_MTL/results/backup/seed_1/TOX21_ERb_BLA_Antagonist_ratio_xgb_Pattern/model.joblib
2	TOX21_ERb_BLA_Antagonist_ratio	xgb	Pattern	/home1/won0316/_RESEARCH/0817_Genotoxicity/1_Git_upload/ChemBAI/ToxCast_model/experiments/training/DART_MTL/logs/seed_multi/multi_TOX21_ERb_BLA_Antagonist_ratio_xgb_Pattern.log	/home1/won0316/_RESEARCH/0817_Genotoxicity/1_Git_upload/ChemBAI/ToxCast_model/experiments/training/DART_MTL/results/backup/seed_2/TOX21_ERb_BLA_Antagonist_ratio_xgb_Pattern/model.joblib
0	TOX21_ERb_BLA_Antagonist_ratio	xgb	RDKit	/home1/won0316/_RESEARCH/0817_Genotoxicity/1_Git_upload/ChemBAI/ToxCast_model/experiments/training/DART_MTL/logs/seed_multi/multi_TOX21_ERb_BLA_Antagonist_ratio_xgb_RDKit.log	/home1/won0316/_RESEARCH/0817_Genotoxicity/1_Git_upload/ChemBAI/ToxCast_model/experiments/training/DART_MTL/results/backup/seed_0/TOX21_ERb_BLA_Antagonist_ratio_xgb_RDKit/model.joblib
1	TOX21_ERb_BLA_Antagonist_ratio	xgb	RDKit	/home1/won0316/_RESEARCH/0817_Genotoxicity/1_Git_upload/ChemBAI/ToxCast_model/experiments/training/DART_MTL/logs/seed_multi/multi_TOX21_ERb_BLA_Antagonist_ratio_xgb_RDKit.log	/home1/won0316/_RESEARCH/0817_Genotoxicity/1_Git_upload/ChemBAI/ToxCast_model/experiments/training/DART_MTL/results/backup/seed_1/TOX21_ERb_BLA_Antagonist_ratio_xgb_RDKit/model.joblib
2	TOX21_ERb_BLA_Antagonist_ratio	xgb	RDKit	/home1/won0316/_RESEARCH/0817_Genotoxicity/1_Git_upload/ChemBAI/ToxCast_model/experiments/training/DART_MTL/logs/seed_multi/multi_TOX21_ERb_BLA_Antagonist_ratio_xgb_RDKit.log	/home1/won0316/_RESEARCH/0817_Genotoxicity/1_Git_upload/ChemBAI/ToxCast_model/experiments/training/DART_MTL/results/backup/seed_2/TOX21_ERb_BLA_Antagonist_ratio_xgb_RDKit/model.joblib
0	TOX21_PR_BLA_Antagonist_ratio	dt	Layered	/home1/won0316/_RESEARCH/0817_Genotoxicity/1_Git_upload/ChemBAI/ToxCast_model/experiments/training/DART_MTL/logs/seed_multi/multi_TOX21_PR_BLA_Antagonist_ratio_dt_Layered.log	/home1/won0316/_RESEARCH/0817_Genotoxicity/1_Git_upload/ChemBAI/ToxCast_model/experiments/training/DART_MTL/results/backup/seed_0/TOX21_PR_BLA_Antagonist_ratio_dt_Layered/model.joblib
1	TOX21_PR_BLA_Antagonist_ratio	dt	Layered	/home1/won0316/_RESEARCH/0817_Genotoxicity/1_Git_upload/ChemBAI/ToxCast_model/experiments/training/DART_MTL/logs/seed_multi/multi_TOX21_PR_BLA_Antagonist_ratio_dt_Layered.log	/home1/won0316/_RESEARCH/0817_Genotoxicity/1_Git_upload/ChemBAI/ToxCast_model/experiments/training/DART_MTL/results/backup/seed_1/TOX21_PR_BLA_Antagonist_ratio_dt_Layered/model.joblib
2	TOX21_PR_BLA_Antagonist_ratio	dt	Layered	/home1/won0316/_RESEARCH/0817_Genotoxicity/1_Git_upload/ChemBAI/ToxCast_model/experiments/training/DART_MTL/logs/seed_multi/multi_TOX21_PR_BLA_Antagonist_ratio_dt_Layered.log	/home1/won0316/_RESEARCH/0817_Genotoxicity/1_Git_upload/ChemBAI/ToxCast_model/experiments/training/DART_MTL/results/backup/seed_2/TOX21_PR_BLA_Antagonist_ratio_dt_Layered/model.joblib
0	TOX21_PR_BLA_Antagonist_ratio	dt	MACCS	/home1/won0316/_RESEARCH/0817_Genotoxicity/1_Git_upload/ChemBAI/ToxCast_model/experiments/training/DART_MTL/logs/seed_multi/multi_TOX21_PR_BLA_Antagonist_ratio_dt_MACCS.log	/home1/won0316/_RESEARCH/0817_Genotoxicity/1_Git_upload/ChemBAI/ToxCast_model/experiments/training/DART_MTL/results/backup/seed_0/TOX21_PR_BLA_Antagonist_ratio_dt_MACCS/model.joblib
1	TOX21_PR_BLA_Antagonist_ratio	dt	MACCS	/home1/won0316/_RESEARCH/0817_Genotoxicity/1_Git_upload/ChemBAI/ToxCast_model/experiments/training/DART_MTL/logs/seed_multi/multi_TOX21_PR_BLA_Antagonist_ratio_dt_MACCS.log	/home1/won0316/_RESEARCH/0817_Genotoxicity/1_Git_upload/ChemBAI/ToxCast_model/experiments/training/DART_MTL/results/backup/seed_1/TOX21_PR_BLA_Antagonist_ratio_dt_MACCS/model.joblib
2	TOX21_PR_BLA_Antagonist_ratio	dt	MACCS	/home1/won0316/_RESEARCH/0817_Genotoxicity/1_Git_upload/ChemBAI/ToxCast_model/experiments/training/DART_MTL/logs/seed_multi/multi_TOX21_PR_BLA_Antagonist_ratio_dt_MACCS.log	/home1/won0316/_RESEARCH/0817_Genotoxicity/1_Git_upload/ChemBAI/ToxCast_model/experiments/training/DART_MTL/results/backup/seed_2/TOX21_PR_BLA_Antagonist_ratio_dt_MACCS/model.joblib
0	TOX21_PR_BLA_Antagonist_ratio	dt	Morgan	/home1/won0316/_RESEARCH/0817_Genotoxicity/1_Git_upload/ChemBAI/ToxCast_model/experiments/training/DART_MTL/logs/seed_multi/multi_TOX21_PR_BLA_Antagonist_ratio_dt_Morgan.log	/home1/won0316/_RESEARCH/0817_Genotoxicity/1_Git_upload/ChemBAI/ToxCast_model/experiments/training/DART_MTL/results/backup/seed_0/TOX21_PR_BLA_Antagonist_ratio_dt_Morgan/model.joblib
1	TOX21_PR_BLA_Antagonist_ratio	dt	Morgan	/home1/won0316/_RESEARCH/0817_Genotoxicity/1_Git_upload/ChemBAI/ToxCast_model/experiments/training/DART_MTL/logs/seed_multi/multi_TOX21_PR_BLA_Antagonist_ratio_dt_Morgan.log	/home1/won0316/_RESEARCH/0817_Genotoxicity/1_Git_upload/ChemBAI/ToxCast_model/experiments/training/DART_MTL/results/backup/seed_1/TOX21_PR_BLA_Antagonist_ratio_dt_Morgan/model.joblib
2	TOX21_PR_BLA_Antagonist_ratio	dt	Morgan	/home1/won0316/_RESEARCH/0817_Genotoxicity/1_Git_upload/ChemBAI/ToxCast_model/experiments/training/DART_MTL/logs/seed_multi/multi_TOX21_PR_BLA_Antagonist_ratio_dt_Morgan.log	/home1/won0316/_RESEARCH/0817_Genotoxicity/1_Git_upload/ChemBAI/ToxCast_model/experiments/training/DART_MTL/results/backup/seed_2/TOX21_PR_BLA_Antagonist_ratio_dt_Morgan/model.joblib
0	TOX21_PR_BLA_Antagonist_ratio	dt	Pattern	/home1/won0316/_RESEARCH/0817_Genotoxicity/1_Git_upload/ChemBAI/ToxCast_model/experiments/training/DART_MTL/logs/seed_multi/multi_TOX21_PR_BLA_Antagonist_ratio_dt_Pattern.log	/home1/won0316/_RESEARCH/0817_Genotoxicity/1_Git_upload/ChemBAI/ToxCast_model/experiments/training/DART_MTL/results/backup/seed_0/TOX21_PR_BLA_Antagonist_ratio_dt_Pattern/model.joblib
1	TOX21_PR_BLA_Antagonist_ratio	dt	Pattern	/home1/won0316/_RESEARCH/0817_Genotoxicity/1_Git_upload/ChemBAI/ToxCast_model/experiments/training/DART_MTL/logs/seed_multi/multi_TOX21_PR_BLA_Antagonist_ratio_dt_Pattern.log	/home1/won0316/_RESEARCH/0817_Genotoxicity/1_Git_upload/ChemBAI/ToxCast_model/experiments/training/DART_MTL/results/backup/seed_1/TOX21_PR_BLA_Antagonist_ratio_dt_Pattern/model.joblib
2	TOX21_PR_BLA_Antagonist_ratio	dt	Pattern	/home1/won0316/_RESEARCH/0817_Genotoxicity/1_Git_upload/ChemBAI/ToxCast_model/experiments/training/DART_MTL/logs/seed_multi/multi_TOX21_PR_BLA_Antagonist_ratio_dt_Pattern.log	/home1/won0316/_RESEARCH/0817_Genotoxicity/1_Git_upload/ChemBAI/ToxCast_model/experiments/training/DART_MTL/results/backup/seed_2/TOX21_PR_BLA_Antagonist_ratio_dt_Pattern/model.joblib
0	TOX21_PR_BLA_Antagonist_ratio	dt	RDKit	/home1/won0316/_RESEARCH/0817_Genotoxicity/1_Git_upload/ChemBAI/ToxCast_model/experiments/training/DART_MTL/logs/seed_multi/multi_TOX21_PR_BLA_Antagonist_ratio_dt_RDKit.log	/home1/won0316/_RESEARCH/0817_Genotoxicity/1_Git_upload/ChemBAI/ToxCast_model/experiments/training/DART_MTL/results/backup/seed_0/TOX21_PR_BLA_Antagonist_ratio_dt_RDKit/model.joblib
1	TOX21_PR_BLA_Antagonist_ratio	dt	RDKit	/home1/won0316/_RESEARCH/0817_Genotoxicity/1_Git_upload/ChemBAI/ToxCast_model/experiments/training/DART_MTL/logs/seed_multi/multi_TOX21_PR_BLA_Antagonist_ratio_dt_RDKit.log	/home1/won0316/_RESEARCH/0817_Genotoxicity/1_Git_upload/ChemBAI/ToxCast_model/experiments/training/DART_MTL/results/backup/seed_1/TOX21_PR_BLA_Antagonist_ratio_dt_RDKit/model.joblib
2	TOX21_PR_BLA_Antagonist_ratio	dt	RDKit	/home1/won0316/_RESEARCH/0817_Genotoxicity/1_Git_upload/ChemBAI/ToxCast_model/experiments/training/DART_MTL/logs/seed_multi/multi_TOX21_PR_BLA_Antagonist_ratio_dt_RDKit.log	/home1/won0316/_RESEARCH/0817_Genotoxicity/1_Git_upload/ChemBAI/ToxCast_model/experiments/training/DART_MTL/results/backup/seed_2/TOX21_PR_BLA_Antagonist_ratio_dt_RDKit/model.joblib
0	TOX21_PR_BLA_Antagonist_ratio	gbt	Layered	/home1/won0316/_RESEARCH/0817_Genotoxicity/1_Git_upload/ChemBAI/ToxCast_model/experiments/training/DART_MTL/logs/seed_multi/multi_TOX21_PR_BLA_Antagonist_ratio_gbt_Layered.log	/home1/won0316/_RESEARCH/0817_Genotoxicity/1_Git_upload/ChemBAI/ToxCast_model/experiments/training/DART_MTL/results/backup/seed_0/TOX21_PR_BLA_Antagonist_ratio_gbt_Layered/model.joblib
1	TOX21_PR_BLA_Antagonist_ratio	gbt	Layered	/home1/won0316/_RESEARCH/0817_Genotoxicity/1_Git_upload/ChemBAI/ToxCast_model/experiments/training/DART_MTL/logs/seed_multi/multi_TOX21_PR_BLA_Antagonist_ratio_gbt_Layered.log	/home1/won0316/_RESEARCH/0817_Genotoxicity/1_Git_upload/ChemBAI/ToxCast_model/experiments/training/DART_MTL/results/backup/seed_1/TOX21_PR_BLA_Antagonist_ratio_gbt_Layered/model.joblib
2	TOX21_PR_BLA_Antagonist_ratio	gbt	Layered	/home1/won0316/_RESEARCH/0817_Genotoxicity/1_Git_upload/ChemBAI/ToxCast_model/experiments/training/DART_MTL/logs/seed_multi/multi_TOX21_PR_BLA_Antagonist_ratio_gbt_Layered.log	/home1/won0316/_RESEARCH/0817_Genotoxicity/1_Git_upload/ChemBAI/ToxCast_model/experiments/training/DART_MTL/results/backup/seed_2/TOX21_PR_BLA_Antagonist_ratio_gbt_Layered/model.joblib
0	TOX21_PR_BLA_Antagonist_ratio	gbt	MACCS	/home1/won0316/_RESEARCH/0817_Genotoxicity/1_Git_upload/ChemBAI/ToxCast_model/experiments/training/DART_MTL/logs/seed_multi/multi_TOX21_PR_BLA_Antagonist_ratio_gbt_MACCS.log	/home1/won0316/_RESEARCH/0817_Genotoxicity/1_Git_upload/ChemBAI/ToxCast_model/experiments/training/DART_MTL/results/backup/seed_0/TOX21_PR_BLA_Antagonist_ratio_gbt_MACCS/model.joblib
1	TOX21_PR_BLA_Antagonist_ratio	gbt	MACCS	/home1/won0316/_RESEARCH/0817_Genotoxicity/1_Git_upload/ChemBAI/ToxCast_model/experiments/training/DART_MTL/logs/seed_multi/multi_TOX21_PR_BLA_Antagonist_ratio_gbt_MACCS.log	/home1/won0316/_RESEARCH/0817_Genotoxicity/1_Git_upload/ChemBAI/ToxCast_model/experiments/training/DART_MTL/results/backup/seed_1/TOX21_PR_BLA_Antagonist_ratio_gbt_MACCS/model.joblib
2	TOX21_PR_BLA_Antagonist_ratio	gbt	MACCS	/home1/won0316/_RESEARCH/0817_Genotoxicity/1_Git_upload/ChemBAI/ToxCast_model/experiments/training/DART_MTL/logs/seed_multi/multi_TOX21_PR_BLA_Antagonist_ratio_gbt_MACCS.log	/home1/won0316/_RESEARCH/0817_Genotoxicity/1_Git_upload/ChemBAI/ToxCast_model/experiments/training/DART_MTL/results/backup/seed_2/TOX21_PR_BLA_Antagonist_ratio_gbt_MACCS/model.joblib
0	TOX21_PR_BLA_Antagonist_ratio	gbt	Morgan	/home1/won0316/_RESEARCH/0817_Genotoxicity/1_Git_upload/ChemBAI/ToxCast_model/experiments/training/DART_MTL/logs/seed_multi/multi_TOX21_PR_BLA_Antagonist_ratio_gbt_Morgan.log	/home1/won0316/_RESEARCH/0817_Genotoxicity/1_Git_upload/ChemBAI/ToxCast_model/experiments/training/DART_MTL/results/backup/seed_0/TOX21_PR_BLA_Antagonist_ratio_gbt_Morgan/model.joblib
1	TOX21_PR_BLA_Antagonist_ratio	gbt	Morgan	/home1/won0316/_RESEARCH/0817_Genotoxicity/1_Git_upload/ChemBAI/ToxCast_model/experiments/training/DART_MTL/logs/seed_multi/multi_TOX21_PR_BLA_Antagonist_ratio_gbt_Morgan.log	/home1/won0316/_RESEARCH/0817_Genotoxicity/1_Git_upload/ChemBAI/ToxCast_model/experiments/training/DART_MTL/results/backup/seed_1/TOX21_PR_BLA_Antagonist_ratio_gbt_Morgan/model.joblib
2	TOX21_PR_BLA_Antagonist_ratio	gbt	Morgan	/home1/won0316/_RESEARCH/0817_Genotoxicity/1_Git_upload/ChemBAI/ToxCast_model/experiments/training/DART_MTL/logs/seed_multi/multi_TOX21_PR_BLA_Antagonist_ratio_gbt_Morgan.log	/home1/won0316/_RESEARCH/0817_Genotoxicity/1_Git_upload/ChemBAI/ToxCast_model/experiments/training/DART_MTL/results/backup/seed_2/TOX21_PR_BLA_Antagonist_ratio_gbt_Morgan/model.joblib
0	TOX21_PR_BLA_Antagonist_ratio	gbt	Pattern	/home1/won0316/_RESEARCH/0817_Genotoxicity/1_Git_upload/ChemBAI/ToxCast_model/experiments/training/DART_MTL/logs/seed_multi/multi_TOX21_PR_BLA_Antagonist_ratio_gbt_Pattern.log	/home1/won0316/_RESEARCH/0817_Genotoxicity/1_Git_upload/ChemBAI/ToxCast_model/experiments/training/DART_MTL/results/backup/seed_0/TOX21_PR_BLA_Antagonist_ratio_gbt_Pattern/model.joblib
1	TOX21_PR_BLA_Antagonist_ratio	gbt	Pattern	/home1/won0316/_RESEARCH/0817_Genotoxicity/1_Git_upload/ChemBAI/ToxCast_model/experiments/training/DART_MTL/logs/seed_multi/multi_TOX21_PR_BLA_Antagonist_ratio_gbt_Pattern.log	/home1/won0316/_RESEARCH/0817_Genotoxicity/1_Git_upload/ChemBAI/ToxCast_model/experiments/training/DART_MTL/results/backup/seed_1/TOX21_PR_BLA_Antagonist_ratio_gbt_Pattern/model.joblib
2	TOX21_PR_BLA_Antagonist_ratio	gbt	Pattern	/home1/won0316/_RESEARCH/0817_Genotoxicity/1_Git_upload/ChemBAI/ToxCast_model/experiments/training/DART_MTL/logs/seed_multi/multi_TOX21_PR_BLA_Antagonist_ratio_gbt_Pattern.log	/home1/won0316/_RESEARCH/0817_Genotoxicity/1_Git_upload/ChemBAI/ToxCast_model/experiments/training/DART_MTL/results/backup/seed_2/TOX21_PR_BLA_Antagonist_ratio_gbt_Pattern/model.joblib
0	TOX21_PR_BLA_Antagonist_ratio	gbt	RDKit	/home1/won0316/_RESEARCH/0817_Genotoxicity/1_Git_upload/ChemBAI/ToxCast_model/experiments/training/DART_MTL/logs/seed_multi/multi_TOX21_PR_BLA_Antagonist_ratio_gbt_RDKit.log	/home1/won0316/_RESEARCH/0817_Genotoxicity/1_Git_upload/ChemBAI/ToxCast_model/experiments/training/DART_MTL/results/backup/seed_0/TOX21_PR_BLA_Antagonist_ratio_gbt_RDKit/model.joblib
1	TOX21_PR_BLA_Antagonist_ratio	gbt	RDKit	/home1/won0316/_RESEARCH/0817_Genotoxicity/1_Git_upload/ChemBAI/ToxCast_model/experiments/training/DART_MTL/logs/seed_multi/multi_TOX21_PR_BLA_Antagonist_ratio_gbt_RDKit.log	/home1/won0316/_RESEARCH/0817_Genotoxicity/1_Git_upload/ChemBAI/ToxCast_model/experiments/training/DART_MTL/results/backup/seed_1/TOX21_PR_BLA_Antagonist_ratio_gbt_RDKit/model.joblib
2	TOX21_PR_BLA_Antagonist_ratio	gbt	RDKit	/home1/won0316/_RESEARCH/0817_Genotoxicity/1_Git_upload/ChemBAI/ToxCast_model/experiments/training/DART_MTL/logs/seed_multi/multi_TOX21_PR_BLA_Antagonist_ratio_gbt_RDKit.log	/home1/won0316/_RESEARCH/0817_Genotoxicity/1_Git_upload/ChemBAI/ToxCast_model/experiments/training/DART_MTL/results/backup/seed_2/TOX21_PR_BLA_Antagonist_ratio_gbt_RDKit/model.joblib
0	TOX21_PR_BLA_Antagonist_ratio	logistic	Layered	/home1/won0316/_RESEARCH/0817_Genotoxicity/1_Git_upload/ChemBAI/ToxCast_model/experiments/training/DART_MTL/logs/seed_multi/multi_TOX21_PR_BLA_Antagonist_ratio_logistic_Layered.log	/home1/won0316/_RESEARCH/0817_Genotoxicity/1_Git_upload/ChemBAI/ToxCast_model/experiments/training/DART_MTL/results/backup/seed_0/TOX21_PR_BLA_Antagonist_ratio_logistic_Layered/model.joblib
1	TOX21_PR_BLA_Antagonist_ratio	logistic	Layered	/home1/won0316/_RESEARCH/0817_Genotoxicity/1_Git_upload/ChemBAI/ToxCast_model/experiments/training/DART_MTL/logs/seed_multi/multi_TOX21_PR_BLA_Antagonist_ratio_logistic_Layered.log	/home1/won0316/_RESEARCH/0817_Genotoxicity/1_Git_upload/ChemBAI/ToxCast_model/experiments/training/DART_MTL/results/backup/seed_1/TOX21_PR_BLA_Antagonist_ratio_logistic_Layered/model.joblib
2	TOX21_PR_BLA_Antagonist_ratio	logistic	Layered	/home1/won0316/_RESEARCH/0817_Genotoxicity/1_Git_upload/ChemBAI/ToxCast_model/experiments/training/DART_MTL/logs/seed_multi/multi_TOX21_PR_BLA_Antagonist_ratio_logistic_Layered.log	/home1/won0316/_RESEARCH/0817_Genotoxicity/1_Git_upload/ChemBAI/ToxCast_model/experiments/training/DART_MTL/results/backup/seed_2/TOX21_PR_BLA_Antagonist_ratio_logistic_Layered/model.joblib
0	TOX21_PR_BLA_Antagonist_ratio	logistic	MACCS	/home1/won0316/_RESEARCH/0817_Genotoxicity/1_Git_upload/ChemBAI/ToxCast_model/experiments/training/DART_MTL/logs/seed_multi/multi_TOX21_PR_BLA_Antagonist_ratio_logistic_MACCS.log	/home1/won0316/_RESEARCH/0817_Genotoxicity/1_Git_upload/ChemBAI/ToxCast_model/experiments/training/DART_MTL/results/backup/seed_0/TOX21_PR_BLA_Antagonist_ratio_logistic_MACCS/model.joblib
1	TOX21_PR_BLA_Antagonist_ratio	logistic	MACCS	/home1/won0316/_RESEARCH/0817_Genotoxicity/1_Git_upload/ChemBAI/ToxCast_model/experiments/training/DART_MTL/logs/seed_multi/multi_TOX21_PR_BLA_Antagonist_ratio_logistic_MACCS.log	/home1/won0316/_RESEARCH/0817_Genotoxicity/1_Git_upload/ChemBAI/ToxCast_model/experiments/training/DART_MTL/results/backup/seed_1/TOX21_PR_BLA_Antagonist_ratio_logistic_MACCS/model.joblib
2	TOX21_PR_BLA_Antagonist_ratio	logistic	MACCS	/home1/won0316/_RESEARCH/0817_Genotoxicity/1_Git_upload/ChemBAI/ToxCast_model/experiments/training/DART_MTL/logs/seed_multi/multi_TOX21_PR_BLA_Antagonist_ratio_logistic_MACCS.log	/home1/won0316/_RESEARCH/0817_Genotoxicity/1_Git_upload/ChemBAI/ToxCast_model/experiments/training/DART_MTL/results/backup/seed_2/TOX21_PR_BLA_Antagonist_ratio_logistic_MACCS/model.joblib
0	TOX21_PR_BLA_Antagonist_ratio	logistic	Morgan	/home1/won0316/_RESEARCH/0817_Genotoxicity/1_Git_upload/ChemBAI/ToxCast_model/experiments/training/DART_MTL/logs/seed_multi/multi_TOX21_PR_BLA_Antagonist_ratio_logistic_Morgan.log	/home1/won0316/_RESEARCH/0817_Genotoxicity/1_Git_upload/ChemBAI/ToxCast_model/experiments/training/DART_MTL/results/backup/seed_0/TOX21_PR_BLA_Antagonist_ratio_logistic_Morgan/model.joblib
1	TOX21_PR_BLA_Antagonist_ratio	logistic	Morgan	/home1/won0316/_RESEARCH/0817_Genotoxicity/1_Git_upload/ChemBAI/ToxCast_model/experiments/training/DART_MTL/logs/seed_multi/multi_TOX21_PR_BLA_Antagonist_ratio_logistic_Morgan.log	/home1/won0316/_RESEARCH/0817_Genotoxicity/1_Git_upload/ChemBAI/ToxCast_model/experiments/training/DART_MTL/results/backup/seed_1/TOX21_PR_BLA_Antagonist_ratio_logistic_Morgan/model.joblib
2	TOX21_PR_BLA_Antagonist_ratio	logistic	Morgan	/home1/won0316/_RESEARCH/0817_Genotoxicity/1_Git_upload/ChemBAI/ToxCast_model/experiments/training/DART_MTL/logs/seed_multi/multi_TOX21_PR_BLA_Antagonist_ratio_logistic_Morgan.log	/home1/won0316/_RESEARCH/0817_Genotoxicity/1_Git_upload/ChemBAI/ToxCast_model/experiments/training/DART_MTL/results/backup/seed_2/TOX21_PR_BLA_Antagonist_ratio_logistic_Morgan/model.joblib
0	TOX21_PR_BLA_Antagonist_ratio	logistic	Pattern	/home1/won0316/_RESEARCH/0817_Genotoxicity/1_Git_upload/ChemBAI/ToxCast_model/experiments/training/DART_MTL/logs/seed_multi/multi_TOX21_PR_BLA_Antagonist_ratio_logistic_Pattern.log	/home1/won0316/_RESEARCH/0817_Genotoxicity/1_Git_upload/ChemBAI/ToxCast_model/experiments/training/DART_MTL/results/backup/seed_0/TOX21_PR_BLA_Antagonist_ratio_logistic_Pattern/model.joblib
1	TOX21_PR_BLA_Antagonist_ratio	logistic	Pattern	/home1/won0316/_RESEARCH/0817_Genotoxicity/1_Git_upload/ChemBAI/ToxCast_model/experiments/training/DART_MTL/logs/seed_multi/multi_TOX21_PR_BLA_Antagonist_ratio_logistic_Pattern.log	/home1/won0316/_RESEARCH/0817_Genotoxicity/1_Git_upload/ChemBAI/ToxCast_model/experiments/training/DART_MTL/results/backup/seed_1/TOX21_PR_BLA_Antagonist_ratio_logistic_Pattern/model.joblib
2	TOX21_PR_BLA_Antagonist_ratio	logistic	Pattern	/home1/won0316/_RESEARCH/0817_Genotoxicity/1_Git_upload/ChemBAI/ToxCast_model/experiments/training/DART_MTL/logs/seed_multi/multi_TOX21_PR_BLA_Antagonist_ratio_logistic_Pattern.log	/home1/won0316/_RESEARCH/0817_Genotoxicity/1_Git_upload/ChemBAI/ToxCast_model/experiments/training/DART_MTL/results/backup/seed_2/TOX21_PR_BLA_Antagonist_ratio_logistic_Pattern/model.joblib
0	TOX21_PR_BLA_Antagonist_ratio	logistic	RDKit	/home1/won0316/_RESEARCH/0817_Genotoxicity/1_Git_upload/ChemBAI/ToxCast_model/experiments/training/DART_MTL/logs/seed_multi/multi_TOX21_PR_BLA_Antagonist_ratio_logistic_RDKit.log	/home1/won0316/_RESEARCH/0817_Genotoxicity/1_Git_upload/ChemBAI/ToxCast_model/experiments/training/DART_MTL/results/backup/seed_0/TOX21_PR_BLA_Antagonist_ratio_logistic_RDKit/model.joblib
1	TOX21_PR_BLA_Antagonist_ratio	logistic	RDKit	/home1/won0316/_RESEARCH/0817_Genotoxicity/1_Git_upload/ChemBAI/ToxCast_model/experiments/training/DART_MTL/logs/seed_multi/multi_TOX21_PR_BLA_Antagonist_ratio_logistic_RDKit.log	/home1/won0316/_RESEARCH/0817_Genotoxicity/1_Git_upload/ChemBAI/ToxCast_model/experiments/training/DART_MTL/results/backup/seed_1/TOX21_PR_BLA_Antagonist_ratio_logistic_RDKit/model.joblib
2	TOX21_PR_BLA_Antagonist_ratio	logistic	RDKit	/home1/won0316/_RESEARCH/0817_Genotoxicity/1_Git_upload/ChemBAI/ToxCast_model/experiments/training/DART_MTL/logs/seed_multi/multi_TOX21_PR_BLA_Antagonist_ratio_logistic_RDKit.log	/home1/won0316/_RESEARCH/0817_Genotoxicity/1_Git_upload/ChemBAI/ToxCast_model/experiments/training/DART_MTL/results/backup/seed_2/TOX21_PR_BLA_Antagonist_ratio_logistic_RDKit/model.joblib
0	TOX21_PR_BLA_Antagonist_ratio	rf	Layered	/home1/won0316/_RESEARCH/0817_Genotoxicity/1_Git_upload/ChemBAI/ToxCast_model/experiments/training/DART_MTL/logs/seed_multi/multi_TOX21_PR_BLA_Antagonist_ratio_rf_Layered.log	/home1/won0316/_RESEARCH/0817_Genotoxicity/1_Git_upload/ChemBAI/ToxCast_model/experiments/training/DART_MTL/results/backup/seed_0/TOX21_PR_BLA_Antagonist_ratio_rf_Layered/model.joblib
1	TOX21_PR_BLA_Antagonist_ratio	rf	Layered	/home1/won0316/_RESEARCH/0817_Genotoxicity/1_Git_upload/ChemBAI/ToxCast_model/experiments/training/DART_MTL/logs/seed_multi/multi_TOX21_PR_BLA_Antagonist_ratio_rf_Layered.log	/home1/won0316/_RESEARCH/0817_Genotoxicity/1_Git_upload/ChemBAI/ToxCast_model/experiments/training/DART_MTL/results/backup/seed_1/TOX21_PR_BLA_Antagonist_ratio_rf_Layered/model.joblib
2	TOX21_PR_BLA_Antagonist_ratio	rf	Layered	/home1/won0316/_RESEARCH/0817_Genotoxicity/1_Git_upload/ChemBAI/ToxCast_model/experiments/training/DART_MTL/logs/seed_multi/multi_TOX21_PR_BLA_Antagonist_ratio_rf_Layered.log	/home1/won0316/_RESEARCH/0817_Genotoxicity/1_Git_upload/ChemBAI/ToxCast_model/experiments/training/DART_MTL/results/backup/seed_2/TOX21_PR_BLA_Antagonist_ratio_rf_Layered/model.joblib
0	TOX21_PR_BLA_Antagonist_ratio	rf	MACCS	/home1/won0316/_RESEARCH/0817_Genotoxicity/1_Git_upload/ChemBAI/ToxCast_model/experiments/training/DART_MTL/logs/seed_multi/multi_TOX21_PR_BLA_Antagonist_ratio_rf_MACCS.log	/home1/won0316/_RESEARCH/0817_Genotoxicity/1_Git_upload/ChemBAI/ToxCast_model/experiments/training/DART_MTL/results/backup/seed_0/TOX21_PR_BLA_Antagonist_ratio_rf_MACCS/model.joblib
1	TOX21_PR_BLA_Antagonist_ratio	rf	MACCS	/home1/won0316/_RESEARCH/0817_Genotoxicity/1_Git_upload/ChemBAI/ToxCast_model/experiments/training/DART_MTL/logs/seed_multi/multi_TOX21_PR_BLA_Antagonist_ratio_rf_MACCS.log	/home1/won0316/_RESEARCH/0817_Genotoxicity/1_Git_upload/ChemBAI/ToxCast_model/experiments/training/DART_MTL/results/backup/seed_1/TOX21_PR_BLA_Antagonist_ratio_rf_MACCS/model.joblib
2	TOX21_PR_BLA_Antagonist_ratio	rf	MACCS	/home1/won0316/_RESEARCH/0817_Genotoxicity/1_Git_upload/ChemBAI/ToxCast_model/experiments/training/DART_MTL/logs/seed_multi/multi_TOX21_PR_BLA_Antagonist_ratio_rf_MACCS.log	/home1/won0316/_RESEARCH/0817_Genotoxicity/1_Git_upload/ChemBAI/ToxCast_model/experiments/training/DART_MTL/results/backup/seed_2/TOX21_PR_BLA_Antagonist_ratio_rf_MACCS/model.joblib
0	TOX21_PR_BLA_Antagonist_ratio	rf	Morgan	/home1/won0316/_RESEARCH/0817_Genotoxicity/1_Git_upload/ChemBAI/ToxCast_model/experiments/training/DART_MTL/logs/seed_multi/multi_TOX21_PR_BLA_Antagonist_ratio_rf_Morgan.log	/home1/won0316/_RESEARCH/0817_Genotoxicity/1_Git_upload/ChemBAI/ToxCast_model/experiments/training/DART_MTL/results/backup/seed_0/TOX21_PR_BLA_Antagonist_ratio_rf_Morgan/model.joblib
1	TOX21_PR_BLA_Antagonist_ratio	rf	Morgan	/home1/won0316/_RESEARCH/0817_Genotoxicity/1_Git_upload/ChemBAI/ToxCast_model/experiments/training/DART_MTL/logs/seed_multi/multi_TOX21_PR_BLA_Antagonist_ratio_rf_Morgan.log	/home1/won0316/_RESEARCH/0817_Genotoxicity/1_Git_upload/ChemBAI/ToxCast_model/experiments/training/DART_MTL/results/backup/seed_1/TOX21_PR_BLA_Antagonist_ratio_rf_Morgan/model.joblib
2	TOX21_PR_BLA_Antagonist_ratio	rf	Morgan	/home1/won0316/_RESEARCH/0817_Genotoxicity/1_Git_upload/ChemBAI/ToxCast_model/experiments/training/DART_MTL/logs/seed_multi/multi_TOX21_PR_BLA_Antagonist_ratio_rf_Morgan.log	/home1/won0316/_RESEARCH/0817_Genotoxicity/1_Git_upload/ChemBAI/ToxCast_model/experiments/training/DART_MTL/results/backup/seed_2/TOX21_PR_BLA_Antagonist_ratio_rf_Morgan/model.joblib
0	TOX21_PR_BLA_Antagonist_ratio	rf	Pattern	/home1/won0316/_RESEARCH/0817_Genotoxicity/1_Git_upload/ChemBAI/ToxCast_model/experiments/training/DART_MTL/logs/seed_multi/multi_TOX21_PR_BLA_Antagonist_ratio_rf_Pattern.log	/home1/won0316/_RESEARCH/0817_Genotoxicity/1_Git_upload/ChemBAI/ToxCast_model/experiments/training/DART_MTL/results/backup/seed_0/TOX21_PR_BLA_Antagonist_ratio_rf_Pattern/model.joblib
1	TOX21_PR_BLA_Antagonist_ratio	rf	Pattern	/home1/won0316/_RESEARCH/0817_Genotoxicity/1_Git_upload/ChemBAI/ToxCast_model/experiments/training/DART_MTL/logs/seed_multi/multi_TOX21_PR_BLA_Antagonist_ratio_rf_Pattern.log	/home1/won0316/_RESEARCH/0817_Genotoxicity/1_Git_upload/ChemBAI/ToxCast_model/experiments/training/DART_MTL/results/backup/seed_1/TOX21_PR_BLA_Antagonist_ratio_rf_Pattern/model.joblib
2	TOX21_PR_BLA_Antagonist_ratio	rf	Pattern	/home1/won0316/_RESEARCH/0817_Genotoxicity/1_Git_upload/ChemBAI/ToxCast_model/experiments/training/DART_MTL/logs/seed_multi/multi_TOX21_PR_BLA_Antagonist_ratio_rf_Pattern.log	/home1/won0316/_RESEARCH/0817_Genotoxicity/1_Git_upload/ChemBAI/ToxCast_model/experiments/training/DART_MTL/results/backup/seed_2/TOX21_PR_BLA_Antagonist_ratio_rf_Pattern/model.joblib
0	TOX21_PR_BLA_Antagonist_ratio	rf	RDKit	/home1/won0316/_RESEARCH/0817_Genotoxicity/1_Git_upload/ChemBAI/ToxCast_model/experiments/training/DART_MTL/logs/seed_multi/multi_TOX21_PR_BLA_Antagonist_ratio_rf_RDKit.log	/home1/won0316/_RESEARCH/0817_Genotoxicity/1_Git_upload/ChemBAI/ToxCast_model/experiments/training/DART_MTL/results/backup/seed_0/TOX21_PR_BLA_Antagonist_ratio_rf_RDKit/model.joblib
1	TOX21_PR_BLA_Antagonist_ratio	rf	RDKit	/home1/won0316/_RESEARCH/0817_Genotoxicity/1_Git_upload/ChemBAI/ToxCast_model/experiments/training/DART_MTL/logs/seed_multi/multi_TOX21_PR_BLA_Antagonist_ratio_rf_RDKit.log	/home1/won0316/_RESEARCH/0817_Genotoxicity/1_Git_upload/ChemBAI/ToxCast_model/experiments/training/DART_MTL/results/backup/seed_1/TOX21_PR_BLA_Antagonist_ratio_rf_RDKit/model.joblib
2	TOX21_PR_BLA_Antagonist_ratio	rf	RDKit	/home1/won0316/_RESEARCH/0817_Genotoxicity/1_Git_upload/ChemBAI/ToxCast_model/experiments/training/DART_MTL/logs/seed_multi/multi_TOX21_PR_BLA_Antagonist_ratio_rf_RDKit.log	/home1/won0316/_RESEARCH/0817_Genotoxicity/1_Git_upload/ChemBAI/ToxCast_model/experiments/training/DART_MTL/results/backup/seed_2/TOX21_PR_BLA_Antagonist_ratio_rf_RDKit/model.joblib
0	TOX21_PR_BLA_Antagonist_ratio	xgb	Layered	/home1/won0316/_RESEARCH/0817_Genotoxicity/1_Git_upload/ChemBAI/ToxCast_model/experiments/training/DART_MTL/logs/seed_multi/multi_TOX21_PR_BLA_Antagonist_ratio_xgb_Layered.log	/home1/won0316/_RESEARCH/0817_Genotoxicity/1_Git_upload/ChemBAI/ToxCast_model/experiments/training/DART_MTL/results/backup/seed_0/TOX21_PR_BLA_Antagonist_ratio_xgb_Layered/model.joblib
1	TOX21_PR_BLA_Antagonist_ratio	xgb	Layered	/home1/won0316/_RESEARCH/0817_Genotoxicity/1_Git_upload/ChemBAI/ToxCast_model/experiments/training/DART_MTL/logs/seed_multi/multi_TOX21_PR_BLA_Antagonist_ratio_xgb_Layered.log	/home1/won0316/_RESEARCH/0817_Genotoxicity/1_Git_upload/ChemBAI/ToxCast_model/experiments/training/DART_MTL/results/backup/seed_1/TOX21_PR_BLA_Antagonist_ratio_xgb_Layered/model.joblib
2	TOX21_PR_BLA_Antagonist_ratio	xgb	Layered	/home1/won0316/_RESEARCH/0817_Genotoxicity/1_Git_upload/ChemBAI/ToxCast_model/experiments/training/DART_MTL/logs/seed_multi/multi_TOX21_PR_BLA_Antagonist_ratio_xgb_Layered.log	/home1/won0316/_RESEARCH/0817_Genotoxicity/1_Git_upload/ChemBAI/ToxCast_model/experiments/training/DART_MTL/results/backup/seed_2/TOX21_PR_BLA_Antagonist_ratio_xgb_Layered/model.joblib
0	TOX21_PR_BLA_Antagonist_ratio	xgb	MACCS	/home1/won0316/_RESEARCH/0817_Genotoxicity/1_Git_upload/ChemBAI/ToxCast_model/experiments/training/DART_MTL/logs/seed_multi/multi_TOX21_PR_BLA_Antagonist_ratio_xgb_MACCS.log	/home1/won0316/_RESEARCH/0817_Genotoxicity/1_Git_upload/ChemBAI/ToxCast_model/experiments/training/DART_MTL/results/backup/seed_0/TOX21_PR_BLA_Antagonist_ratio_xgb_MACCS/model.joblib
1	TOX21_PR_BLA_Antagonist_ratio	xgb	MACCS	/home1/won0316/_RESEARCH/0817_Genotoxicity/1_Git_upload/ChemBAI/ToxCast_model/experiments/training/DART_MTL/logs/seed_multi/multi_TOX21_PR_BLA_Antagonist_ratio_xgb_MACCS.log	/home1/won0316/_RESEARCH/0817_Genotoxicity/1_Git_upload/ChemBAI/ToxCast_model/experiments/training/DART_MTL/results/backup/seed_1/TOX21_PR_BLA_Antagonist_ratio_xgb_MACCS/model.joblib
2	TOX21_PR_BLA_Antagonist_ratio	xgb	MACCS	/home1/won0316/_RESEARCH/0817_Genotoxicity/1_Git_upload/ChemBAI/ToxCast_model/experiments/training/DART_MTL/logs/seed_multi/multi_TOX21_PR_BLA_Antagonist_ratio_xgb_MACCS.log	/home1/won0316/_RESEARCH/0817_Genotoxicity/1_Git_upload/ChemBAI/ToxCast_model/experiments/training/DART_MTL/results/backup/seed_2/TOX21_PR_BLA_Antagonist_ratio_xgb_MACCS/model.joblib
0	TOX21_PR_BLA_Antagonist_ratio	xgb	Morgan	/home1/won0316/_RESEARCH/0817_Genotoxicity/1_Git_upload/ChemBAI/ToxCast_model/experiments/training/DART_MTL/logs/seed_multi/multi_TOX21_PR_BLA_Antagonist_ratio_xgb_Morgan.log	/home1/won0316/_RESEARCH/0817_Genotoxicity/1_Git_upload/ChemBAI/ToxCast_model/experiments/training/DART_MTL/results/backup/seed_0/TOX21_PR_BLA_Antagonist_ratio_xgb_Morgan/model.joblib
1	TOX21_PR_BLA_Antagonist_ratio	xgb	Morgan	/home1/won0316/_RESEARCH/0817_Genotoxicity/1_Git_upload/ChemBAI/ToxCast_model/experiments/training/DART_MTL/logs/seed_multi/multi_TOX21_PR_BLA_Antagonist_ratio_xgb_Morgan.log	/home1/won0316/_RESEARCH/0817_Genotoxicity/1_Git_upload/ChemBAI/ToxCast_model/experiments/training/DART_MTL/results/backup/seed_1/TOX21_PR_BLA_Antagonist_ratio_xgb_Morgan/model.joblib
2	TOX21_PR_BLA_Antagonist_ratio	xgb	Morgan	/home1/won0316/_RESEARCH/0817_Genotoxicity/1_Git_upload/ChemBAI/ToxCast_model/experiments/training/DART_MTL/logs/seed_multi/multi_TOX21_PR_BLA_Antagonist_ratio_xgb_Morgan.log	/home1/won0316/_RESEARCH/0817_Genotoxicity/1_Git_upload/ChemBAI/ToxCast_model/experiments/training/DART_MTL/results/backup/seed_2/TOX21_PR_BLA_Antagonist_ratio_xgb_Morgan/model.joblib
0	TOX21_PR_BLA_Antagonist_ratio	xgb	Pattern	/home1/won0316/_RESEARCH/0817_Genotoxicity/1_Git_upload/ChemBAI/ToxCast_model/experiments/training/DART_MTL/logs/seed_multi/multi_TOX21_PR_BLA_Antagonist_ratio_xgb_Pattern.log	/home1/won0316/_RESEARCH/0817_Genotoxicity/1_Git_upload/ChemBAI/ToxCast_model/experiments/training/DART_MTL/results/backup/seed_0/TOX21_PR_BLA_Antagonist_ratio_xgb_Pattern/model.joblib
1	TOX21_PR_BLA_Antagonist_ratio	xgb	Pattern	/home1/won0316/_RESEARCH/0817_Genotoxicity/1_Git_upload/ChemBAI/ToxCast_model/experiments/training/DART_MTL/logs/seed_multi/multi_TOX21_PR_BLA_Antagonist_ratio_xgb_Pattern.log	/home1/won0316/_RESEARCH/0817_Genotoxicity/1_Git_upload/ChemBAI/ToxCast_model/experiments/training/DART_MTL/results/backup/seed_1/TOX21_PR_BLA_Antagonist_ratio_xgb_Pattern/model.joblib
2	TOX21_PR_BLA_Antagonist_ratio	xgb	Pattern	/home1/won0316/_RESEARCH/0817_Genotoxicity/1_Git_upload/ChemBAI/ToxCast_model/experiments/training/DART_MTL/logs/seed_multi/multi_TOX21_PR_BLA_Antagonist_ratio_xgb_Pattern.log	/home1/won0316/_RESEARCH/0817_Genotoxicity/1_Git_upload/ChemBAI/ToxCast_model/experiments/training/DART_MTL/results/backup/seed_2/TOX21_PR_BLA_Antagonist_ratio_xgb_Pattern/model.joblib
0	TOX21_PR_BLA_Antagonist_ratio	xgb	RDKit	/home1/won0316/_RESEARCH/0817_Genotoxicity/1_Git_upload/ChemBAI/ToxCast_model/experiments/training/DART_MTL/logs/seed_multi/multi_TOX21_PR_BLA_Antagonist_ratio_xgb_RDKit.log	/home1/won0316/_RESEARCH/0817_Genotoxicity/1_Git_upload/ChemBAI/ToxCast_model/experiments/training/DART_MTL/results/backup/seed_0/TOX21_PR_BLA_Antagonist_ratio_xgb_RDKit/model.joblib
1	TOX21_PR_BLA_Antagonist_ratio	xgb	RDKit	/home1/won0316/_RESEARCH/0817_Genotoxicity/1_Git_upload/ChemBAI/ToxCast_model/experiments/training/DART_MTL/logs/seed_multi/multi_TOX21_PR_BLA_Antagonist_ratio_xgb_RDKit.log	/home1/won0316/_RESEARCH/0817_Genotoxicity/1_Git_upload/ChemBAI/ToxCast_model/experiments/training/DART_MTL/results/backup/seed_1/TOX21_PR_BLA_Antagonist_ratio_xgb_RDKit/model.joblib
2	TOX21_PR_BLA_Antagonist_ratio	xgb	RDKit	/home1/won0316/_RESEARCH/0817_Genotoxicity/1_Git_upload/ChemBAI/ToxCast_model/experiments/training/DART_MTL/logs/seed_multi/multi_TOX21_PR_BLA_Antagonist_ratio_xgb_RDKit.log	/home1/won0316/_RESEARCH/0817_Genotoxicity/1_Git_upload/ChemBAI/ToxCast_model/experiments/training/DART_MTL/results/backup/seed_2/TOX21_PR_BLA_Antagonist_ratio_xgb_RDKit/model.joblib
0	TOX21_ERa_LUC_VM7_Agonist_10nM_ICI182780	dt	Layered	/home1/won0316/_RESEARCH/0817_Genotoxicity/1_Git_upload/ChemBAI/ToxCast_model/experiments/training/DART_MTL/logs/seed_multi/multi_TOX21_ERa_LUC_VM7_Agonist_10nM_ICI182780_dt_Layered.log	/home1/won0316/_RESEARCH/0817_Genotoxicity/1_Git_upload/ChemBAI/ToxCast_model/experiments/training/DART_MTL/results/backup/seed_0/TOX21_ERa_LUC_VM7_Agonist_10nM_ICI182780_dt_Layered/model.joblib
1	TOX21_ERa_LUC_VM7_Agonist_10nM_ICI182780	dt	Layered	/home1/won0316/_RESEARCH/0817_Genotoxicity/1_Git_upload/ChemBAI/ToxCast_model/experiments/training/DART_MTL/logs/seed_multi/multi_TOX21_ERa_LUC_VM7_Agonist_10nM_ICI182780_dt_Layered.log	/home1/won0316/_RESEARCH/0817_Genotoxicity/1_Git_upload/ChemBAI/ToxCast_model/experiments/training/DART_MTL/results/backup/seed_1/TOX21_ERa_LUC_VM7_Agonist_10nM_ICI182780_dt_Layered/model.joblib
2	TOX21_ERa_LUC_VM7_Agonist_10nM_ICI182780	dt	Layered	/home1/won0316/_RESEARCH/0817_Genotoxicity/1_Git_upload/ChemBAI/ToxCast_model/experiments/training/DART_MTL/logs/seed_multi/multi_TOX21_ERa_LUC_VM7_Agonist_10nM_ICI182780_dt_Layered.log	/home1/won0316/_RESEARCH/0817_Genotoxicity/1_Git_upload/ChemBAI/ToxCast_model/experiments/training/DART_MTL/results/backup/seed_2/TOX21_ERa_LUC_VM7_Agonist_10nM_ICI182780_dt_Layered/model.joblib
0	TOX21_ERa_LUC_VM7_Agonist_10nM_ICI182780	dt	MACCS	/home1/won0316/_RESEARCH/0817_Genotoxicity/1_Git_upload/ChemBAI/ToxCast_model/experiments/training/DART_MTL/logs/seed_multi/multi_TOX21_ERa_LUC_VM7_Agonist_10nM_ICI182780_dt_MACCS.log	/home1/won0316/_RESEARCH/0817_Genotoxicity/1_Git_upload/ChemBAI/ToxCast_model/experiments/training/DART_MTL/results/backup/seed_0/TOX21_ERa_LUC_VM7_Agonist_10nM_ICI182780_dt_MACCS/model.joblib
1	TOX21_ERa_LUC_VM7_Agonist_10nM_ICI182780	dt	MACCS	/home1/won0316/_RESEARCH/0817_Genotoxicity/1_Git_upload/ChemBAI/ToxCast_model/experiments/training/DART_MTL/logs/seed_multi/multi_TOX21_ERa_LUC_VM7_Agonist_10nM_ICI182780_dt_MACCS.log	/home1/won0316/_RESEARCH/0817_Genotoxicity/1_Git_upload/ChemBAI/ToxCast_model/experiments/training/DART_MTL/results/backup/seed_1/TOX21_ERa_LUC_VM7_Agonist_10nM_ICI182780_dt_MACCS/model.joblib
2	TOX21_ERa_LUC_VM7_Agonist_10nM_ICI182780	dt	MACCS	/home1/won0316/_RESEARCH/0817_Genotoxicity/1_Git_upload/ChemBAI/ToxCast_model/experiments/training/DART_MTL/logs/seed_multi/multi_TOX21_ERa_LUC_VM7_Agonist_10nM_ICI182780_dt_MACCS.log	/home1/won0316/_RESEARCH/0817_Genotoxicity/1_Git_upload/ChemBAI/ToxCast_model/experiments/training/DART_MTL/results/backup/seed_2/TOX21_ERa_LUC_VM7_Agonist_10nM_ICI182780_dt_MACCS/model.joblib
0	TOX21_ERa_LUC_VM7_Agonist_10nM_ICI182780	dt	Morgan	/home1/won0316/_RESEARCH/0817_Genotoxicity/1_Git_upload/ChemBAI/ToxCast_model/experiments/training/DART_MTL/logs/seed_multi/multi_TOX21_ERa_LUC_VM7_Agonist_10nM_ICI182780_dt_Morgan.log	/home1/won0316/_RESEARCH/0817_Genotoxicity/1_Git_upload/ChemBAI/ToxCast_model/experiments/training/DART_MTL/results/backup/seed_0/TOX21_ERa_LUC_VM7_Agonist_10nM_ICI182780_dt_Morgan/model.joblib
1	TOX21_ERa_LUC_VM7_Agonist_10nM_ICI182780	dt	Morgan	/home1/won0316/_RESEARCH/0817_Genotoxicity/1_Git_upload/ChemBAI/ToxCast_model/experiments/training/DART_MTL/logs/seed_multi/multi_TOX21_ERa_LUC_VM7_Agonist_10nM_ICI182780_dt_Morgan.log	/home1/won0316/_RESEARCH/0817_Genotoxicity/1_Git_upload/ChemBAI/ToxCast_model/experiments/training/DART_MTL/results/backup/seed_1/TOX21_ERa_LUC_VM7_Agonist_10nM_ICI182780_dt_Morgan/model.joblib
2	TOX21_ERa_LUC_VM7_Agonist_10nM_ICI182780	dt	Morgan	/home1/won0316/_RESEARCH/0817_Genotoxicity/1_Git_upload/ChemBAI/ToxCast_model/experiments/training/DART_MTL/logs/seed_multi/multi_TOX21_ERa_LUC_VM7_Agonist_10nM_ICI182780_dt_Morgan.log	/home1/won0316/_RESEARCH/0817_Genotoxicity/1_Git_upload/ChemBAI/ToxCast_model/experiments/training/DART_MTL/results/backup/seed_2/TOX21_ERa_LUC_VM7_Agonist_10nM_ICI182780_dt_Morgan/model.joblib
0	TOX21_ERa_LUC_VM7_Agonist_10nM_ICI182780	dt	Pattern	/home1/won0316/_RESEARCH/0817_Genotoxicity/1_Git_upload/ChemBAI/ToxCast_model/experiments/training/DART_MTL/logs/seed_multi/multi_TOX21_ERa_LUC_VM7_Agonist_10nM_ICI182780_dt_Pattern.log	/home1/won0316/_RESEARCH/0817_Genotoxicity/1_Git_upload/ChemBAI/ToxCast_model/experiments/training/DART_MTL/results/backup/seed_0/TOX21_ERa_LUC_VM7_Agonist_10nM_ICI182780_dt_Pattern/model.joblib
1	TOX21_ERa_LUC_VM7_Agonist_10nM_ICI182780	dt	Pattern	/home1/won0316/_RESEARCH/0817_Genotoxicity/1_Git_upload/ChemBAI/ToxCast_model/experiments/training/DART_MTL/logs/seed_multi/multi_TOX21_ERa_LUC_VM7_Agonist_10nM_ICI182780_dt_Pattern.log	/home1/won0316/_RESEARCH/0817_Genotoxicity/1_Git_upload/ChemBAI/ToxCast_model/experiments/training/DART_MTL/results/backup/seed_1/TOX21_ERa_LUC_VM7_Agonist_10nM_ICI182780_dt_Pattern/model.joblib
2	TOX21_ERa_LUC_VM7_Agonist_10nM_ICI182780	dt	Pattern	/home1/won0316/_RESEARCH/0817_Genotoxicity/1_Git_upload/ChemBAI/ToxCast_model/experiments/training/DART_MTL/logs/seed_multi/multi_TOX21_ERa_LUC_VM7_Agonist_10nM_ICI182780_dt_Pattern.log	/home1/won0316/_RESEARCH/0817_Genotoxicity/1_Git_upload/ChemBAI/ToxCast_model/experiments/training/DART_MTL/results/backup/seed_2/TOX21_ERa_LUC_VM7_Agonist_10nM_ICI182780_dt_Pattern/model.joblib
0	TOX21_ERa_LUC_VM7_Agonist_10nM_ICI182780	dt	RDKit	/home1/won0316/_RESEARCH/0817_Genotoxicity/1_Git_upload/ChemBAI/ToxCast_model/experiments/training/DART_MTL/logs/seed_multi/multi_TOX21_ERa_LUC_VM7_Agonist_10nM_ICI182780_dt_RDKit.log	/home1/won0316/_RESEARCH/0817_Genotoxicity/1_Git_upload/ChemBAI/ToxCast_model/experiments/training/DART_MTL/results/backup/seed_0/TOX21_ERa_LUC_VM7_Agonist_10nM_ICI182780_dt_RDKit/model.joblib
1	TOX21_ERa_LUC_VM7_Agonist_10nM_ICI182780	dt	RDKit	/home1/won0316/_RESEARCH/0817_Genotoxicity/1_Git_upload/ChemBAI/ToxCast_model/experiments/training/DART_MTL/logs/seed_multi/multi_TOX21_ERa_LUC_VM7_Agonist_10nM_ICI182780_dt_RDKit.log	/home1/won0316/_RESEARCH/0817_Genotoxicity/1_Git_upload/ChemBAI/ToxCast_model/experiments/training/DART_MTL/results/backup/seed_1/TOX21_ERa_LUC_VM7_Agonist_10nM_ICI182780_dt_RDKit/model.joblib
2	TOX21_ERa_LUC_VM7_Agonist_10nM_ICI182780	dt	RDKit	/home1/won0316/_RESEARCH/0817_Genotoxicity/1_Git_upload/ChemBAI/ToxCast_model/experiments/training/DART_MTL/logs/seed_multi/multi_TOX21_ERa_LUC_VM7_Agonist_10nM_ICI182780_dt_RDKit.log	/home1/won0316/_RESEARCH/0817_Genotoxicity/1_Git_upload/ChemBAI/ToxCast_model/experiments/training/DART_MTL/results/backup/seed_2/TOX21_ERa_LUC_VM7_Agonist_10nM_ICI182780_dt_RDKit/model.joblib
0	TOX21_ERa_LUC_VM7_Agonist_10nM_ICI182780	gbt	Layered	/home1/won0316/_RESEARCH/0817_Genotoxicity/1_Git_upload/ChemBAI/ToxCast_model/experiments/training/DART_MTL/logs/seed_multi/multi_TOX21_ERa_LUC_VM7_Agonist_10nM_ICI182780_gbt_Layered.log	/home1/won0316/_RESEARCH/0817_Genotoxicity/1_Git_upload/ChemBAI/ToxCast_model/experiments/training/DART_MTL/results/backup/seed_0/TOX21_ERa_LUC_VM7_Agonist_10nM_ICI182780_gbt_Layered/model.joblib
1	TOX21_ERa_LUC_VM7_Agonist_10nM_ICI182780	gbt	Layered	/home1/won0316/_RESEARCH/0817_Genotoxicity/1_Git_upload/ChemBAI/ToxCast_model/experiments/training/DART_MTL/logs/seed_multi/multi_TOX21_ERa_LUC_VM7_Agonist_10nM_ICI182780_gbt_Layered.log	/home1/won0316/_RESEARCH/0817_Genotoxicity/1_Git_upload/ChemBAI/ToxCast_model/experiments/training/DART_MTL/results/backup/seed_1/TOX21_ERa_LUC_VM7_Agonist_10nM_ICI182780_gbt_Layered/model.joblib
2	TOX21_ERa_LUC_VM7_Agonist_10nM_ICI182780	gbt	Layered	/home1/won0316/_RESEARCH/0817_Genotoxicity/1_Git_upload/ChemBAI/ToxCast_model/experiments/training/DART_MTL/logs/seed_multi/multi_TOX21_ERa_LUC_VM7_Agonist_10nM_ICI182780_gbt_Layered.log	/home1/won0316/_RESEARCH/0817_Genotoxicity/1_Git_upload/ChemBAI/ToxCast_model/experiments/training/DART_MTL/results/backup/seed_2/TOX21_ERa_LUC_VM7_Agonist_10nM_ICI182780_gbt_Layered/model.joblib
0	TOX21_ERa_LUC_VM7_Agonist_10nM_ICI182780	gbt	MACCS	/home1/won0316/_RESEARCH/0817_Genotoxicity/1_Git_upload/ChemBAI/ToxCast_model/experiments/training/DART_MTL/logs/seed_multi/multi_TOX21_ERa_LUC_VM7_Agonist_10nM_ICI182780_gbt_MACCS.log	/home1/won0316/_RESEARCH/0817_Genotoxicity/1_Git_upload/ChemBAI/ToxCast_model/experiments/training/DART_MTL/results/backup/seed_0/TOX21_ERa_LUC_VM7_Agonist_10nM_ICI182780_gbt_MACCS/model.joblib
1	TOX21_ERa_LUC_VM7_Agonist_10nM_ICI182780	gbt	MACCS	/home1/won0316/_RESEARCH/0817_Genotoxicity/1_Git_upload/ChemBAI/ToxCast_model/experiments/training/DART_MTL/logs/seed_multi/multi_TOX21_ERa_LUC_VM7_Agonist_10nM_ICI182780_gbt_MACCS.log	/home1/won0316/_RESEARCH/0817_Genotoxicity/1_Git_upload/ChemBAI/ToxCast_model/experiments/training/DART_MTL/results/backup/seed_1/TOX21_ERa_LUC_VM7_Agonist_10nM_ICI182780_gbt_MACCS/model.joblib
2	TOX21_ERa_LUC_VM7_Agonist_10nM_ICI182780	gbt	MACCS	/home1/won0316/_RESEARCH/0817_Genotoxicity/1_Git_upload/ChemBAI/ToxCast_model/experiments/training/DART_MTL/logs/seed_multi/multi_TOX21_ERa_LUC_VM7_Agonist_10nM_ICI182780_gbt_MACCS.log	/home1/won0316/_RESEARCH/0817_Genotoxicity/1_Git_upload/ChemBAI/ToxCast_model/experiments/training/DART_MTL/results/backup/seed_2/TOX21_ERa_LUC_VM7_Agonist_10nM_ICI182780_gbt_MACCS/model.joblib
0	TOX21_ERa_LUC_VM7_Agonist_10nM_ICI182780	gbt	Morgan	/home1/won0316/_RESEARCH/0817_Genotoxicity/1_Git_upload/ChemBAI/ToxCast_model/experiments/training/DART_MTL/logs/seed_multi/multi_TOX21_ERa_LUC_VM7_Agonist_10nM_ICI182780_gbt_Morgan.log	/home1/won0316/_RESEARCH/0817_Genotoxicity/1_Git_upload/ChemBAI/ToxCast_model/experiments/training/DART_MTL/results/backup/seed_0/TOX21_ERa_LUC_VM7_Agonist_10nM_ICI182780_gbt_Morgan/model.joblib
1	TOX21_ERa_LUC_VM7_Agonist_10nM_ICI182780	gbt	Morgan	/home1/won0316/_RESEARCH/0817_Genotoxicity/1_Git_upload/ChemBAI/ToxCast_model/experiments/training/DART_MTL/logs/seed_multi/multi_TOX21_ERa_LUC_VM7_Agonist_10nM_ICI182780_gbt_Morgan.log	/home1/won0316/_RESEARCH/0817_Genotoxicity/1_Git_upload/ChemBAI/ToxCast_model/experiments/training/DART_MTL/results/backup/seed_1/TOX21_ERa_LUC_VM7_Agonist_10nM_ICI182780_gbt_Morgan/model.joblib
2	TOX21_ERa_LUC_VM7_Agonist_10nM_ICI182780	gbt	Morgan	/home1/won0316/_RESEARCH/0817_Genotoxicity/1_Git_upload/ChemBAI/ToxCast_model/experiments/training/DART_MTL/logs/seed_multi/multi_TOX21_ERa_LUC_VM7_Agonist_10nM_ICI182780_gbt_Morgan.log	/home1/won0316/_RESEARCH/0817_Genotoxicity/1_Git_upload/ChemBAI/ToxCast_model/experiments/training/DART_MTL/results/backup/seed_2/TOX21_ERa_LUC_VM7_Agonist_10nM_ICI182780_gbt_Morgan/model.joblib
0	TOX21_ERa_LUC_VM7_Agonist_10nM_ICI182780	gbt	Pattern	/home1/won0316/_RESEARCH/0817_Genotoxicity/1_Git_upload/ChemBAI/ToxCast_model/experiments/training/DART_MTL/logs/seed_multi/multi_TOX21_ERa_LUC_VM7_Agonist_10nM_ICI182780_gbt_Pattern.log	/home1/won0316/_RESEARCH/0817_Genotoxicity/1_Git_upload/ChemBAI/ToxCast_model/experiments/training/DART_MTL/results/backup/seed_0/TOX21_ERa_LUC_VM7_Agonist_10nM_ICI182780_gbt_Pattern/model.joblib
1	TOX21_ERa_LUC_VM7_Agonist_10nM_ICI182780	gbt	Pattern	/home1/won0316/_RESEARCH/0817_Genotoxicity/1_Git_upload/ChemBAI/ToxCast_model/experiments/training/DART_MTL/logs/seed_multi/multi_TOX21_ERa_LUC_VM7_Agonist_10nM_ICI182780_gbt_Pattern.log	/home1/won0316/_RESEARCH/0817_Genotoxicity/1_Git_upload/ChemBAI/ToxCast_model/experiments/training/DART_MTL/results/backup/seed_1/TOX21_ERa_LUC_VM7_Agonist_10nM_ICI182780_gbt_Pattern/model.joblib
2	TOX21_ERa_LUC_VM7_Agonist_10nM_ICI182780	gbt	Pattern	/home1/won0316/_RESEARCH/0817_Genotoxicity/1_Git_upload/ChemBAI/ToxCast_model/experiments/training/DART_MTL/logs/seed_multi/multi_TOX21_ERa_LUC_VM7_Agonist_10nM_ICI182780_gbt_Pattern.log	/home1/won0316/_RESEARCH/0817_Genotoxicity/1_Git_upload/ChemBAI/ToxCast_model/experiments/training/DART_MTL/results/backup/seed_2/TOX21_ERa_LUC_VM7_Agonist_10nM_ICI182780_gbt_Pattern/model.joblib
0	TOX21_ERa_LUC_VM7_Agonist_10nM_ICI182780	gbt	RDKit	/home1/won0316/_RESEARCH/0817_Genotoxicity/1_Git_upload/ChemBAI/ToxCast_model/experiments/training/DART_MTL/logs/seed_multi/multi_TOX21_ERa_LUC_VM7_Agonist_10nM_ICI182780_gbt_RDKit.log	/home1/won0316/_RESEARCH/0817_Genotoxicity/1_Git_upload/ChemBAI/ToxCast_model/experiments/training/DART_MTL/results/backup/seed_0/TOX21_ERa_LUC_VM7_Agonist_10nM_ICI182780_gbt_RDKit/model.joblib
1	TOX21_ERa_LUC_VM7_Agonist_10nM_ICI182780	gbt	RDKit	/home1/won0316/_RESEARCH/0817_Genotoxicity/1_Git_upload/ChemBAI/ToxCast_model/experiments/training/DART_MTL/logs/seed_multi/multi_TOX21_ERa_LUC_VM7_Agonist_10nM_ICI182780_gbt_RDKit.log	/home1/won0316/_RESEARCH/0817_Genotoxicity/1_Git_upload/ChemBAI/ToxCast_model/experiments/training/DART_MTL/results/backup/seed_1/TOX21_ERa_LUC_VM7_Agonist_10nM_ICI182780_gbt_RDKit/model.joblib
2	TOX21_ERa_LUC_VM7_Agonist_10nM_ICI182780	gbt	RDKit	/home1/won0316/_RESEARCH/0817_Genotoxicity/1_Git_upload/ChemBAI/ToxCast_model/experiments/training/DART_MTL/logs/seed_multi/multi_TOX21_ERa_LUC_VM7_Agonist_10nM_ICI182780_gbt_RDKit.log	/home1/won0316/_RESEARCH/0817_Genotoxicity/1_Git_upload/ChemBAI/ToxCast_model/experiments/training/DART_MTL/results/backup/seed_2/TOX21_ERa_LUC_VM7_Agonist_10nM_ICI182780_gbt_RDKit/model.joblib
0	TOX21_ERa_LUC_VM7_Agonist_10nM_ICI182780	logistic	Layered	/home1/won0316/_RESEARCH/0817_Genotoxicity/1_Git_upload/ChemBAI/ToxCast_model/experiments/training/DART_MTL/logs/seed_multi/multi_TOX21_ERa_LUC_VM7_Agonist_10nM_ICI182780_logistic_Layered.log	/home1/won0316/_RESEARCH/0817_Genotoxicity/1_Git_upload/ChemBAI/ToxCast_model/experiments/training/DART_MTL/results/backup/seed_0/TOX21_ERa_LUC_VM7_Agonist_10nM_ICI182780_logistic_Layered/model.joblib
1	TOX21_ERa_LUC_VM7_Agonist_10nM_ICI182780	logistic	Layered	/home1/won0316/_RESEARCH/0817_Genotoxicity/1_Git_upload/ChemBAI/ToxCast_model/experiments/training/DART_MTL/logs/seed_multi/multi_TOX21_ERa_LUC_VM7_Agonist_10nM_ICI182780_logistic_Layered.log	/home1/won0316/_RESEARCH/0817_Genotoxicity/1_Git_upload/ChemBAI/ToxCast_model/experiments/training/DART_MTL/results/backup/seed_1/TOX21_ERa_LUC_VM7_Agonist_10nM_ICI182780_logistic_Layered/model.joblib
2	TOX21_ERa_LUC_VM7_Agonist_10nM_ICI182780	logistic	Layered	/home1/won0316/_RESEARCH/0817_Genotoxicity/1_Git_upload/ChemBAI/ToxCast_model/experiments/training/DART_MTL/logs/seed_multi/multi_TOX21_ERa_LUC_VM7_Agonist_10nM_ICI182780_logistic_Layered.log	/home1/won0316/_RESEARCH/0817_Genotoxicity/1_Git_upload/ChemBAI/ToxCast_model/experiments/training/DART_MTL/results/backup/seed_2/TOX21_ERa_LUC_VM7_Agonist_10nM_ICI182780_logistic_Layered/model.joblib
0	TOX21_ERa_LUC_VM7_Agonist_10nM_ICI182780	logistic	MACCS	/home1/won0316/_RESEARCH/0817_Genotoxicity/1_Git_upload/ChemBAI/ToxCast_model/experiments/training/DART_MTL/logs/seed_multi/multi_TOX21_ERa_LUC_VM7_Agonist_10nM_ICI182780_logistic_MACCS.log	/home1/won0316/_RESEARCH/0817_Genotoxicity/1_Git_upload/ChemBAI/ToxCast_model/experiments/training/DART_MTL/results/backup/seed_0/TOX21_ERa_LUC_VM7_Agonist_10nM_ICI182780_logistic_MACCS/model.joblib
1	TOX21_ERa_LUC_VM7_Agonist_10nM_ICI182780	logistic	MACCS	/home1/won0316/_RESEARCH/0817_Genotoxicity/1_Git_upload/ChemBAI/ToxCast_model/experiments/training/DART_MTL/logs/seed_multi/multi_TOX21_ERa_LUC_VM7_Agonist_10nM_ICI182780_logistic_MACCS.log	/home1/won0316/_RESEARCH/0817_Genotoxicity/1_Git_upload/ChemBAI/ToxCast_model/experiments/training/DART_MTL/results/backup/seed_1/TOX21_ERa_LUC_VM7_Agonist_10nM_ICI182780_logistic_MACCS/model.joblib
2	TOX21_ERa_LUC_VM7_Agonist_10nM_ICI182780	logistic	MACCS	/home1/won0316/_RESEARCH/0817_Genotoxicity/1_Git_upload/ChemBAI/ToxCast_model/experiments/training/DART_MTL/logs/seed_multi/multi_TOX21_ERa_LUC_VM7_Agonist_10nM_ICI182780_logistic_MACCS.log	/home1/won0316/_RESEARCH/0817_Genotoxicity/1_Git_upload/ChemBAI/ToxCast_model/experiments/training/DART_MTL/results/backup/seed_2/TOX21_ERa_LUC_VM7_Agonist_10nM_ICI182780_logistic_MACCS/model.joblib
0	TOX21_ERa_LUC_VM7_Agonist_10nM_ICI182780	logistic	Morgan	/home1/won0316/_RESEARCH/0817_Genotoxicity/1_Git_upload/ChemBAI/ToxCast_model/experiments/training/DART_MTL/logs/seed_multi/multi_TOX21_ERa_LUC_VM7_Agonist_10nM_ICI182780_logistic_Morgan.log	/home1/won0316/_RESEARCH/0817_Genotoxicity/1_Git_upload/ChemBAI/ToxCast_model/experiments/training/DART_MTL/results/backup/seed_0/TOX21_ERa_LUC_VM7_Agonist_10nM_ICI182780_logistic_Morgan/model.joblib
1	TOX21_ERa_LUC_VM7_Agonist_10nM_ICI182780	logistic	Morgan	/home1/won0316/_RESEARCH/0817_Genotoxicity/1_Git_upload/ChemBAI/ToxCast_model/experiments/training/DART_MTL/logs/seed_multi/multi_TOX21_ERa_LUC_VM7_Agonist_10nM_ICI182780_logistic_Morgan.log	/home1/won0316/_RESEARCH/0817_Genotoxicity/1_Git_upload/ChemBAI/ToxCast_model/experiments/training/DART_MTL/results/backup/seed_1/TOX21_ERa_LUC_VM7_Agonist_10nM_ICI182780_logistic_Morgan/model.joblib
2	TOX21_ERa_LUC_VM7_Agonist_10nM_ICI182780	logistic	Morgan	/home1/won0316/_RESEARCH/0817_Genotoxicity/1_Git_upload/ChemBAI/ToxCast_model/experiments/training/DART_MTL/logs/seed_multi/multi_TOX21_ERa_LUC_VM7_Agonist_10nM_ICI182780_logistic_Morgan.log	/home1/won0316/_RESEARCH/0817_Genotoxicity/1_Git_upload/ChemBAI/ToxCast_model/experiments/training/DART_MTL/results/backup/seed_2/TOX21_ERa_LUC_VM7_Agonist_10nM_ICI182780_logistic_Morgan/model.joblib
0	TOX21_ERa_LUC_VM7_Agonist_10nM_ICI182780	logistic	Pattern	/home1/won0316/_RESEARCH/0817_Genotoxicity/1_Git_upload/ChemBAI/ToxCast_model/experiments/training/DART_MTL/logs/seed_multi/multi_TOX21_ERa_LUC_VM7_Agonist_10nM_ICI182780_logistic_Pattern.log	/home1/won0316/_RESEARCH/0817_Genotoxicity/1_Git_upload/ChemBAI/ToxCast_model/experiments/training/DART_MTL/results/backup/seed_0/TOX21_ERa_LUC_VM7_Agonist_10nM_ICI182780_logistic_Pattern/model.joblib
1	TOX21_ERa_LUC_VM7_Agonist_10nM_ICI182780	logistic	Pattern	/home1/won0316/_RESEARCH/0817_Genotoxicity/1_Git_upload/ChemBAI/ToxCast_model/experiments/training/DART_MTL/logs/seed_multi/multi_TOX21_ERa_LUC_VM7_Agonist_10nM_ICI182780_logistic_Pattern.log	/home1/won0316/_RESEARCH/0817_Genotoxicity/1_Git_upload/ChemBAI/ToxCast_model/experiments/training/DART_MTL/results/backup/seed_1/TOX21_ERa_LUC_VM7_Agonist_10nM_ICI182780_logistic_Pattern/model.joblib
2	TOX21_ERa_LUC_VM7_Agonist_10nM_ICI182780	logistic	Pattern	/home1/won0316/_RESEARCH/0817_Genotoxicity/1_Git_upload/ChemBAI/ToxCast_model/experiments/training/DART_MTL/logs/seed_multi/multi_TOX21_ERa_LUC_VM7_Agonist_10nM_ICI182780_logistic_Pattern.log	/home1/won0316/_RESEARCH/0817_Genotoxicity/1_Git_upload/ChemBAI/ToxCast_model/experiments/training/DART_MTL/results/backup/seed_2/TOX21_ERa_LUC_VM7_Agonist_10nM_ICI182780_logistic_Pattern/model.joblib
0	TOX21_ERa_LUC_VM7_Agonist_10nM_ICI182780	logistic	RDKit	/home1/won0316/_RESEARCH/0817_Genotoxicity/1_Git_upload/ChemBAI/ToxCast_model/experiments/training/DART_MTL/logs/seed_multi/multi_TOX21_ERa_LUC_VM7_Agonist_10nM_ICI182780_logistic_RDKit.log	/home1/won0316/_RESEARCH/0817_Genotoxicity/1_Git_upload/ChemBAI/ToxCast_model/experiments/training/DART_MTL/results/backup/seed_0/TOX21_ERa_LUC_VM7_Agonist_10nM_ICI182780_logistic_RDKit/model.joblib
1	TOX21_ERa_LUC_VM7_Agonist_10nM_ICI182780	logistic	RDKit	/home1/won0316/_RESEARCH/0817_Genotoxicity/1_Git_upload/ChemBAI/ToxCast_model/experiments/training/DART_MTL/logs/seed_multi/multi_TOX21_ERa_LUC_VM7_Agonist_10nM_ICI182780_logistic_RDKit.log	/home1/won0316/_RESEARCH/0817_Genotoxicity/1_Git_upload/ChemBAI/ToxCast_model/experiments/training/DART_MTL/results/backup/seed_1/TOX21_ERa_LUC_VM7_Agonist_10nM_ICI182780_logistic_RDKit/model.joblib
2	TOX21_ERa_LUC_VM7_Agonist_10nM_ICI182780	logistic	RDKit	/home1/won0316/_RESEARCH/0817_Genotoxicity/1_Git_upload/ChemBAI/ToxCast_model/experiments/training/DART_MTL/logs/seed_multi/multi_TOX21_ERa_LUC_VM7_Agonist_10nM_ICI182780_logistic_RDKit.log	/home1/won0316/_RESEARCH/0817_Genotoxicity/1_Git_upload/ChemBAI/ToxCast_model/experiments/training/DART_MTL/results/backup/seed_2/TOX21_ERa_LUC_VM7_Agonist_10nM_ICI182780_logistic_RDKit/model.joblib
0	TOX21_ERa_LUC_VM7_Agonist_10nM_ICI182780	rf	Layered	/home1/won0316/_RESEARCH/0817_Genotoxicity/1_Git_upload/ChemBAI/ToxCast_model/experiments/training/DART_MTL/logs/seed_multi/multi_TOX21_ERa_LUC_VM7_Agonist_10nM_ICI182780_rf_Layered.log	/home1/won0316/_RESEARCH/0817_Genotoxicity/1_Git_upload/ChemBAI/ToxCast_model/experiments/training/DART_MTL/results/backup/seed_0/TOX21_ERa_LUC_VM7_Agonist_10nM_ICI182780_rf_Layered/model.joblib
1	TOX21_ERa_LUC_VM7_Agonist_10nM_ICI182780	rf	Layered	/home1/won0316/_RESEARCH/0817_Genotoxicity/1_Git_upload/ChemBAI/ToxCast_model/experiments/training/DART_MTL/logs/seed_multi/multi_TOX21_ERa_LUC_VM7_Agonist_10nM_ICI182780_rf_Layered.log	/home1/won0316/_RESEARCH/0817_Genotoxicity/1_Git_upload/ChemBAI/ToxCast_model/experiments/training/DART_MTL/results/backup/seed_1/TOX21_ERa_LUC_VM7_Agonist_10nM_ICI182780_rf_Layered/model.joblib
2	TOX21_ERa_LUC_VM7_Agonist_10nM_ICI182780	rf	Layered	/home1/won0316/_RESEARCH/0817_Genotoxicity/1_Git_upload/ChemBAI/ToxCast_model/experiments/training/DART_MTL/logs/seed_multi/multi_TOX21_ERa_LUC_VM7_Agonist_10nM_ICI182780_rf_Layered.log	/home1/won0316/_RESEARCH/0817_Genotoxicity/1_Git_upload/ChemBAI/ToxCast_model/experiments/training/DART_MTL/results/backup/seed_2/TOX21_ERa_LUC_VM7_Agonist_10nM_ICI182780_rf_Layered/model.joblib
0	TOX21_ERa_LUC_VM7_Agonist_10nM_ICI182780	rf	MACCS	/home1/won0316/_RESEARCH/0817_Genotoxicity/1_Git_upload/ChemBAI/ToxCast_model/experiments/training/DART_MTL/logs/seed_multi/multi_TOX21_ERa_LUC_VM7_Agonist_10nM_ICI182780_rf_MACCS.log	/home1/won0316/_RESEARCH/0817_Genotoxicity/1_Git_upload/ChemBAI/ToxCast_model/experiments/training/DART_MTL/results/backup/seed_0/TOX21_ERa_LUC_VM7_Agonist_10nM_ICI182780_rf_MACCS/model.joblib
1	TOX21_ERa_LUC_VM7_Agonist_10nM_ICI182780	rf	MACCS	/home1/won0316/_RESEARCH/0817_Genotoxicity/1_Git_upload/ChemBAI/ToxCast_model/experiments/training/DART_MTL/logs/seed_multi/multi_TOX21_ERa_LUC_VM7_Agonist_10nM_ICI182780_rf_MACCS.log	/home1/won0316/_RESEARCH/0817_Genotoxicity/1_Git_upload/ChemBAI/ToxCast_model/experiments/training/DART_MTL/results/backup/seed_1/TOX21_ERa_LUC_VM7_Agonist_10nM_ICI182780_rf_MACCS/model.joblib
2	TOX21_ERa_LUC_VM7_Agonist_10nM_ICI182780	rf	MACCS	/home1/won0316/_RESEARCH/0817_Genotoxicity/1_Git_upload/ChemBAI/ToxCast_model/experiments/training/DART_MTL/logs/seed_multi/multi_TOX21_ERa_LUC_VM7_Agonist_10nM_ICI182780_rf_MACCS.log	/home1/won0316/_RESEARCH/0817_Genotoxicity/1_Git_upload/ChemBAI/ToxCast_model/experiments/training/DART_MTL/results/backup/seed_2/TOX21_ERa_LUC_VM7_Agonist_10nM_ICI182780_rf_MACCS/model.joblib
0	TOX21_ERa_LUC_VM7_Agonist_10nM_ICI182780	rf	Morgan	/home1/won0316/_RESEARCH/0817_Genotoxicity/1_Git_upload/ChemBAI/ToxCast_model/experiments/training/DART_MTL/logs/seed_multi/multi_TOX21_ERa_LUC_VM7_Agonist_10nM_ICI182780_rf_Morgan.log	/home1/won0316/_RESEARCH/0817_Genotoxicity/1_Git_upload/ChemBAI/ToxCast_model/experiments/training/DART_MTL/results/backup/seed_0/TOX21_ERa_LUC_VM7_Agonist_10nM_ICI182780_rf_Morgan/model.joblib
1	TOX21_ERa_LUC_VM7_Agonist_10nM_ICI182780	rf	Morgan	/home1/won0316/_RESEARCH/0817_Genotoxicity/1_Git_upload/ChemBAI/ToxCast_model/experiments/training/DART_MTL/logs/seed_multi/multi_TOX21_ERa_LUC_VM7_Agonist_10nM_ICI182780_rf_Morgan.log	/home1/won0316/_RESEARCH/0817_Genotoxicity/1_Git_upload/ChemBAI/ToxCast_model/experiments/training/DART_MTL/results/backup/seed_1/TOX21_ERa_LUC_VM7_Agonist_10nM_ICI182780_rf_Morgan/model.joblib
2	TOX21_ERa_LUC_VM7_Agonist_10nM_ICI182780	rf	Morgan	/home1/won0316/_RESEARCH/0817_Genotoxicity/1_Git_upload/ChemBAI/ToxCast_model/experiments/training/DART_MTL/logs/seed_multi/multi_TOX21_ERa_LUC_VM7_Agonist_10nM_ICI182780_rf_Morgan.log	/home1/won0316/_RESEARCH/0817_Genotoxicity/1_Git_upload/ChemBAI/ToxCast_model/experiments/training/DART_MTL/results/backup/seed_2/TOX21_ERa_LUC_VM7_Agonist_10nM_ICI182780_rf_Morgan/model.joblib
0	TOX21_ERa_LUC_VM7_Agonist_10nM_ICI182780	rf	Pattern	/home1/won0316/_RESEARCH/0817_Genotoxicity/1_Git_upload/ChemBAI/ToxCast_model/experiments/training/DART_MTL/logs/seed_multi/multi_TOX21_ERa_LUC_VM7_Agonist_10nM_ICI182780_rf_Pattern.log	/home1/won0316/_RESEARCH/0817_Genotoxicity/1_Git_upload/ChemBAI/ToxCast_model/experiments/training/DART_MTL/results/backup/seed_0/TOX21_ERa_LUC_VM7_Agonist_10nM_ICI182780_rf_Pattern/model.joblib
1	TOX21_ERa_LUC_VM7_Agonist_10nM_ICI182780	rf	Pattern	/home1/won0316/_RESEARCH/0817_Genotoxicity/1_Git_upload/ChemBAI/ToxCast_model/experiments/training/DART_MTL/logs/seed_multi/multi_TOX21_ERa_LUC_VM7_Agonist_10nM_ICI182780_rf_Pattern.log	/home1/won0316/_RESEARCH/0817_Genotoxicity/1_Git_upload/ChemBAI/ToxCast_model/experiments/training/DART_MTL/results/backup/seed_1/TOX21_ERa_LUC_VM7_Agonist_10nM_ICI182780_rf_Pattern/model.joblib
2	TOX21_ERa_LUC_VM7_Agonist_10nM_ICI182780	rf	Pattern	/home1/won0316/_RESEARCH/0817_Genotoxicity/1_Git_upload/ChemBAI/ToxCast_model/experiments/training/DART_MTL/logs/seed_multi/multi_TOX21_ERa_LUC_VM7_Agonist_10nM_ICI182780_rf_Pattern.log	/home1/won0316/_RESEARCH/0817_Genotoxicity/1_Git_upload/ChemBAI/ToxCast_model/experiments/training/DART_MTL/results/backup/seed_2/TOX21_ERa_LUC_VM7_Agonist_10nM_ICI182780_rf_Pattern/model.joblib
0	TOX21_ERa_LUC_VM7_Agonist_10nM_ICI182780	rf	RDKit	/home1/won0316/_RESEARCH/0817_Genotoxicity/1_Git_upload/ChemBAI/ToxCast_model/experiments/training/DART_MTL/logs/seed_multi/multi_TOX21_ERa_LUC_VM7_Agonist_10nM_ICI182780_rf_RDKit.log	/home1/won0316/_RESEARCH/0817_Genotoxicity/1_Git_upload/ChemBAI/ToxCast_model/experiments/training/DART_MTL/results/backup/seed_0/TOX21_ERa_LUC_VM7_Agonist_10nM_ICI182780_rf_RDKit/model.joblib
1	TOX21_ERa_LUC_VM7_Agonist_10nM_ICI182780	rf	RDKit	/home1/won0316/_RESEARCH/0817_Genotoxicity/1_Git_upload/ChemBAI/ToxCast_model/experiments/training/DART_MTL/logs/seed_multi/multi_TOX21_ERa_LUC_VM7_Agonist_10nM_ICI182780_rf_RDKit.log	/home1/won0316/_RESEARCH/0817_Genotoxicity/1_Git_upload/ChemBAI/ToxCast_model/experiments/training/DART_MTL/results/backup/seed_1/TOX21_ERa_LUC_VM7_Agonist_10nM_ICI182780_rf_RDKit/model.joblib
2	TOX21_ERa_LUC_VM7_Agonist_10nM_ICI182780	rf	RDKit	/home1/won0316/_RESEARCH/0817_Genotoxicity/1_Git_upload/ChemBAI/ToxCast_model/experiments/training/DART_MTL/logs/seed_multi/multi_TOX21_ERa_LUC_VM7_Agonist_10nM_ICI182780_rf_RDKit.log	/home1/won0316/_RESEARCH/0817_Genotoxicity/1_Git_upload/ChemBAI/ToxCast_model/experiments/training/DART_MTL/results/backup/seed_2/TOX21_ERa_LUC_VM7_Agonist_10nM_ICI182780_rf_RDKit/model.joblib
0	TOX21_ERa_LUC_VM7_Agonist_10nM_ICI182780	xgb	Layered	/home1/won0316/_RESEARCH/0817_Genotoxicity/1_Git_upload/ChemBAI/ToxCast_model/experiments/training/DART_MTL/logs/seed_multi/multi_TOX21_ERa_LUC_VM7_Agonist_10nM_ICI182780_xgb_Layered.log	/home1/won0316/_RESEARCH/0817_Genotoxicity/1_Git_upload/ChemBAI/ToxCast_model/experiments/training/DART_MTL/results/backup/seed_0/TOX21_ERa_LUC_VM7_Agonist_10nM_ICI182780_xgb_Layered/model.joblib
1	TOX21_ERa_LUC_VM7_Agonist_10nM_ICI182780	xgb	Layered	/home1/won0316/_RESEARCH/0817_Genotoxicity/1_Git_upload/ChemBAI/ToxCast_model/experiments/training/DART_MTL/logs/seed_multi/multi_TOX21_ERa_LUC_VM7_Agonist_10nM_ICI182780_xgb_Layered.log	/home1/won0316/_RESEARCH/0817_Genotoxicity/1_Git_upload/ChemBAI/ToxCast_model/experiments/training/DART_MTL/results/backup/seed_1/TOX21_ERa_LUC_VM7_Agonist_10nM_ICI182780_xgb_Layered/model.joblib
2	TOX21_ERa_LUC_VM7_Agonist_10nM_ICI182780	xgb	Layered	/home1/won0316/_RESEARCH/0817_Genotoxicity/1_Git_upload/ChemBAI/ToxCast_model/experiments/training/DART_MTL/logs/seed_multi/multi_TOX21_ERa_LUC_VM7_Agonist_10nM_ICI182780_xgb_Layered.log	/home1/won0316/_RESEARCH/0817_Genotoxicity/1_Git_upload/ChemBAI/ToxCast_model/experiments/training/DART_MTL/results/backup/seed_2/TOX21_ERa_LUC_VM7_Agonist_10nM_ICI182780_xgb_Layered/model.joblib
0	TOX21_ERa_LUC_VM7_Agonist_10nM_ICI182780	xgb	MACCS	/home1/won0316/_RESEARCH/0817_Genotoxicity/1_Git_upload/ChemBAI/ToxCast_model/experiments/training/DART_MTL/logs/seed_multi/multi_TOX21_ERa_LUC_VM7_Agonist_10nM_ICI182780_xgb_MACCS.log	/home1/won0316/_RESEARCH/0817_Genotoxicity/1_Git_upload/ChemBAI/ToxCast_model/experiments/training/DART_MTL/results/backup/seed_0/TOX21_ERa_LUC_VM7_Agonist_10nM_ICI182780_xgb_MACCS/model.joblib
1	TOX21_ERa_LUC_VM7_Agonist_10nM_ICI182780	xgb	MACCS	/home1/won0316/_RESEARCH/0817_Genotoxicity/1_Git_upload/ChemBAI/ToxCast_model/experiments/training/DART_MTL/logs/seed_multi/multi_TOX21_ERa_LUC_VM7_Agonist_10nM_ICI182780_xgb_MACCS.log	/home1/won0316/_RESEARCH/0817_Genotoxicity/1_Git_upload/ChemBAI/ToxCast_model/experiments/training/DART_MTL/results/backup/seed_1/TOX21_ERa_LUC_VM7_Agonist_10nM_ICI182780_xgb_MACCS/model.joblib
2	TOX21_ERa_LUC_VM7_Agonist_10nM_ICI182780	xgb	MACCS	/home1/won0316/_RESEARCH/0817_Genotoxicity/1_Git_upload/ChemBAI/ToxCast_model/experiments/training/DART_MTL/logs/seed_multi/multi_TOX21_ERa_LUC_VM7_Agonist_10nM_ICI182780_xgb_MACCS.log	/home1/won0316/_RESEARCH/0817_Genotoxicity/1_Git_upload/ChemBAI/ToxCast_model/experiments/training/DART_MTL/results/backup/seed_2/TOX21_ERa_LUC_VM7_Agonist_10nM_ICI182780_xgb_MACCS/model.joblib
0	TOX21_ERa_LUC_VM7_Agonist_10nM_ICI182780	xgb	Morgan	/home1/won0316/_RESEARCH/0817_Genotoxicity/1_Git_upload/ChemBAI/ToxCast_model/experiments/training/DART_MTL/logs/seed_multi/multi_TOX21_ERa_LUC_VM7_Agonist_10nM_ICI182780_xgb_Morgan.log	/home1/won0316/_RESEARCH/0817_Genotoxicity/1_Git_upload/ChemBAI/ToxCast_model/experiments/training/DART_MTL/results/backup/seed_0/TOX21_ERa_LUC_VM7_Agonist_10nM_ICI182780_xgb_Morgan/model.joblib
1	TOX21_ERa_LUC_VM7_Agonist_10nM_ICI182780	xgb	Morgan	/home1/won0316/_RESEARCH/0817_Genotoxicity/1_Git_upload/ChemBAI/ToxCast_model/experiments/training/DART_MTL/logs/seed_multi/multi_TOX21_ERa_LUC_VM7_Agonist_10nM_ICI182780_xgb_Morgan.log	/home1/won0316/_RESEARCH/0817_Genotoxicity/1_Git_upload/ChemBAI/ToxCast_model/experiments/training/DART_MTL/results/backup/seed_1/TOX21_ERa_LUC_VM7_Agonist_10nM_ICI182780_xgb_Morgan/model.joblib
2	TOX21_ERa_LUC_VM7_Agonist_10nM_ICI182780	xgb	Morgan	/home1/won0316/_RESEARCH/0817_Genotoxicity/1_Git_upload/ChemBAI/ToxCast_model/experiments/training/DART_MTL/logs/seed_multi/multi_TOX21_ERa_LUC_VM7_Agonist_10nM_ICI182780_xgb_Morgan.log	/home1/won0316/_RESEARCH/0817_Genotoxicity/1_Git_upload/ChemBAI/ToxCast_model/experiments/training/DART_MTL/results/backup/seed_2/TOX21_ERa_LUC_VM7_Agonist_10nM_ICI182780_xgb_Morgan/model.joblib
0	TOX21_ERa_LUC_VM7_Agonist_10nM_ICI182780	xgb	Pattern	/home1/won0316/_RESEARCH/0817_Genotoxicity/1_Git_upload/ChemBAI/ToxCast_model/experiments/training/DART_MTL/logs/seed_multi/multi_TOX21_ERa_LUC_VM7_Agonist_10nM_ICI182780_xgb_Pattern.log	/home1/won0316/_RESEARCH/0817_Genotoxicity/1_Git_upload/ChemBAI/ToxCast_model/experiments/training/DART_MTL/results/backup/seed_0/TOX21_ERa_LUC_VM7_Agonist_10nM_ICI182780_xgb_Pattern/model.joblib
1	TOX21_ERa_LUC_VM7_Agonist_10nM_ICI182780	xgb	Pattern	/home1/won0316/_RESEARCH/0817_Genotoxicity/1_Git_upload/ChemBAI/ToxCast_model/experiments/training/DART_MTL/logs/seed_multi/multi_TOX21_ERa_LUC_VM7_Agonist_10nM_ICI182780_xgb_Pattern.log	/home1/won0316/_RESEARCH/0817_Genotoxicity/1_Git_upload/ChemBAI/ToxCast_model/experiments/training/DART_MTL/results/backup/seed_1/TOX21_ERa_LUC_VM7_Agonist_10nM_ICI182780_xgb_Pattern/model.joblib
2	TOX21_ERa_LUC_VM7_Agonist_10nM_ICI182780	xgb	Pattern	/home1/won0316/_RESEARCH/0817_Genotoxicity/1_Git_upload/ChemBAI/ToxCast_model/experiments/training/DART_MTL/logs/seed_multi/multi_TOX21_ERa_LUC_VM7_Agonist_10nM_ICI182780_xgb_Pattern.log	/home1/won0316/_RESEARCH/0817_Genotoxicity/1_Git_upload/ChemBAI/ToxCast_model/experiments/training/DART_MTL/results/backup/seed_2/TOX21_ERa_LUC_VM7_Agonist_10nM_ICI182780_xgb_Pattern/model.joblib
0	TOX21_ERa_LUC_VM7_Agonist_10nM_ICI182780	xgb	RDKit	/home1/won0316/_RESEARCH/0817_Genotoxicity/1_Git_upload/ChemBAI/ToxCast_model/experiments/training/DART_MTL/logs/seed_multi/multi_TOX21_ERa_LUC_VM7_Agonist_10nM_ICI182780_xgb_RDKit.log	/home1/won0316/_RESEARCH/0817_Genotoxicity/1_Git_upload/ChemBAI/ToxCast_model/experiments/training/DART_MTL/results/backup/seed_0/TOX21_ERa_LUC_VM7_Agonist_10nM_ICI182780_xgb_RDKit/model.joblib
1	TOX21_ERa_LUC_VM7_Agonist_10nM_ICI182780	xgb	RDKit	/home1/won0316/_RESEARCH/0817_Genotoxicity/1_Git_upload/ChemBAI/ToxCast_model/experiments/training/DART_MTL/logs/seed_multi/multi_TOX21_ERa_LUC_VM7_Agonist_10nM_ICI182780_xgb_RDKit.log	/home1/won0316/_RESEARCH/0817_Genotoxicity/1_Git_upload/ChemBAI/ToxCast_model/experiments/training/DART_MTL/results/backup/seed_1/TOX21_ERa_LUC_VM7_Agonist_10nM_ICI182780_xgb_RDKit/model.joblib
2	TOX21_ERa_LUC_VM7_Agonist_10nM_ICI182780	xgb	RDKit	/home1/won0316/_RESEARCH/0817_Genotoxicity/1_Git_upload/ChemBAI/ToxCast_model/experiments/training/DART_MTL/logs/seed_multi/multi_TOX21_ERa_LUC_VM7_Agonist_10nM_ICI182780_xgb_RDKit.log	/home1/won0316/_RESEARCH/0817_Genotoxicity/1_Git_upload/ChemBAI/ToxCast_model/experiments/training/DART_MTL/results/backup/seed_2/TOX21_ERa_LUC_VM7_Agonist_10nM_ICI182780_xgb_RDKit/model.joblib
